ISO-10303-21;
HEADER;
/* Generated by software containing ST-Developer
 * from STEP Tools, Inc. (www.steptools.com) 
 */

FILE_DESCRIPTION(
/* description */ (''),
/* implementation_level */ '2;1');

FILE_NAME(
/* name */ 'Mimo Base simple.step',
/* time_stamp */ '2026-08-19T15:40:36+05:00',
/* author */ (''),
/* organization */ (''),
/* preprocessor_version */ 'ST-DEVELOPER v20.1',
/* originating_system */ 'Autodesk Translation Framework v15.8.0.0',
/* authorisation */ '');

FILE_SCHEMA (('AUTOMOTIVE_DESIGN { 1 0 10303 214 3 1 1 }'));
ENDSEC;

DATA;
#10=MECHANICAL_DESIGN_GEOMETRIC_PRESENTATION_REPRESENTATION('',(#13),#6281);
#11=SHAPE_REPRESENTATION_RELATIONSHIP('SRR','None',#6288,#12);
#12=ADVANCED_BREP_SHAPE_REPRESENTATION('',(#14),#6280);
#13=STYLED_ITEM('',(#6297),#14);
#14=MANIFOLD_SOLID_BREP('Body3',#3655);
#15=(
BOUNDED_SURFACE()
B_SPLINE_SURFACE(2,2,((#6112,#6113,#6114),(#6115,#6116,#6117),(#6118,#6119,
#6120)),.UNSPECIFIED.,.F.,.F.,.F.)
B_SPLINE_SURFACE_WITH_KNOTS((3,3),(3,3),(-1.5707963267949,0.),(-1.5707963267949,
0.),.UNSPECIFIED.)
GEOMETRIC_REPRESENTATION_ITEM()
RATIONAL_B_SPLINE_SURFACE(((1.,0.707106781186548,1.),(0.707106781186549,
0.500000000000001,0.707106781186549),(1.,0.707106781186548,1.)))
REPRESENTATION_ITEM('')
SURFACE()
);
#16=(
BOUNDED_SURFACE()
B_SPLINE_SURFACE(2,2,((#6135,#6136,#6137),(#6138,#6139,#6140),(#6141,#6142,
#6143)),.UNSPECIFIED.,.F.,.F.,.F.)
B_SPLINE_SURFACE_WITH_KNOTS((3,3),(3,3),(-1.5707963267949,0.),(0.,1.5707963267949),
 .UNSPECIFIED.)
GEOMETRIC_REPRESENTATION_ITEM()
RATIONAL_B_SPLINE_SURFACE(((1.,0.707106781186548,1.),(0.707106781186549,
0.500000000000001,0.707106781186549),(1.,0.707106781186548,1.)))
REPRESENTATION_ITEM('')
SURFACE()
);
#17=(
BOUNDED_SURFACE()
B_SPLINE_SURFACE(2,2,((#6155,#6156,#6157),(#6158,#6159,#6160),(#6161,#6162,
#6163)),.UNSPECIFIED.,.F.,.F.,.F.)
B_SPLINE_SURFACE_WITH_KNOTS((3,3),(3,3),(-1.5707963267949,0.),(1.5707963267949,
3.14159265358979),.UNSPECIFIED.)
GEOMETRIC_REPRESENTATION_ITEM()
RATIONAL_B_SPLINE_SURFACE(((1.,0.707106781186548,1.),(0.707106781186547,
0.5,0.707106781186547),(1.,0.707106781186548,1.)))
REPRESENTATION_ITEM('')
SURFACE()
);
#18=(
BOUNDED_SURFACE()
B_SPLINE_SURFACE(2,2,((#6175,#6176,#6177),(#6178,#6179,#6180),(#6181,#6182,
#6183)),.UNSPECIFIED.,.F.,.F.,.F.)
B_SPLINE_SURFACE_WITH_KNOTS((3,3),(3,3),(-1.5707963267949,0.),(-3.14159265358979,
-1.5707963267949),.UNSPECIFIED.)
GEOMETRIC_REPRESENTATION_ITEM()
RATIONAL_B_SPLINE_SURFACE(((1.,0.707106781186548,1.),(0.707106781186549,
0.500000000000001,0.707106781186549),(1.,0.707106781186548,1.)))
REPRESENTATION_ITEM('')
SURFACE()
);
#19=TOROIDAL_SURFACE('',#4032,3.,2.);
#20=TOROIDAL_SURFACE('',#4038,3.,2.);
#21=TOROIDAL_SURFACE('',#4044,3.00000000000002,2.);
#22=TOROIDAL_SURFACE('',#4050,3.,2.);
#23=FACE_BOUND('',#702,.T.);
#24=FACE_BOUND('',#705,.T.);
#25=FACE_BOUND('',#731,.T.);
#26=FACE_BOUND('',#732,.T.);
#27=FACE_BOUND('',#733,.T.);
#28=FACE_BOUND('',#734,.T.);
#29=FACE_BOUND('',#735,.T.);
#30=FACE_BOUND('',#736,.T.);
#31=FACE_BOUND('',#737,.T.);
#32=FACE_BOUND('',#738,.T.);
#33=FACE_BOUND('',#739,.T.);
#34=FACE_BOUND('',#740,.T.);
#35=FACE_BOUND('',#741,.T.);
#36=FACE_BOUND('',#742,.T.);
#37=FACE_BOUND('',#743,.T.);
#38=FACE_BOUND('',#744,.T.);
#39=FACE_BOUND('',#745,.T.);
#40=FACE_BOUND('',#746,.T.);
#41=FACE_BOUND('',#747,.T.);
#42=FACE_BOUND('',#748,.T.);
#43=FACE_BOUND('',#749,.T.);
#44=FACE_BOUND('',#750,.T.);
#45=FACE_BOUND('',#751,.T.);
#46=FACE_BOUND('',#752,.T.);
#47=FACE_BOUND('',#753,.T.);
#48=FACE_BOUND('',#754,.T.);
#49=FACE_BOUND('',#755,.T.);
#50=FACE_BOUND('',#756,.T.);
#51=FACE_BOUND('',#757,.T.);
#52=FACE_BOUND('',#758,.T.);
#53=FACE_BOUND('',#759,.T.);
#54=FACE_BOUND('',#760,.T.);
#55=FACE_BOUND('',#761,.T.);
#56=FACE_BOUND('',#762,.T.);
#57=FACE_BOUND('',#763,.T.);
#58=FACE_BOUND('',#764,.T.);
#59=FACE_BOUND('',#765,.T.);
#60=FACE_BOUND('',#766,.T.);
#61=FACE_BOUND('',#767,.T.);
#62=FACE_BOUND('',#768,.T.);
#63=FACE_BOUND('',#769,.T.);
#64=FACE_BOUND('',#770,.T.);
#65=FACE_BOUND('',#771,.T.);
#66=FACE_BOUND('',#772,.T.);
#67=FACE_BOUND('',#773,.T.);
#68=FACE_BOUND('',#774,.T.);
#69=FACE_BOUND('',#775,.T.);
#70=FACE_BOUND('',#776,.T.);
#71=FACE_BOUND('',#777,.T.);
#72=FACE_BOUND('',#778,.T.);
#73=FACE_BOUND('',#779,.T.);
#74=FACE_BOUND('',#780,.T.);
#75=FACE_BOUND('',#781,.T.);
#76=FACE_BOUND('',#782,.T.);
#77=FACE_BOUND('',#783,.T.);
#78=FACE_BOUND('',#784,.T.);
#79=FACE_BOUND('',#785,.T.);
#80=FACE_BOUND('',#786,.T.);
#81=FACE_BOUND('',#787,.T.);
#82=FACE_BOUND('',#788,.T.);
#83=FACE_BOUND('',#789,.T.);
#84=FACE_BOUND('',#790,.T.);
#85=FACE_BOUND('',#791,.T.);
#86=FACE_BOUND('',#792,.T.);
#87=FACE_BOUND('',#793,.T.);
#88=FACE_BOUND('',#794,.T.);
#89=FACE_BOUND('',#795,.T.);
#90=FACE_BOUND('',#796,.T.);
#91=FACE_BOUND('',#797,.T.);
#92=FACE_BOUND('',#798,.T.);
#93=FACE_BOUND('',#799,.T.);
#94=FACE_BOUND('',#800,.T.);
#95=FACE_BOUND('',#801,.T.);
#96=FACE_BOUND('',#802,.T.);
#97=FACE_BOUND('',#803,.T.);
#98=FACE_BOUND('',#804,.T.);
#99=FACE_BOUND('',#805,.T.);
#100=FACE_BOUND('',#806,.T.);
#101=FACE_BOUND('',#807,.T.);
#102=FACE_BOUND('',#808,.T.);
#103=FACE_BOUND('',#809,.T.);
#104=FACE_BOUND('',#810,.T.);
#105=FACE_BOUND('',#811,.T.);
#106=FACE_BOUND('',#812,.T.);
#107=FACE_BOUND('',#813,.T.);
#108=FACE_BOUND('',#814,.T.);
#109=FACE_BOUND('',#817,.T.);
#110=FACE_BOUND('',#818,.T.);
#111=FACE_BOUND('',#822,.T.);
#112=FACE_BOUND('',#823,.T.);
#113=FACE_BOUND('',#824,.T.);
#114=FACE_BOUND('',#826,.T.);
#115=FACE_BOUND('',#827,.T.);
#116=FACE_BOUND('',#828,.T.);
#117=FACE_BOUND('',#829,.T.);
#118=FACE_BOUND('',#832,.T.);
#119=FACE_BOUND('',#835,.T.);
#120=FACE_BOUND('',#838,.T.);
#121=FACE_BOUND('',#841,.T.);
#122=FACE_BOUND('',#842,.T.);
#123=FACE_BOUND('',#843,.T.);
#124=FACE_BOUND('',#844,.T.);
#125=FACE_BOUND('',#845,.T.);
#126=FACE_BOUND('',#846,.T.);
#127=FACE_BOUND('',#847,.T.);
#128=FACE_BOUND('',#848,.T.);
#129=FACE_BOUND('',#849,.T.);
#130=FACE_BOUND('',#850,.T.);
#131=FACE_BOUND('',#851,.T.);
#132=FACE_BOUND('',#852,.T.);
#133=FACE_BOUND('',#853,.T.);
#134=FACE_BOUND('',#854,.T.);
#135=FACE_BOUND('',#855,.T.);
#136=FACE_BOUND('',#856,.T.);
#137=FACE_BOUND('',#857,.T.);
#138=FACE_BOUND('',#858,.T.);
#139=FACE_BOUND('',#859,.T.);
#140=FACE_BOUND('',#860,.T.);
#141=FACE_BOUND('',#861,.T.);
#142=FACE_BOUND('',#862,.T.);
#143=FACE_BOUND('',#863,.T.);
#144=FACE_BOUND('',#864,.T.);
#145=FACE_BOUND('',#865,.T.);
#146=FACE_BOUND('',#866,.T.);
#147=FACE_BOUND('',#867,.T.);
#148=FACE_BOUND('',#868,.T.);
#149=FACE_BOUND('',#869,.T.);
#150=FACE_BOUND('',#870,.T.);
#151=FACE_BOUND('',#871,.T.);
#152=FACE_BOUND('',#872,.T.);
#153=FACE_BOUND('',#873,.T.);
#154=FACE_BOUND('',#874,.T.);
#155=FACE_BOUND('',#875,.T.);
#156=FACE_BOUND('',#876,.T.);
#157=FACE_BOUND('',#877,.T.);
#158=FACE_BOUND('',#878,.T.);
#159=FACE_BOUND('',#879,.T.);
#160=FACE_BOUND('',#880,.T.);
#161=FACE_BOUND('',#881,.T.);
#162=FACE_BOUND('',#882,.T.);
#163=FACE_BOUND('',#883,.T.);
#164=FACE_BOUND('',#884,.T.);
#165=FACE_BOUND('',#885,.T.);
#166=FACE_BOUND('',#886,.T.);
#167=FACE_BOUND('',#887,.T.);
#168=FACE_BOUND('',#888,.T.);
#169=FACE_BOUND('',#889,.T.);
#170=FACE_BOUND('',#890,.T.);
#171=FACE_BOUND('',#891,.T.);
#172=FACE_BOUND('',#892,.T.);
#173=FACE_BOUND('',#893,.T.);
#174=FACE_BOUND('',#894,.T.);
#175=FACE_BOUND('',#895,.T.);
#176=FACE_BOUND('',#896,.T.);
#177=FACE_BOUND('',#897,.T.);
#178=FACE_BOUND('',#898,.T.);
#179=FACE_BOUND('',#899,.T.);
#180=FACE_BOUND('',#900,.T.);
#181=FACE_BOUND('',#901,.T.);
#182=FACE_BOUND('',#902,.T.);
#183=FACE_BOUND('',#903,.T.);
#184=FACE_BOUND('',#904,.T.);
#185=FACE_BOUND('',#905,.T.);
#186=FACE_BOUND('',#906,.T.);
#187=FACE_BOUND('',#907,.T.);
#188=FACE_BOUND('',#908,.T.);
#189=FACE_BOUND('',#909,.T.);
#190=FACE_BOUND('',#910,.T.);
#191=FACE_BOUND('',#911,.T.);
#192=FACE_BOUND('',#912,.T.);
#193=FACE_BOUND('',#913,.T.);
#194=FACE_BOUND('',#914,.T.);
#195=FACE_BOUND('',#915,.T.);
#196=FACE_BOUND('',#916,.T.);
#197=FACE_BOUND('',#917,.T.);
#198=FACE_BOUND('',#918,.T.);
#199=FACE_BOUND('',#919,.T.);
#200=FACE_BOUND('',#920,.T.);
#201=FACE_BOUND('',#921,.T.);
#202=FACE_BOUND('',#922,.T.);
#203=FACE_BOUND('',#923,.T.);
#204=FACE_BOUND('',#924,.T.);
#205=FACE_BOUND('',#926,.T.);
#206=FACE_BOUND('',#929,.T.);
#207=FACE_BOUND('',#930,.T.);
#208=PLANE('',#3677);
#209=PLANE('',#3681);
#210=PLANE('',#3688);
#211=PLANE('',#3692);
#212=PLANE('',#3696);
#213=PLANE('',#3700);
#214=PLANE('',#3701);
#215=PLANE('',#3705);
#216=PLANE('',#3712);
#217=PLANE('',#3716);
#218=PLANE('',#3717);
#219=PLANE('',#3721);
#220=PLANE('',#3725);
#221=PLANE('',#3732);
#222=PLANE('',#3736);
#223=PLANE('',#3740);
#224=PLANE('',#3741);
#225=PLANE('',#3742);
#226=PLANE('',#3743);
#227=PLANE('',#3744);
#228=PLANE('',#3997);
#229=PLANE('',#4001);
#230=PLANE('',#4005);
#231=PLANE('',#4009);
#232=PLANE('',#4016);
#233=PLANE('',#4020);
#234=PLANE('',#4024);
#235=PLANE('',#4028);
#236=PLANE('',#4053);
#237=PLANE('',#4056);
#238=PLANE('',#4059);
#239=PLANE('',#4062);
#240=PLANE('',#4085);
#241=PLANE('',#4088);
#242=PLANE('',#4091);
#243=PLANE('',#4092);
#244=PLANE('',#4099);
#245=PLANE('',#4105);
#246=PLANE('',#4107);
#247=PLANE('',#4109);
#248=PLANE('',#4111);
#249=PLANE('',#4112);
#250=PLANE('',#4114);
#251=CYLINDRICAL_SURFACE('',#3671,1.);
#252=CYLINDRICAL_SURFACE('',#3675,1.);
#253=CYLINDRICAL_SURFACE('',#3678,2.99999999999998);
#254=CYLINDRICAL_SURFACE('',#3682,2.99999999999997);
#255=CYLINDRICAL_SURFACE('',#3685,2.99999999999998);
#256=CYLINDRICAL_SURFACE('',#3689,2.99999999999998);
#257=CYLINDRICAL_SURFACE('',#3693,1.09999999999999);
#258=CYLINDRICAL_SURFACE('',#3697,1.1);
#259=CYLINDRICAL_SURFACE('',#3702,3.00000000000001);
#260=CYLINDRICAL_SURFACE('',#3706,3.);
#261=CYLINDRICAL_SURFACE('',#3709,3.00000000000001);
#262=CYLINDRICAL_SURFACE('',#3713,3.00000000000001);
#263=CYLINDRICAL_SURFACE('',#3718,2.99999999999998);
#264=CYLINDRICAL_SURFACE('',#3722,3.);
#265=CYLINDRICAL_SURFACE('',#3726,2.99999999999997);
#266=CYLINDRICAL_SURFACE('',#3729,2.99999999999997);
#267=CYLINDRICAL_SURFACE('',#3733,11.5);
#268=CYLINDRICAL_SURFACE('',#3737,11.5);
#269=CYLINDRICAL_SURFACE('',#3745,0.999999999999996);
#270=CYLINDRICAL_SURFACE('',#3748,1.00000000000001);
#271=CYLINDRICAL_SURFACE('',#3751,0.999999999999996);
#272=CYLINDRICAL_SURFACE('',#3754,1.00000000000001);
#273=CYLINDRICAL_SURFACE('',#3757,0.999999999999996);
#274=CYLINDRICAL_SURFACE('',#3760,1.00000000000001);
#275=CYLINDRICAL_SURFACE('',#3763,0.999999999999996);
#276=CYLINDRICAL_SURFACE('',#3766,0.999999999999996);
#277=CYLINDRICAL_SURFACE('',#3769,0.999999999999996);
#278=CYLINDRICAL_SURFACE('',#3772,0.999999999999996);
#279=CYLINDRICAL_SURFACE('',#3775,1.00000000000001);
#280=CYLINDRICAL_SURFACE('',#3778,1.00000000000001);
#281=CYLINDRICAL_SURFACE('',#3781,0.999999999999996);
#282=CYLINDRICAL_SURFACE('',#3784,0.999999999999996);
#283=CYLINDRICAL_SURFACE('',#3787,0.999999999999996);
#284=CYLINDRICAL_SURFACE('',#3790,0.999999999999996);
#285=CYLINDRICAL_SURFACE('',#3793,1.00000000000001);
#286=CYLINDRICAL_SURFACE('',#3796,1.00000000000001);
#287=CYLINDRICAL_SURFACE('',#3799,1.00000000000001);
#288=CYLINDRICAL_SURFACE('',#3802,0.999999999999996);
#289=CYLINDRICAL_SURFACE('',#3805,0.999999999999996);
#290=CYLINDRICAL_SURFACE('',#3808,0.999999999999996);
#291=CYLINDRICAL_SURFACE('',#3811,0.999999999999996);
#292=CYLINDRICAL_SURFACE('',#3814,1.00000000000001);
#293=CYLINDRICAL_SURFACE('',#3817,1.00000000000001);
#294=CYLINDRICAL_SURFACE('',#3820,1.00000000000001);
#295=CYLINDRICAL_SURFACE('',#3823,0.999999999999996);
#296=CYLINDRICAL_SURFACE('',#3826,0.999999999999996);
#297=CYLINDRICAL_SURFACE('',#3829,0.999999999999996);
#298=CYLINDRICAL_SURFACE('',#3832,1.00000000000001);
#299=CYLINDRICAL_SURFACE('',#3835,1.00000000000001);
#300=CYLINDRICAL_SURFACE('',#3838,0.999999999999996);
#301=CYLINDRICAL_SURFACE('',#3841,0.999999999999996);
#302=CYLINDRICAL_SURFACE('',#3844,0.999999999999996);
#303=CYLINDRICAL_SURFACE('',#3847,0.999999999999996);
#304=CYLINDRICAL_SURFACE('',#3850,0.999999999999996);
#305=CYLINDRICAL_SURFACE('',#3853,0.999999999999996);
#306=CYLINDRICAL_SURFACE('',#3856,0.999999999999996);
#307=CYLINDRICAL_SURFACE('',#3859,0.999999999999996);
#308=CYLINDRICAL_SURFACE('',#3862,0.999999999999996);
#309=CYLINDRICAL_SURFACE('',#3865,0.999999999999996);
#310=CYLINDRICAL_SURFACE('',#3868,1.00000000000001);
#311=CYLINDRICAL_SURFACE('',#3871,0.999999999999996);
#312=CYLINDRICAL_SURFACE('',#3874,1.00000000000001);
#313=CYLINDRICAL_SURFACE('',#3877,0.999999999999996);
#314=CYLINDRICAL_SURFACE('',#3880,0.999999999999996);
#315=CYLINDRICAL_SURFACE('',#3883,1.00000000000001);
#316=CYLINDRICAL_SURFACE('',#3886,0.999999999999996);
#317=CYLINDRICAL_SURFACE('',#3889,0.999999999999996);
#318=CYLINDRICAL_SURFACE('',#3892,0.999999999999996);
#319=CYLINDRICAL_SURFACE('',#3895,0.999999999999996);
#320=CYLINDRICAL_SURFACE('',#3898,0.999999999999996);
#321=CYLINDRICAL_SURFACE('',#3901,0.999999999999996);
#322=CYLINDRICAL_SURFACE('',#3904,1.00000000000001);
#323=CYLINDRICAL_SURFACE('',#3907,0.999999999999996);
#324=CYLINDRICAL_SURFACE('',#3910,0.999999999999996);
#325=CYLINDRICAL_SURFACE('',#3913,0.999999999999996);
#326=CYLINDRICAL_SURFACE('',#3916,0.999999999999996);
#327=CYLINDRICAL_SURFACE('',#3919,1.00000000000001);
#328=CYLINDRICAL_SURFACE('',#3922,1.00000000000001);
#329=CYLINDRICAL_SURFACE('',#3925,1.00000000000001);
#330=CYLINDRICAL_SURFACE('',#3928,1.00000000000001);
#331=CYLINDRICAL_SURFACE('',#3931,0.999999999999996);
#332=CYLINDRICAL_SURFACE('',#3934,1.00000000000001);
#333=CYLINDRICAL_SURFACE('',#3937,0.999999999999996);
#334=CYLINDRICAL_SURFACE('',#3940,1.00000000000001);
#335=CYLINDRICAL_SURFACE('',#3943,1.00000000000001);
#336=CYLINDRICAL_SURFACE('',#3946,1.00000000000001);
#337=CYLINDRICAL_SURFACE('',#3949,0.999999999999996);
#338=CYLINDRICAL_SURFACE('',#3952,0.999999999999996);
#339=CYLINDRICAL_SURFACE('',#3955,0.999999999999996);
#340=CYLINDRICAL_SURFACE('',#3958,1.00000000000001);
#341=CYLINDRICAL_SURFACE('',#3961,0.999999999999996);
#342=CYLINDRICAL_SURFACE('',#3964,0.999999999999996);
#343=CYLINDRICAL_SURFACE('',#3967,1.00000000000001);
#344=CYLINDRICAL_SURFACE('',#3970,0.999999999999996);
#345=CYLINDRICAL_SURFACE('',#3973,0.999999999999996);
#346=CYLINDRICAL_SURFACE('',#3976,0.999999999999996);
#347=CYLINDRICAL_SURFACE('',#3979,1.00000000000001);
#348=CYLINDRICAL_SURFACE('',#3982,0.999999999999996);
#349=CYLINDRICAL_SURFACE('',#3985,1.00000000000001);
#350=CYLINDRICAL_SURFACE('',#3988,0.999999999999996);
#351=CYLINDRICAL_SURFACE('',#3991,0.999999999999996);
#352=CYLINDRICAL_SURFACE('',#3994,1.00000000000001);
#353=CYLINDRICAL_SURFACE('',#3998,2.99999999999994);
#354=CYLINDRICAL_SURFACE('',#4002,2.99999999999999);
#355=CYLINDRICAL_SURFACE('',#4006,3.00000000000002);
#356=CYLINDRICAL_SURFACE('',#4010,2.99999999999999);
#357=CYLINDRICAL_SURFACE('',#4013,1.5);
#358=CYLINDRICAL_SURFACE('',#4017,1.5);
#359=CYLINDRICAL_SURFACE('',#4021,1.5);
#360=CYLINDRICAL_SURFACE('',#4025,1.5);
#361=CYLINDRICAL_SURFACE('',#4029,2.);
#362=CYLINDRICAL_SURFACE('',#4036,2.);
#363=CYLINDRICAL_SURFACE('',#4042,2.);
#364=CYLINDRICAL_SURFACE('',#4048,2.);
#365=CYLINDRICAL_SURFACE('',#4054,3.00000000000002);
#366=CYLINDRICAL_SURFACE('',#4057,3.);
#367=CYLINDRICAL_SURFACE('',#4060,3.);
#368=CYLINDRICAL_SURFACE('',#4063,3.);
#369=CYLINDRICAL_SURFACE('',#4069,9.);
#370=CYLINDRICAL_SURFACE('',#4074,9.);
#371=CYLINDRICAL_SURFACE('',#4079,9.);
#372=CYLINDRICAL_SURFACE('',#4084,9.);
#373=CYLINDRICAL_SURFACE('',#4086,12.);
#374=CYLINDRICAL_SURFACE('',#4089,12.);
#375=CYLINDRICAL_SURFACE('',#4104,9.5);
#376=CYLINDRICAL_SURFACE('',#4106,9.5);
#377=CYLINDRICAL_SURFACE('',#4108,9.50000000000005);
#378=CYLINDRICAL_SURFACE('',#4110,9.49999999999999);
#379=CYLINDRICAL_SURFACE('',#4113,12.);
#380=CYLINDRICAL_SURFACE('',#4115,12.);
#381=FACE_OUTER_BOUND('',#564,.T.);
#382=FACE_OUTER_BOUND('',#565,.T.);
#383=FACE_OUTER_BOUND('',#566,.T.);
#384=FACE_OUTER_BOUND('',#567,.T.);
#385=FACE_OUTER_BOUND('',#568,.T.);
#386=FACE_OUTER_BOUND('',#569,.T.);
#387=FACE_OUTER_BOUND('',#570,.T.);
#388=FACE_OUTER_BOUND('',#571,.T.);
#389=FACE_OUTER_BOUND('',#572,.T.);
#390=FACE_OUTER_BOUND('',#573,.T.);
#391=FACE_OUTER_BOUND('',#574,.T.);
#392=FACE_OUTER_BOUND('',#575,.T.);
#393=FACE_OUTER_BOUND('',#576,.T.);
#394=FACE_OUTER_BOUND('',#577,.T.);
#395=FACE_OUTER_BOUND('',#578,.T.);
#396=FACE_OUTER_BOUND('',#579,.T.);
#397=FACE_OUTER_BOUND('',#580,.T.);
#398=FACE_OUTER_BOUND('',#581,.T.);
#399=FACE_OUTER_BOUND('',#582,.T.);
#400=FACE_OUTER_BOUND('',#583,.T.);
#401=FACE_OUTER_BOUND('',#584,.T.);
#402=FACE_OUTER_BOUND('',#585,.T.);
#403=FACE_OUTER_BOUND('',#586,.T.);
#404=FACE_OUTER_BOUND('',#587,.T.);
#405=FACE_OUTER_BOUND('',#588,.T.);
#406=FACE_OUTER_BOUND('',#589,.T.);
#407=FACE_OUTER_BOUND('',#590,.T.);
#408=FACE_OUTER_BOUND('',#591,.T.);
#409=FACE_OUTER_BOUND('',#592,.T.);
#410=FACE_OUTER_BOUND('',#593,.T.);
#411=FACE_OUTER_BOUND('',#594,.T.);
#412=FACE_OUTER_BOUND('',#595,.T.);
#413=FACE_OUTER_BOUND('',#596,.T.);
#414=FACE_OUTER_BOUND('',#597,.T.);
#415=FACE_OUTER_BOUND('',#598,.T.);
#416=FACE_OUTER_BOUND('',#599,.T.);
#417=FACE_OUTER_BOUND('',#600,.T.);
#418=FACE_OUTER_BOUND('',#601,.T.);
#419=FACE_OUTER_BOUND('',#602,.T.);
#420=FACE_OUTER_BOUND('',#603,.T.);
#421=FACE_OUTER_BOUND('',#604,.T.);
#422=FACE_OUTER_BOUND('',#605,.T.);
#423=FACE_OUTER_BOUND('',#606,.T.);
#424=FACE_OUTER_BOUND('',#607,.T.);
#425=FACE_OUTER_BOUND('',#608,.T.);
#426=FACE_OUTER_BOUND('',#609,.T.);
#427=FACE_OUTER_BOUND('',#610,.T.);
#428=FACE_OUTER_BOUND('',#611,.T.);
#429=FACE_OUTER_BOUND('',#612,.T.);
#430=FACE_OUTER_BOUND('',#613,.T.);
#431=FACE_OUTER_BOUND('',#614,.T.);
#432=FACE_OUTER_BOUND('',#615,.T.);
#433=FACE_OUTER_BOUND('',#616,.T.);
#434=FACE_OUTER_BOUND('',#617,.T.);
#435=FACE_OUTER_BOUND('',#618,.T.);
#436=FACE_OUTER_BOUND('',#619,.T.);
#437=FACE_OUTER_BOUND('',#620,.T.);
#438=FACE_OUTER_BOUND('',#621,.T.);
#439=FACE_OUTER_BOUND('',#622,.T.);
#440=FACE_OUTER_BOUND('',#623,.T.);
#441=FACE_OUTER_BOUND('',#624,.T.);
#442=FACE_OUTER_BOUND('',#625,.T.);
#443=FACE_OUTER_BOUND('',#626,.T.);
#444=FACE_OUTER_BOUND('',#627,.T.);
#445=FACE_OUTER_BOUND('',#628,.T.);
#446=FACE_OUTER_BOUND('',#629,.T.);
#447=FACE_OUTER_BOUND('',#630,.T.);
#448=FACE_OUTER_BOUND('',#631,.T.);
#449=FACE_OUTER_BOUND('',#632,.T.);
#450=FACE_OUTER_BOUND('',#633,.T.);
#451=FACE_OUTER_BOUND('',#634,.T.);
#452=FACE_OUTER_BOUND('',#635,.T.);
#453=FACE_OUTER_BOUND('',#636,.T.);
#454=FACE_OUTER_BOUND('',#637,.T.);
#455=FACE_OUTER_BOUND('',#638,.T.);
#456=FACE_OUTER_BOUND('',#639,.T.);
#457=FACE_OUTER_BOUND('',#640,.T.);
#458=FACE_OUTER_BOUND('',#641,.T.);
#459=FACE_OUTER_BOUND('',#642,.T.);
#460=FACE_OUTER_BOUND('',#643,.T.);
#461=FACE_OUTER_BOUND('',#644,.T.);
#462=FACE_OUTER_BOUND('',#645,.T.);
#463=FACE_OUTER_BOUND('',#646,.T.);
#464=FACE_OUTER_BOUND('',#647,.T.);
#465=FACE_OUTER_BOUND('',#648,.T.);
#466=FACE_OUTER_BOUND('',#649,.T.);
#467=FACE_OUTER_BOUND('',#650,.T.);
#468=FACE_OUTER_BOUND('',#651,.T.);
#469=FACE_OUTER_BOUND('',#652,.T.);
#470=FACE_OUTER_BOUND('',#653,.T.);
#471=FACE_OUTER_BOUND('',#654,.T.);
#472=FACE_OUTER_BOUND('',#655,.T.);
#473=FACE_OUTER_BOUND('',#656,.T.);
#474=FACE_OUTER_BOUND('',#657,.T.);
#475=FACE_OUTER_BOUND('',#658,.T.);
#476=FACE_OUTER_BOUND('',#659,.T.);
#477=FACE_OUTER_BOUND('',#660,.T.);
#478=FACE_OUTER_BOUND('',#661,.T.);
#479=FACE_OUTER_BOUND('',#662,.T.);
#480=FACE_OUTER_BOUND('',#663,.T.);
#481=FACE_OUTER_BOUND('',#664,.T.);
#482=FACE_OUTER_BOUND('',#665,.T.);
#483=FACE_OUTER_BOUND('',#666,.T.);
#484=FACE_OUTER_BOUND('',#667,.T.);
#485=FACE_OUTER_BOUND('',#668,.T.);
#486=FACE_OUTER_BOUND('',#669,.T.);
#487=FACE_OUTER_BOUND('',#670,.T.);
#488=FACE_OUTER_BOUND('',#671,.T.);
#489=FACE_OUTER_BOUND('',#672,.T.);
#490=FACE_OUTER_BOUND('',#673,.T.);
#491=FACE_OUTER_BOUND('',#674,.T.);
#492=FACE_OUTER_BOUND('',#675,.T.);
#493=FACE_OUTER_BOUND('',#676,.T.);
#494=FACE_OUTER_BOUND('',#677,.T.);
#495=FACE_OUTER_BOUND('',#678,.T.);
#496=FACE_OUTER_BOUND('',#679,.T.);
#497=FACE_OUTER_BOUND('',#680,.T.);
#498=FACE_OUTER_BOUND('',#681,.T.);
#499=FACE_OUTER_BOUND('',#682,.T.);
#500=FACE_OUTER_BOUND('',#683,.T.);
#501=FACE_OUTER_BOUND('',#684,.T.);
#502=FACE_OUTER_BOUND('',#685,.T.);
#503=FACE_OUTER_BOUND('',#686,.T.);
#504=FACE_OUTER_BOUND('',#687,.T.);
#505=FACE_OUTER_BOUND('',#688,.T.);
#506=FACE_OUTER_BOUND('',#689,.T.);
#507=FACE_OUTER_BOUND('',#690,.T.);
#508=FACE_OUTER_BOUND('',#691,.T.);
#509=FACE_OUTER_BOUND('',#692,.T.);
#510=FACE_OUTER_BOUND('',#693,.T.);
#511=FACE_OUTER_BOUND('',#694,.T.);
#512=FACE_OUTER_BOUND('',#695,.T.);
#513=FACE_OUTER_BOUND('',#696,.T.);
#514=FACE_OUTER_BOUND('',#697,.T.);
#515=FACE_OUTER_BOUND('',#698,.T.);
#516=FACE_OUTER_BOUND('',#699,.T.);
#517=FACE_OUTER_BOUND('',#700,.T.);
#518=FACE_OUTER_BOUND('',#701,.T.);
#519=FACE_OUTER_BOUND('',#703,.T.);
#520=FACE_OUTER_BOUND('',#704,.T.);
#521=FACE_OUTER_BOUND('',#706,.T.);
#522=FACE_OUTER_BOUND('',#707,.T.);
#523=FACE_OUTER_BOUND('',#708,.T.);
#524=FACE_OUTER_BOUND('',#709,.T.);
#525=FACE_OUTER_BOUND('',#710,.T.);
#526=FACE_OUTER_BOUND('',#711,.T.);
#527=FACE_OUTER_BOUND('',#712,.T.);
#528=FACE_OUTER_BOUND('',#713,.T.);
#529=FACE_OUTER_BOUND('',#714,.T.);
#530=FACE_OUTER_BOUND('',#715,.T.);
#531=FACE_OUTER_BOUND('',#716,.T.);
#532=FACE_OUTER_BOUND('',#717,.T.);
#533=FACE_OUTER_BOUND('',#718,.T.);
#534=FACE_OUTER_BOUND('',#719,.T.);
#535=FACE_OUTER_BOUND('',#720,.T.);
#536=FACE_OUTER_BOUND('',#721,.T.);
#537=FACE_OUTER_BOUND('',#722,.T.);
#538=FACE_OUTER_BOUND('',#723,.T.);
#539=FACE_OUTER_BOUND('',#724,.T.);
#540=FACE_OUTER_BOUND('',#725,.T.);
#541=FACE_OUTER_BOUND('',#726,.T.);
#542=FACE_OUTER_BOUND('',#727,.T.);
#543=FACE_OUTER_BOUND('',#728,.T.);
#544=FACE_OUTER_BOUND('',#729,.T.);
#545=FACE_OUTER_BOUND('',#730,.T.);
#546=FACE_OUTER_BOUND('',#815,.T.);
#547=FACE_OUTER_BOUND('',#816,.T.);
#548=FACE_OUTER_BOUND('',#819,.T.);
#549=FACE_OUTER_BOUND('',#820,.T.);
#550=FACE_OUTER_BOUND('',#821,.T.);
#551=FACE_OUTER_BOUND('',#825,.T.);
#552=FACE_OUTER_BOUND('',#830,.T.);
#553=FACE_OUTER_BOUND('',#831,.T.);
#554=FACE_OUTER_BOUND('',#833,.T.);
#555=FACE_OUTER_BOUND('',#834,.T.);
#556=FACE_OUTER_BOUND('',#836,.T.);
#557=FACE_OUTER_BOUND('',#837,.T.);
#558=FACE_OUTER_BOUND('',#839,.T.);
#559=FACE_OUTER_BOUND('',#840,.T.);
#560=FACE_OUTER_BOUND('',#925,.T.);
#561=FACE_OUTER_BOUND('',#927,.T.);
#562=FACE_OUTER_BOUND('',#928,.T.);
#563=FACE_OUTER_BOUND('',#931,.T.);
#564=EDGE_LOOP('',(#2478,#2479,#2480));
#565=EDGE_LOOP('',(#2481,#2482,#2483,#2484));
#566=EDGE_LOOP('',(#2485,#2486,#2487));
#567=EDGE_LOOP('',(#2488,#2489,#2490,#2491));
#568=EDGE_LOOP('',(#2492,#2493,#2494,#2495));
#569=EDGE_LOOP('',(#2496,#2497,#2498,#2499));
#570=EDGE_LOOP('',(#2500,#2501,#2502,#2503));
#571=EDGE_LOOP('',(#2504,#2505,#2506,#2507));
#572=EDGE_LOOP('',(#2508,#2509,#2510,#2511));
#573=EDGE_LOOP('',(#2512,#2513,#2514,#2515));
#574=EDGE_LOOP('',(#2516,#2517,#2518,#2519));
#575=EDGE_LOOP('',(#2520,#2521,#2522,#2523,#2524,#2525,#2526,#2527));
#576=EDGE_LOOP('',(#2528,#2529,#2530,#2531));
#577=EDGE_LOOP('',(#2532));
#578=EDGE_LOOP('',(#2533,#2534,#2535,#2536));
#579=EDGE_LOOP('',(#2537));
#580=EDGE_LOOP('',(#2538,#2539,#2540,#2541));
#581=EDGE_LOOP('',(#2542,#2543,#2544,#2545));
#582=EDGE_LOOP('',(#2546,#2547,#2548,#2549));
#583=EDGE_LOOP('',(#2550,#2551,#2552,#2553));
#584=EDGE_LOOP('',(#2554,#2555,#2556,#2557));
#585=EDGE_LOOP('',(#2558,#2559,#2560,#2561));
#586=EDGE_LOOP('',(#2562,#2563,#2564,#2565));
#587=EDGE_LOOP('',(#2566,#2567,#2568,#2569,#2570,#2571,#2572,#2573));
#588=EDGE_LOOP('',(#2574,#2575,#2576,#2577));
#589=EDGE_LOOP('',(#2578,#2579,#2580,#2581));
#590=EDGE_LOOP('',(#2582,#2583,#2584,#2585));
#591=EDGE_LOOP('',(#2586,#2587,#2588,#2589));
#592=EDGE_LOOP('',(#2590,#2591,#2592,#2593));
#593=EDGE_LOOP('',(#2594,#2595,#2596,#2597));
#594=EDGE_LOOP('',(#2598,#2599,#2600,#2601));
#595=EDGE_LOOP('',(#2602,#2603,#2604,#2605,#2606,#2607,#2608,#2609));
#596=EDGE_LOOP('',(#2610,#2611,#2612,#2613));
#597=EDGE_LOOP('',(#2614));
#598=EDGE_LOOP('',(#2615,#2616,#2617,#2618));
#599=EDGE_LOOP('',(#2619));
#600=EDGE_LOOP('',(#2620,#2621,#2622,#2623));
#601=EDGE_LOOP('',(#2624,#2625,#2626,#2627));
#602=EDGE_LOOP('',(#2628,#2629,#2630,#2631));
#603=EDGE_LOOP('',(#2632,#2633,#2634,#2635));
#604=EDGE_LOOP('',(#2636,#2637,#2638,#2639));
#605=EDGE_LOOP('',(#2640,#2641,#2642,#2643));
#606=EDGE_LOOP('',(#2644,#2645,#2646,#2647));
#607=EDGE_LOOP('',(#2648,#2649,#2650,#2651));
#608=EDGE_LOOP('',(#2652,#2653,#2654,#2655));
#609=EDGE_LOOP('',(#2656,#2657,#2658,#2659));
#610=EDGE_LOOP('',(#2660,#2661,#2662,#2663));
#611=EDGE_LOOP('',(#2664,#2665,#2666,#2667));
#612=EDGE_LOOP('',(#2668,#2669,#2670,#2671));
#613=EDGE_LOOP('',(#2672,#2673,#2674,#2675));
#614=EDGE_LOOP('',(#2676,#2677,#2678,#2679));
#615=EDGE_LOOP('',(#2680,#2681,#2682,#2683));
#616=EDGE_LOOP('',(#2684,#2685,#2686,#2687));
#617=EDGE_LOOP('',(#2688,#2689,#2690,#2691));
#618=EDGE_LOOP('',(#2692,#2693,#2694,#2695));
#619=EDGE_LOOP('',(#2696,#2697,#2698,#2699));
#620=EDGE_LOOP('',(#2700,#2701,#2702,#2703));
#621=EDGE_LOOP('',(#2704,#2705,#2706,#2707));
#622=EDGE_LOOP('',(#2708,#2709,#2710,#2711));
#623=EDGE_LOOP('',(#2712,#2713,#2714,#2715));
#624=EDGE_LOOP('',(#2716,#2717,#2718,#2719));
#625=EDGE_LOOP('',(#2720,#2721,#2722,#2723));
#626=EDGE_LOOP('',(#2724,#2725,#2726,#2727));
#627=EDGE_LOOP('',(#2728,#2729,#2730,#2731));
#628=EDGE_LOOP('',(#2732,#2733,#2734,#2735));
#629=EDGE_LOOP('',(#2736,#2737,#2738,#2739));
#630=EDGE_LOOP('',(#2740,#2741,#2742,#2743));
#631=EDGE_LOOP('',(#2744,#2745,#2746,#2747));
#632=EDGE_LOOP('',(#2748,#2749,#2750,#2751));
#633=EDGE_LOOP('',(#2752,#2753,#2754,#2755));
#634=EDGE_LOOP('',(#2756,#2757,#2758,#2759));
#635=EDGE_LOOP('',(#2760,#2761,#2762,#2763));
#636=EDGE_LOOP('',(#2764,#2765,#2766,#2767));
#637=EDGE_LOOP('',(#2768,#2769,#2770,#2771));
#638=EDGE_LOOP('',(#2772,#2773,#2774,#2775));
#639=EDGE_LOOP('',(#2776,#2777,#2778,#2779));
#640=EDGE_LOOP('',(#2780,#2781,#2782,#2783));
#641=EDGE_LOOP('',(#2784,#2785,#2786,#2787));
#642=EDGE_LOOP('',(#2788,#2789,#2790,#2791));
#643=EDGE_LOOP('',(#2792,#2793,#2794,#2795));
#644=EDGE_LOOP('',(#2796,#2797,#2798,#2799));
#645=EDGE_LOOP('',(#2800,#2801,#2802,#2803));
#646=EDGE_LOOP('',(#2804,#2805,#2806,#2807));
#647=EDGE_LOOP('',(#2808,#2809,#2810,#2811));
#648=EDGE_LOOP('',(#2812,#2813,#2814,#2815));
#649=EDGE_LOOP('',(#2816,#2817,#2818,#2819));
#650=EDGE_LOOP('',(#2820,#2821,#2822,#2823));
#651=EDGE_LOOP('',(#2824,#2825,#2826,#2827));
#652=EDGE_LOOP('',(#2828,#2829,#2830,#2831));
#653=EDGE_LOOP('',(#2832,#2833,#2834,#2835));
#654=EDGE_LOOP('',(#2836,#2837,#2838,#2839));
#655=EDGE_LOOP('',(#2840,#2841,#2842,#2843));
#656=EDGE_LOOP('',(#2844,#2845,#2846,#2847));
#657=EDGE_LOOP('',(#2848,#2849,#2850,#2851));
#658=EDGE_LOOP('',(#2852,#2853,#2854,#2855));
#659=EDGE_LOOP('',(#2856,#2857,#2858,#2859));
#660=EDGE_LOOP('',(#2860,#2861,#2862,#2863));
#661=EDGE_LOOP('',(#2864,#2865,#2866,#2867));
#662=EDGE_LOOP('',(#2868,#2869,#2870,#2871));
#663=EDGE_LOOP('',(#2872,#2873,#2874,#2875));
#664=EDGE_LOOP('',(#2876,#2877,#2878,#2879));
#665=EDGE_LOOP('',(#2880,#2881,#2882,#2883));
#666=EDGE_LOOP('',(#2884,#2885,#2886,#2887));
#667=EDGE_LOOP('',(#2888,#2889,#2890,#2891));
#668=EDGE_LOOP('',(#2892,#2893,#2894,#2895));
#669=EDGE_LOOP('',(#2896,#2897,#2898,#2899));
#670=EDGE_LOOP('',(#2900,#2901,#2902,#2903));
#671=EDGE_LOOP('',(#2904,#2905,#2906,#2907));
#672=EDGE_LOOP('',(#2908,#2909,#2910,#2911));
#673=EDGE_LOOP('',(#2912,#2913,#2914,#2915));
#674=EDGE_LOOP('',(#2916,#2917,#2918,#2919));
#675=EDGE_LOOP('',(#2920,#2921,#2922,#2923));
#676=EDGE_LOOP('',(#2924,#2925,#2926,#2927));
#677=EDGE_LOOP('',(#2928,#2929,#2930,#2931));
#678=EDGE_LOOP('',(#2932,#2933,#2934,#2935));
#679=EDGE_LOOP('',(#2936,#2937,#2938,#2939));
#680=EDGE_LOOP('',(#2940,#2941,#2942,#2943));
#681=EDGE_LOOP('',(#2944,#2945,#2946,#2947));
#682=EDGE_LOOP('',(#2948,#2949,#2950,#2951));
#683=EDGE_LOOP('',(#2952,#2953,#2954,#2955));
#684=EDGE_LOOP('',(#2956,#2957,#2958,#2959));
#685=EDGE_LOOP('',(#2960,#2961,#2962,#2963));
#686=EDGE_LOOP('',(#2964,#2965,#2966,#2967));
#687=EDGE_LOOP('',(#2968,#2969,#2970,#2971));
#688=EDGE_LOOP('',(#2972,#2973,#2974,#2975));
#689=EDGE_LOOP('',(#2976,#2977,#2978,#2979));
#690=EDGE_LOOP('',(#2980,#2981,#2982,#2983));
#691=EDGE_LOOP('',(#2984,#2985,#2986,#2987));
#692=EDGE_LOOP('',(#2988,#2989,#2990,#2991));
#693=EDGE_LOOP('',(#2992,#2993,#2994,#2995));
#694=EDGE_LOOP('',(#2996,#2997,#2998,#2999));
#695=EDGE_LOOP('',(#3000,#3001,#3002,#3003));
#696=EDGE_LOOP('',(#3004,#3005,#3006,#3007));
#697=EDGE_LOOP('',(#3008));
#698=EDGE_LOOP('',(#3009,#3010,#3011,#3012));
#699=EDGE_LOOP('',(#3013));
#700=EDGE_LOOP('',(#3014,#3015,#3016,#3017));
#701=EDGE_LOOP('',(#3018));
#702=EDGE_LOOP('',(#3019));
#703=EDGE_LOOP('',(#3020,#3021,#3022,#3023));
#704=EDGE_LOOP('',(#3024));
#705=EDGE_LOOP('',(#3025));
#706=EDGE_LOOP('',(#3026,#3027,#3028,#3029));
#707=EDGE_LOOP('',(#3030,#3031,#3032,#3033));
#708=EDGE_LOOP('',(#3034,#3035,#3036,#3037));
#709=EDGE_LOOP('',(#3038,#3039,#3040,#3041));
#710=EDGE_LOOP('',(#3042,#3043,#3044,#3045));
#711=EDGE_LOOP('',(#3046,#3047,#3048,#3049));
#712=EDGE_LOOP('',(#3050,#3051,#3052,#3053));
#713=EDGE_LOOP('',(#3054,#3055,#3056,#3057));
#714=EDGE_LOOP('',(#3058,#3059,#3060,#3061));
#715=EDGE_LOOP('',(#3062,#3063,#3064,#3065));
#716=EDGE_LOOP('',(#3066,#3067,#3068,#3069));
#717=EDGE_LOOP('',(#3070,#3071,#3072,#3073));
#718=EDGE_LOOP('',(#3074,#3075,#3076,#3077));
#719=EDGE_LOOP('',(#3078,#3079,#3080,#3081));
#720=EDGE_LOOP('',(#3082,#3083,#3084,#3085));
#721=EDGE_LOOP('',(#3086,#3087,#3088,#3089));
#722=EDGE_LOOP('',(#3090,#3091,#3092,#3093));
#723=EDGE_LOOP('',(#3094,#3095,#3096,#3097));
#724=EDGE_LOOP('',(#3098,#3099,#3100,#3101));
#725=EDGE_LOOP('',(#3102,#3103,#3104,#3105));
#726=EDGE_LOOP('',(#3106,#3107,#3108,#3109));
#727=EDGE_LOOP('',(#3110,#3111,#3112,#3113));
#728=EDGE_LOOP('',(#3114,#3115,#3116,#3117));
#729=EDGE_LOOP('',(#3118,#3119,#3120,#3121));
#730=EDGE_LOOP('',(#3122,#3123,#3124,#3125));
#731=EDGE_LOOP('',(#3126));
#732=EDGE_LOOP('',(#3127));
#733=EDGE_LOOP('',(#3128));
#734=EDGE_LOOP('',(#3129));
#735=EDGE_LOOP('',(#3130));
#736=EDGE_LOOP('',(#3131));
#737=EDGE_LOOP('',(#3132));
#738=EDGE_LOOP('',(#3133));
#739=EDGE_LOOP('',(#3134));
#740=EDGE_LOOP('',(#3135));
#741=EDGE_LOOP('',(#3136));
#742=EDGE_LOOP('',(#3137));
#743=EDGE_LOOP('',(#3138));
#744=EDGE_LOOP('',(#3139));
#745=EDGE_LOOP('',(#3140));
#746=EDGE_LOOP('',(#3141));
#747=EDGE_LOOP('',(#3142));
#748=EDGE_LOOP('',(#3143));
#749=EDGE_LOOP('',(#3144));
#750=EDGE_LOOP('',(#3145));
#751=EDGE_LOOP('',(#3146));
#752=EDGE_LOOP('',(#3147));
#753=EDGE_LOOP('',(#3148));
#754=EDGE_LOOP('',(#3149));
#755=EDGE_LOOP('',(#3150));
#756=EDGE_LOOP('',(#3151));
#757=EDGE_LOOP('',(#3152));
#758=EDGE_LOOP('',(#3153));
#759=EDGE_LOOP('',(#3154));
#760=EDGE_LOOP('',(#3155));
#761=EDGE_LOOP('',(#3156));
#762=EDGE_LOOP('',(#3157));
#763=EDGE_LOOP('',(#3158));
#764=EDGE_LOOP('',(#3159));
#765=EDGE_LOOP('',(#3160));
#766=EDGE_LOOP('',(#3161));
#767=EDGE_LOOP('',(#3162));
#768=EDGE_LOOP('',(#3163));
#769=EDGE_LOOP('',(#3164));
#770=EDGE_LOOP('',(#3165));
#771=EDGE_LOOP('',(#3166));
#772=EDGE_LOOP('',(#3167));
#773=EDGE_LOOP('',(#3168));
#774=EDGE_LOOP('',(#3169));
#775=EDGE_LOOP('',(#3170));
#776=EDGE_LOOP('',(#3171));
#777=EDGE_LOOP('',(#3172));
#778=EDGE_LOOP('',(#3173));
#779=EDGE_LOOP('',(#3174));
#780=EDGE_LOOP('',(#3175));
#781=EDGE_LOOP('',(#3176));
#782=EDGE_LOOP('',(#3177));
#783=EDGE_LOOP('',(#3178));
#784=EDGE_LOOP('',(#3179));
#785=EDGE_LOOP('',(#3180));
#786=EDGE_LOOP('',(#3181));
#787=EDGE_LOOP('',(#3182));
#788=EDGE_LOOP('',(#3183));
#789=EDGE_LOOP('',(#3184));
#790=EDGE_LOOP('',(#3185));
#791=EDGE_LOOP('',(#3186));
#792=EDGE_LOOP('',(#3187));
#793=EDGE_LOOP('',(#3188));
#794=EDGE_LOOP('',(#3189));
#795=EDGE_LOOP('',(#3190));
#796=EDGE_LOOP('',(#3191));
#797=EDGE_LOOP('',(#3192));
#798=EDGE_LOOP('',(#3193));
#799=EDGE_LOOP('',(#3194));
#800=EDGE_LOOP('',(#3195));
#801=EDGE_LOOP('',(#3196));
#802=EDGE_LOOP('',(#3197));
#803=EDGE_LOOP('',(#3198));
#804=EDGE_LOOP('',(#3199));
#805=EDGE_LOOP('',(#3200));
#806=EDGE_LOOP('',(#3201));
#807=EDGE_LOOP('',(#3202));
#808=EDGE_LOOP('',(#3203));
#809=EDGE_LOOP('',(#3204));
#810=EDGE_LOOP('',(#3205));
#811=EDGE_LOOP('',(#3206));
#812=EDGE_LOOP('',(#3207));
#813=EDGE_LOOP('',(#3208));
#814=EDGE_LOOP('',(#3209));
#815=EDGE_LOOP('',(#3210,#3211,#3212,#3213));
#816=EDGE_LOOP('',(#3214,#3215,#3216,#3217));
#817=EDGE_LOOP('',(#3218));
#818=EDGE_LOOP('',(#3219,#3220,#3221,#3222));
#819=EDGE_LOOP('',(#3223,#3224,#3225,#3226));
#820=EDGE_LOOP('',(#3227,#3228,#3229,#3230,#3231,#3232,#3233,#3234));
#821=EDGE_LOOP('',(#3235,#3236,#3237,#3238,#3239,#3240,#3241,#3242));
#822=EDGE_LOOP('',(#3243));
#823=EDGE_LOOP('',(#3244));
#824=EDGE_LOOP('',(#3245,#3246,#3247,#3248,#3249,#3250,#3251,#3252,#3253,
#3254,#3255,#3256,#3257,#3258,#3259,#3260,#3261,#3262,#3263,#3264));
#825=EDGE_LOOP('',(#3265,#3266,#3267,#3268,#3269,#3270,#3271,#3272));
#826=EDGE_LOOP('',(#3273));
#827=EDGE_LOOP('',(#3274));
#828=EDGE_LOOP('',(#3275));
#829=EDGE_LOOP('',(#3276));
#830=EDGE_LOOP('',(#3277,#3278,#3279,#3280));
#831=EDGE_LOOP('',(#3281,#3282,#3283,#3284,#3285,#3286,#3287,#3288,#3289,
#3290,#3291,#3292));
#832=EDGE_LOOP('',(#3293,#3294,#3295,#3296));
#833=EDGE_LOOP('',(#3297,#3298,#3299,#3300));
#834=EDGE_LOOP('',(#3301,#3302,#3303,#3304));
#835=EDGE_LOOP('',(#3305,#3306,#3307,#3308,#3309,#3310,#3311,#3312));
#836=EDGE_LOOP('',(#3313,#3314,#3315,#3316));
#837=EDGE_LOOP('',(#3317,#3318,#3319,#3320,#3321,#3322,#3323,#3324,#3325,
#3326,#3327,#3328));
#838=EDGE_LOOP('',(#3329,#3330,#3331,#3332,#3333,#3334,#3335,#3336));
#839=EDGE_LOOP('',(#3337,#3338,#3339,#3340));
#840=EDGE_LOOP('',(#3341,#3342,#3343,#3344,#3345,#3346,#3347,#3348,#3349,
#3350,#3351,#3352));
#841=EDGE_LOOP('',(#3353));
#842=EDGE_LOOP('',(#3354));
#843=EDGE_LOOP('',(#3355));
#844=EDGE_LOOP('',(#3356));
#845=EDGE_LOOP('',(#3357));
#846=EDGE_LOOP('',(#3358));
#847=EDGE_LOOP('',(#3359));
#848=EDGE_LOOP('',(#3360));
#849=EDGE_LOOP('',(#3361));
#850=EDGE_LOOP('',(#3362));
#851=EDGE_LOOP('',(#3363));
#852=EDGE_LOOP('',(#3364));
#853=EDGE_LOOP('',(#3365));
#854=EDGE_LOOP('',(#3366));
#855=EDGE_LOOP('',(#3367));
#856=EDGE_LOOP('',(#3368));
#857=EDGE_LOOP('',(#3369));
#858=EDGE_LOOP('',(#3370));
#859=EDGE_LOOP('',(#3371));
#860=EDGE_LOOP('',(#3372));
#861=EDGE_LOOP('',(#3373));
#862=EDGE_LOOP('',(#3374));
#863=EDGE_LOOP('',(#3375));
#864=EDGE_LOOP('',(#3376));
#865=EDGE_LOOP('',(#3377));
#866=EDGE_LOOP('',(#3378));
#867=EDGE_LOOP('',(#3379));
#868=EDGE_LOOP('',(#3380));
#869=EDGE_LOOP('',(#3381));
#870=EDGE_LOOP('',(#3382));
#871=EDGE_LOOP('',(#3383));
#872=EDGE_LOOP('',(#3384));
#873=EDGE_LOOP('',(#3385));
#874=EDGE_LOOP('',(#3386));
#875=EDGE_LOOP('',(#3387));
#876=EDGE_LOOP('',(#3388));
#877=EDGE_LOOP('',(#3389));
#878=EDGE_LOOP('',(#3390));
#879=EDGE_LOOP('',(#3391));
#880=EDGE_LOOP('',(#3392));
#881=EDGE_LOOP('',(#3393));
#882=EDGE_LOOP('',(#3394));
#883=EDGE_LOOP('',(#3395));
#884=EDGE_LOOP('',(#3396));
#885=EDGE_LOOP('',(#3397));
#886=EDGE_LOOP('',(#3398));
#887=EDGE_LOOP('',(#3399));
#888=EDGE_LOOP('',(#3400));
#889=EDGE_LOOP('',(#3401));
#890=EDGE_LOOP('',(#3402));
#891=EDGE_LOOP('',(#3403));
#892=EDGE_LOOP('',(#3404));
#893=EDGE_LOOP('',(#3405));
#894=EDGE_LOOP('',(#3406));
#895=EDGE_LOOP('',(#3407));
#896=EDGE_LOOP('',(#3408));
#897=EDGE_LOOP('',(#3409));
#898=EDGE_LOOP('',(#3410));
#899=EDGE_LOOP('',(#3411));
#900=EDGE_LOOP('',(#3412));
#901=EDGE_LOOP('',(#3413));
#902=EDGE_LOOP('',(#3414));
#903=EDGE_LOOP('',(#3415));
#904=EDGE_LOOP('',(#3416));
#905=EDGE_LOOP('',(#3417));
#906=EDGE_LOOP('',(#3418));
#907=EDGE_LOOP('',(#3419));
#908=EDGE_LOOP('',(#3420));
#909=EDGE_LOOP('',(#3421));
#910=EDGE_LOOP('',(#3422));
#911=EDGE_LOOP('',(#3423));
#912=EDGE_LOOP('',(#3424));
#913=EDGE_LOOP('',(#3425));
#914=EDGE_LOOP('',(#3426));
#915=EDGE_LOOP('',(#3427));
#916=EDGE_LOOP('',(#3428));
#917=EDGE_LOOP('',(#3429));
#918=EDGE_LOOP('',(#3430));
#919=EDGE_LOOP('',(#3431));
#920=EDGE_LOOP('',(#3432));
#921=EDGE_LOOP('',(#3433));
#922=EDGE_LOOP('',(#3434));
#923=EDGE_LOOP('',(#3435));
#924=EDGE_LOOP('',(#3436));
#925=EDGE_LOOP('',(#3437,#3438,#3439,#3440));
#926=EDGE_LOOP('',(#3441,#3442,#3443,#3444,#3445,#3446,#3447,#3448));
#927=EDGE_LOOP('',(#3449,#3450,#3451,#3452));
#928=EDGE_LOOP('',(#3453,#3454,#3455,#3456));
#929=EDGE_LOOP('',(#3457));
#930=EDGE_LOOP('',(#3458,#3459,#3460,#3461,#3462,#3463,#3464,#3465));
#931=EDGE_LOOP('',(#3466,#3467,#3468,#3469));
#932=LINE('',#5245,#1160);
#933=LINE('',#5249,#1161);
#934=LINE('',#5254,#1162);
#935=LINE('',#5258,#1163);
#936=LINE('',#5262,#1164);
#937=LINE('',#5264,#1165);
#938=LINE('',#5266,#1166);
#939=LINE('',#5267,#1167);
#940=LINE('',#5273,#1168);
#941=LINE('',#5276,#1169);
#942=LINE('',#5278,#1170);
#943=LINE('',#5279,#1171);
#944=LINE('',#5285,#1172);
#945=LINE('',#5291,#1173);
#946=LINE('',#5294,#1174);
#947=LINE('',#5297,#1175);
#948=LINE('',#5299,#1176);
#949=LINE('',#5300,#1177);
#950=LINE('',#5305,#1178);
#951=LINE('',#5310,#1179);
#952=LINE('',#5317,#1180);
#953=LINE('',#5323,#1181);
#954=LINE('',#5325,#1182);
#955=LINE('',#5327,#1183);
#956=LINE('',#5328,#1184);
#957=LINE('',#5334,#1185);
#958=LINE('',#5337,#1186);
#959=LINE('',#5339,#1187);
#960=LINE('',#5340,#1188);
#961=LINE('',#5346,#1189);
#962=LINE('',#5352,#1190);
#963=LINE('',#5355,#1191);
#964=LINE('',#5358,#1192);
#965=LINE('',#5360,#1193);
#966=LINE('',#5361,#1194);
#967=LINE('',#5366,#1195);
#968=LINE('',#5370,#1196);
#969=LINE('',#5372,#1197);
#970=LINE('',#5374,#1198);
#971=LINE('',#5375,#1199);
#972=LINE('',#5381,#1200);
#973=LINE('',#5384,#1201);
#974=LINE('',#5386,#1202);
#975=LINE('',#5387,#1203);
#976=LINE('',#5393,#1204);
#977=LINE('',#5396,#1205);
#978=LINE('',#5398,#1206);
#979=LINE('',#5399,#1207);
#980=LINE('',#5405,#1208);
#981=LINE('',#5410,#1209);
#982=LINE('',#5413,#1210);
#983=LINE('',#5418,#1211);
#984=LINE('',#5425,#1212);
#985=LINE('',#5431,#1213);
#986=LINE('',#5433,#1214);
#987=LINE('',#5435,#1215);
#988=LINE('',#5436,#1216);
#989=LINE('',#5439,#1217);
#990=LINE('',#5441,#1218);
#991=LINE('',#5442,#1219);
#992=LINE('',#5445,#1220);
#993=LINE('',#5447,#1221);
#994=LINE('',#5448,#1222);
#995=LINE('',#5450,#1223);
#996=LINE('',#5451,#1224);
#997=LINE('',#5456,#1225);
#998=LINE('',#5462,#1226);
#999=LINE('',#5468,#1227);
#1000=LINE('',#5474,#1228);
#1001=LINE('',#5480,#1229);
#1002=LINE('',#5486,#1230);
#1003=LINE('',#5492,#1231);
#1004=LINE('',#5498,#1232);
#1005=LINE('',#5504,#1233);
#1006=LINE('',#5510,#1234);
#1007=LINE('',#5516,#1235);
#1008=LINE('',#5522,#1236);
#1009=LINE('',#5528,#1237);
#1010=LINE('',#5534,#1238);
#1011=LINE('',#5540,#1239);
#1012=LINE('',#5546,#1240);
#1013=LINE('',#5552,#1241);
#1014=LINE('',#5558,#1242);
#1015=LINE('',#5564,#1243);
#1016=LINE('',#5570,#1244);
#1017=LINE('',#5576,#1245);
#1018=LINE('',#5582,#1246);
#1019=LINE('',#5588,#1247);
#1020=LINE('',#5594,#1248);
#1021=LINE('',#5600,#1249);
#1022=LINE('',#5606,#1250);
#1023=LINE('',#5612,#1251);
#1024=LINE('',#5618,#1252);
#1025=LINE('',#5624,#1253);
#1026=LINE('',#5630,#1254);
#1027=LINE('',#5636,#1255);
#1028=LINE('',#5642,#1256);
#1029=LINE('',#5648,#1257);
#1030=LINE('',#5654,#1258);
#1031=LINE('',#5660,#1259);
#1032=LINE('',#5666,#1260);
#1033=LINE('',#5672,#1261);
#1034=LINE('',#5678,#1262);
#1035=LINE('',#5684,#1263);
#1036=LINE('',#5690,#1264);
#1037=LINE('',#5696,#1265);
#1038=LINE('',#5702,#1266);
#1039=LINE('',#5708,#1267);
#1040=LINE('',#5714,#1268);
#1041=LINE('',#5720,#1269);
#1042=LINE('',#5726,#1270);
#1043=LINE('',#5732,#1271);
#1044=LINE('',#5738,#1272);
#1045=LINE('',#5744,#1273);
#1046=LINE('',#5750,#1274);
#1047=LINE('',#5756,#1275);
#1048=LINE('',#5762,#1276);
#1049=LINE('',#5768,#1277);
#1050=LINE('',#5774,#1278);
#1051=LINE('',#5780,#1279);
#1052=LINE('',#5786,#1280);
#1053=LINE('',#5792,#1281);
#1054=LINE('',#5798,#1282);
#1055=LINE('',#5804,#1283);
#1056=LINE('',#5810,#1284);
#1057=LINE('',#5816,#1285);
#1058=LINE('',#5822,#1286);
#1059=LINE('',#5828,#1287);
#1060=LINE('',#5834,#1288);
#1061=LINE('',#5840,#1289);
#1062=LINE('',#5846,#1290);
#1063=LINE('',#5852,#1291);
#1064=LINE('',#5858,#1292);
#1065=LINE('',#5864,#1293);
#1066=LINE('',#5870,#1294);
#1067=LINE('',#5876,#1295);
#1068=LINE('',#5882,#1296);
#1069=LINE('',#5888,#1297);
#1070=LINE('',#5894,#1298);
#1071=LINE('',#5900,#1299);
#1072=LINE('',#5906,#1300);
#1073=LINE('',#5912,#1301);
#1074=LINE('',#5918,#1302);
#1075=LINE('',#5924,#1303);
#1076=LINE('',#5930,#1304);
#1077=LINE('',#5936,#1305);
#1078=LINE('',#5942,#1306);
#1079=LINE('',#5948,#1307);
#1080=LINE('',#5954,#1308);
#1081=LINE('',#5959,#1309);
#1082=LINE('',#5961,#1310);
#1083=LINE('',#5963,#1311);
#1084=LINE('',#5964,#1312);
#1085=LINE('',#5969,#1313);
#1086=LINE('',#5973,#1314);
#1087=LINE('',#5975,#1315);
#1088=LINE('',#5976,#1316);
#1089=LINE('',#5981,#1317);
#1090=LINE('',#5985,#1318);
#1091=LINE('',#5987,#1319);
#1092=LINE('',#5988,#1320);
#1093=LINE('',#5993,#1321);
#1094=LINE('',#5997,#1322);
#1095=LINE('',#5999,#1323);
#1096=LINE('',#6000,#1324);
#1097=LINE('',#6008,#1325);
#1098=LINE('',#6015,#1326);
#1099=LINE('',#6022,#1327);
#1100=LINE('',#6029,#1328);
#1101=LINE('',#6037,#1329);
#1102=LINE('',#6040,#1330);
#1103=LINE('',#6049,#1331);
#1104=LINE('',#6052,#1332);
#1105=LINE('',#6061,#1333);
#1106=LINE('',#6064,#1334);
#1107=LINE('',#6073,#1335);
#1108=LINE('',#6076,#1336);
#1109=LINE('',#6082,#1337);
#1110=LINE('',#6084,#1338);
#1111=LINE('',#6085,#1339);
#1112=LINE('',#6088,#1340);
#1113=LINE('',#6092,#1341);
#1114=LINE('',#6093,#1342);
#1115=LINE('',#6096,#1343);
#1116=LINE('',#6100,#1344);
#1117=LINE('',#6101,#1345);
#1118=LINE('',#6104,#1346);
#1119=LINE('',#6108,#1347);
#1120=LINE('',#6109,#1348);
#1121=LINE('',#6133,#1349);
#1122=LINE('',#6134,#1350);
#1123=LINE('',#6153,#1351);
#1124=LINE('',#6154,#1352);
#1125=LINE('',#6173,#1353);
#1126=LINE('',#6174,#1354);
#1127=LINE('',#6190,#1355);
#1128=LINE('',#6191,#1356);
#1129=LINE('',#6194,#1357);
#1130=LINE('',#6196,#1358);
#1131=LINE('',#6197,#1359);
#1132=LINE('',#6200,#1360);
#1133=LINE('',#6204,#1361);
#1134=LINE('',#6205,#1362);
#1135=LINE('',#6208,#1363);
#1136=LINE('',#6215,#1364);
#1137=LINE('',#6218,#1365);
#1138=LINE('',#6220,#1366);
#1139=LINE('',#6222,#1367);
#1140=LINE('',#6225,#1368);
#1141=LINE('',#6227,#1369);
#1142=LINE('',#6231,#1370);
#1143=LINE('',#6234,#1371);
#1144=LINE('',#6236,#1372);
#1145=LINE('',#6243,#1373);
#1146=LINE('',#6247,#1374);
#1147=LINE('',#6251,#1375);
#1148=LINE('',#6254,#1376);
#1149=LINE('',#6256,#1377);
#1150=LINE('',#6257,#1378);
#1151=LINE('',#6259,#1379);
#1152=LINE('',#6261,#1380);
#1153=LINE('',#6263,#1381);
#1154=LINE('',#6265,#1382);
#1155=LINE('',#6267,#1383);
#1156=LINE('',#6269,#1384);
#1157=LINE('',#6272,#1385);
#1158=LINE('',#6274,#1386);
#1159=LINE('',#6276,#1387);
#1160=VECTOR('',#4122,0.5);
#1161=VECTOR('',#4127,1.);
#1162=VECTOR('',#4132,0.5);
#1163=VECTOR('',#4137,1.);
#1164=VECTOR('',#4140,10.);
#1165=VECTOR('',#4141,10.);
#1166=VECTOR('',#4142,10.);
#1167=VECTOR('',#4143,10.);
#1168=VECTOR('',#4150,10.);
#1169=VECTOR('',#4153,10.);
#1170=VECTOR('',#4154,10.);
#1171=VECTOR('',#4155,10.);
#1172=VECTOR('',#4162,10.);
#1173=VECTOR('',#4167,10.);
#1174=VECTOR('',#4170,10.);
#1175=VECTOR('',#4173,10.);
#1176=VECTOR('',#4174,10.);
#1177=VECTOR('',#4175,10.);
#1178=VECTOR('',#4184,10.);
#1179=VECTOR('',#4189,1.09999999999999);
#1180=VECTOR('',#4198,1.1);
#1181=VECTOR('',#4205,10.);
#1182=VECTOR('',#4206,10.);
#1183=VECTOR('',#4207,10.);
#1184=VECTOR('',#4208,10.);
#1185=VECTOR('',#4215,10.);
#1186=VECTOR('',#4218,10.);
#1187=VECTOR('',#4219,10.);
#1188=VECTOR('',#4220,10.);
#1189=VECTOR('',#4227,10.);
#1190=VECTOR('',#4232,10.);
#1191=VECTOR('',#4235,10.);
#1192=VECTOR('',#4238,10.);
#1193=VECTOR('',#4239,10.);
#1194=VECTOR('',#4240,10.);
#1195=VECTOR('',#4249,10.);
#1196=VECTOR('',#4252,10.);
#1197=VECTOR('',#4253,10.);
#1198=VECTOR('',#4254,10.);
#1199=VECTOR('',#4255,10.);
#1200=VECTOR('',#4262,10.);
#1201=VECTOR('',#4265,10.);
#1202=VECTOR('',#4266,10.);
#1203=VECTOR('',#4267,10.);
#1204=VECTOR('',#4274,10.);
#1205=VECTOR('',#4277,10.);
#1206=VECTOR('',#4278,10.);
#1207=VECTOR('',#4279,10.);
#1208=VECTOR('',#4286,10.);
#1209=VECTOR('',#4291,10.);
#1210=VECTOR('',#4296,10.);
#1211=VECTOR('',#4301,11.5);
#1212=VECTOR('',#4310,11.5);
#1213=VECTOR('',#4317,10.);
#1214=VECTOR('',#4318,10.);
#1215=VECTOR('',#4319,10.);
#1216=VECTOR('',#4320,10.);
#1217=VECTOR('',#4323,10.);
#1218=VECTOR('',#4324,10.);
#1219=VECTOR('',#4325,10.);
#1220=VECTOR('',#4328,10.);
#1221=VECTOR('',#4329,10.);
#1222=VECTOR('',#4330,10.);
#1223=VECTOR('',#4333,10.);
#1224=VECTOR('',#4334,10.);
#1225=VECTOR('',#4339,0.999999999999996);
#1226=VECTOR('',#4346,1.00000000000001);
#1227=VECTOR('',#4353,0.999999999999996);
#1228=VECTOR('',#4360,1.00000000000001);
#1229=VECTOR('',#4367,0.999999999999996);
#1230=VECTOR('',#4374,1.00000000000001);
#1231=VECTOR('',#4381,0.999999999999996);
#1232=VECTOR('',#4388,0.999999999999996);
#1233=VECTOR('',#4395,0.999999999999996);
#1234=VECTOR('',#4402,0.999999999999996);
#1235=VECTOR('',#4409,1.00000000000001);
#1236=VECTOR('',#4416,1.00000000000001);
#1237=VECTOR('',#4423,0.999999999999996);
#1238=VECTOR('',#4430,0.999999999999996);
#1239=VECTOR('',#4437,0.999999999999996);
#1240=VECTOR('',#4444,0.999999999999996);
#1241=VECTOR('',#4451,1.00000000000001);
#1242=VECTOR('',#4458,1.00000000000001);
#1243=VECTOR('',#4465,1.00000000000001);
#1244=VECTOR('',#4472,0.999999999999996);
#1245=VECTOR('',#4479,0.999999999999996);
#1246=VECTOR('',#4486,0.999999999999996);
#1247=VECTOR('',#4493,0.999999999999996);
#1248=VECTOR('',#4500,1.00000000000001);
#1249=VECTOR('',#4507,1.00000000000001);
#1250=VECTOR('',#4514,1.00000000000001);
#1251=VECTOR('',#4521,0.999999999999996);
#1252=VECTOR('',#4528,0.999999999999996);
#1253=VECTOR('',#4535,0.999999999999996);
#1254=VECTOR('',#4542,1.00000000000001);
#1255=VECTOR('',#4549,1.00000000000001);
#1256=VECTOR('',#4556,0.999999999999996);
#1257=VECTOR('',#4563,0.999999999999996);
#1258=VECTOR('',#4570,0.999999999999996);
#1259=VECTOR('',#4577,0.999999999999996);
#1260=VECTOR('',#4584,0.999999999999996);
#1261=VECTOR('',#4591,0.999999999999996);
#1262=VECTOR('',#4598,0.999999999999996);
#1263=VECTOR('',#4605,0.999999999999996);
#1264=VECTOR('',#4612,0.999999999999996);
#1265=VECTOR('',#4619,0.999999999999996);
#1266=VECTOR('',#4626,1.00000000000001);
#1267=VECTOR('',#4633,0.999999999999996);
#1268=VECTOR('',#4640,1.00000000000001);
#1269=VECTOR('',#4647,0.999999999999996);
#1270=VECTOR('',#4654,0.999999999999996);
#1271=VECTOR('',#4661,1.00000000000001);
#1272=VECTOR('',#4668,0.999999999999996);
#1273=VECTOR('',#4675,0.999999999999996);
#1274=VECTOR('',#4682,0.999999999999996);
#1275=VECTOR('',#4689,0.999999999999996);
#1276=VECTOR('',#4696,0.999999999999996);
#1277=VECTOR('',#4703,0.999999999999996);
#1278=VECTOR('',#4710,1.00000000000001);
#1279=VECTOR('',#4717,0.999999999999996);
#1280=VECTOR('',#4724,0.999999999999996);
#1281=VECTOR('',#4731,0.999999999999996);
#1282=VECTOR('',#4738,0.999999999999996);
#1283=VECTOR('',#4745,1.00000000000001);
#1284=VECTOR('',#4752,1.00000000000001);
#1285=VECTOR('',#4759,1.00000000000001);
#1286=VECTOR('',#4766,1.00000000000001);
#1287=VECTOR('',#4773,0.999999999999996);
#1288=VECTOR('',#4780,1.00000000000001);
#1289=VECTOR('',#4787,0.999999999999996);
#1290=VECTOR('',#4794,1.00000000000001);
#1291=VECTOR('',#4801,1.00000000000001);
#1292=VECTOR('',#4808,1.00000000000001);
#1293=VECTOR('',#4815,0.999999999999996);
#1294=VECTOR('',#4822,0.999999999999996);
#1295=VECTOR('',#4829,0.999999999999996);
#1296=VECTOR('',#4836,1.00000000000001);
#1297=VECTOR('',#4843,0.999999999999996);
#1298=VECTOR('',#4850,0.999999999999996);
#1299=VECTOR('',#4857,1.00000000000001);
#1300=VECTOR('',#4864,0.999999999999996);
#1301=VECTOR('',#4871,0.999999999999996);
#1302=VECTOR('',#4878,0.999999999999996);
#1303=VECTOR('',#4885,1.00000000000001);
#1304=VECTOR('',#4892,0.999999999999996);
#1305=VECTOR('',#4899,1.00000000000001);
#1306=VECTOR('',#4906,0.999999999999996);
#1307=VECTOR('',#4913,0.999999999999996);
#1308=VECTOR('',#4920,1.00000000000001);
#1309=VECTOR('',#4925,10.);
#1310=VECTOR('',#4926,10.);
#1311=VECTOR('',#4927,10.);
#1312=VECTOR('',#4928,10.);
#1313=VECTOR('',#4933,10.);
#1314=VECTOR('',#4938,10.);
#1315=VECTOR('',#4939,10.);
#1316=VECTOR('',#4940,10.);
#1317=VECTOR('',#4945,10.);
#1318=VECTOR('',#4950,10.);
#1319=VECTOR('',#4951,10.);
#1320=VECTOR('',#4952,10.);
#1321=VECTOR('',#4957,10.);
#1322=VECTOR('',#4962,10.);
#1323=VECTOR('',#4963,10.);
#1324=VECTOR('',#4964,10.);
#1325=VECTOR('',#4975,1.5);
#1326=VECTOR('',#4984,1.5);
#1327=VECTOR('',#4993,1.5);
#1328=VECTOR('',#5002,1.5);
#1329=VECTOR('',#5011,10.);
#1330=VECTOR('',#5014,10.);
#1331=VECTOR('',#5025,10.);
#1332=VECTOR('',#5028,10.);
#1333=VECTOR('',#5039,10.);
#1334=VECTOR('',#5042,10.);
#1335=VECTOR('',#5053,10.);
#1336=VECTOR('',#5056,10.);
#1337=VECTOR('',#5065,10.);
#1338=VECTOR('',#5066,10.);
#1339=VECTOR('',#5067,10.);
#1340=VECTOR('',#5070,10.);
#1341=VECTOR('',#5075,10.);
#1342=VECTOR('',#5076,10.);
#1343=VECTOR('',#5079,10.);
#1344=VECTOR('',#5084,10.);
#1345=VECTOR('',#5085,10.);
#1346=VECTOR('',#5088,10.);
#1347=VECTOR('',#5093,10.);
#1348=VECTOR('',#5094,10.);
#1349=VECTOR('',#5111,10.);
#1350=VECTOR('',#5112,10.);
#1351=VECTOR('',#5123,10.);
#1352=VECTOR('',#5124,10.);
#1353=VECTOR('',#5135,10.);
#1354=VECTOR('',#5136,10.);
#1355=VECTOR('',#5145,10.);
#1356=VECTOR('',#5146,10.);
#1357=VECTOR('',#5149,10.);
#1358=VECTOR('',#5150,10.);
#1359=VECTOR('',#5151,10.);
#1360=VECTOR('',#5154,10.);
#1361=VECTOR('',#5159,10.);
#1362=VECTOR('',#5160,10.);
#1363=VECTOR('',#5163,10.);
#1364=VECTOR('',#5172,10.);
#1365=VECTOR('',#5175,10.);
#1366=VECTOR('',#5176,10.);
#1367=VECTOR('',#5177,10.);
#1368=VECTOR('',#5180,10.);
#1369=VECTOR('',#5181,10.);
#1370=VECTOR('',#5184,10.);
#1371=VECTOR('',#5187,10.);
#1372=VECTOR('',#5188,10.);
#1373=VECTOR('',#5195,10.);
#1374=VECTOR('',#5198,10.);
#1375=VECTOR('',#5201,10.);
#1376=VECTOR('',#5204,10.);
#1377=VECTOR('',#5207,10.);
#1378=VECTOR('',#5208,10.);
#1379=VECTOR('',#5211,10.);
#1380=VECTOR('',#5214,10.);
#1381=VECTOR('',#5217,10.);
#1382=VECTOR('',#5220,10.);
#1383=VECTOR('',#5223,10.);
#1384=VECTOR('',#5226,10.);
#1385=VECTOR('',#5231,10.);
#1386=VECTOR('',#5234,10.);
#1387=VECTOR('',#5237,10.);
#1388=CIRCLE('',#3670,1.);
#1389=CIRCLE('',#3672,1.);
#1390=CIRCLE('',#3674,1.);
#1391=CIRCLE('',#3676,1.);
#1392=CIRCLE('',#3679,2.99999999999998);
#1393=CIRCLE('',#3680,2.99999999999998);
#1394=CIRCLE('',#3683,2.99999999999997);
#1395=CIRCLE('',#3684,2.99999999999997);
#1396=CIRCLE('',#3686,2.99999999999998);
#1397=CIRCLE('',#3687,2.99999999999998);
#1398=CIRCLE('',#3690,2.99999999999998);
#1399=CIRCLE('',#3691,2.99999999999998);
#1400=CIRCLE('',#3694,1.09999999999999);
#1401=CIRCLE('',#3695,1.09999999999999);
#1402=CIRCLE('',#3698,1.1);
#1403=CIRCLE('',#3699,1.1);
#1404=CIRCLE('',#3703,3.00000000000001);
#1405=CIRCLE('',#3704,3.00000000000001);
#1406=CIRCLE('',#3707,3.);
#1407=CIRCLE('',#3708,3.);
#1408=CIRCLE('',#3710,3.00000000000001);
#1409=CIRCLE('',#3711,3.00000000000001);
#1410=CIRCLE('',#3714,3.00000000000001);
#1411=CIRCLE('',#3715,3.00000000000001);
#1412=CIRCLE('',#3719,2.99999999999998);
#1413=CIRCLE('',#3720,2.99999999999998);
#1414=CIRCLE('',#3723,3.);
#1415=CIRCLE('',#3724,3.);
#1416=CIRCLE('',#3727,2.99999999999997);
#1417=CIRCLE('',#3728,2.99999999999997);
#1418=CIRCLE('',#3730,2.99999999999997);
#1419=CIRCLE('',#3731,2.99999999999997);
#1420=CIRCLE('',#3734,11.5);
#1421=CIRCLE('',#3735,11.5);
#1422=CIRCLE('',#3738,11.5);
#1423=CIRCLE('',#3739,11.5);
#1424=CIRCLE('',#3746,0.999999999999996);
#1425=CIRCLE('',#3747,0.999999999999996);
#1426=CIRCLE('',#3749,1.00000000000001);
#1427=CIRCLE('',#3750,1.00000000000001);
#1428=CIRCLE('',#3752,0.999999999999996);
#1429=CIRCLE('',#3753,0.999999999999996);
#1430=CIRCLE('',#3755,1.00000000000001);
#1431=CIRCLE('',#3756,1.00000000000001);
#1432=CIRCLE('',#3758,0.999999999999996);
#1433=CIRCLE('',#3759,0.999999999999996);
#1434=CIRCLE('',#3761,1.00000000000001);
#1435=CIRCLE('',#3762,1.00000000000001);
#1436=CIRCLE('',#3764,0.999999999999996);
#1437=CIRCLE('',#3765,0.999999999999996);
#1438=CIRCLE('',#3767,0.999999999999996);
#1439=CIRCLE('',#3768,0.999999999999996);
#1440=CIRCLE('',#3770,0.999999999999996);
#1441=CIRCLE('',#3771,0.999999999999996);
#1442=CIRCLE('',#3773,0.999999999999996);
#1443=CIRCLE('',#3774,0.999999999999996);
#1444=CIRCLE('',#3776,1.00000000000001);
#1445=CIRCLE('',#3777,1.00000000000001);
#1446=CIRCLE('',#3779,1.00000000000001);
#1447=CIRCLE('',#3780,1.00000000000001);
#1448=CIRCLE('',#3782,0.999999999999996);
#1449=CIRCLE('',#3783,0.999999999999996);
#1450=CIRCLE('',#3785,0.999999999999996);
#1451=CIRCLE('',#3786,0.999999999999996);
#1452=CIRCLE('',#3788,0.999999999999996);
#1453=CIRCLE('',#3789,0.999999999999996);
#1454=CIRCLE('',#3791,0.999999999999996);
#1455=CIRCLE('',#3792,0.999999999999996);
#1456=CIRCLE('',#3794,1.00000000000001);
#1457=CIRCLE('',#3795,1.00000000000001);
#1458=CIRCLE('',#3797,1.00000000000001);
#1459=CIRCLE('',#3798,1.00000000000001);
#1460=CIRCLE('',#3800,1.00000000000001);
#1461=CIRCLE('',#3801,1.00000000000001);
#1462=CIRCLE('',#3803,0.999999999999996);
#1463=CIRCLE('',#3804,0.999999999999996);
#1464=CIRCLE('',#3806,0.999999999999996);
#1465=CIRCLE('',#3807,0.999999999999996);
#1466=CIRCLE('',#3809,0.999999999999996);
#1467=CIRCLE('',#3810,0.999999999999996);
#1468=CIRCLE('',#3812,0.999999999999996);
#1469=CIRCLE('',#3813,0.999999999999996);
#1470=CIRCLE('',#3815,1.00000000000001);
#1471=CIRCLE('',#3816,1.00000000000001);
#1472=CIRCLE('',#3818,1.00000000000001);
#1473=CIRCLE('',#3819,1.00000000000001);
#1474=CIRCLE('',#3821,1.00000000000001);
#1475=CIRCLE('',#3822,1.00000000000001);
#1476=CIRCLE('',#3824,0.999999999999996);
#1477=CIRCLE('',#3825,0.999999999999996);
#1478=CIRCLE('',#3827,0.999999999999996);
#1479=CIRCLE('',#3828,0.999999999999996);
#1480=CIRCLE('',#3830,0.999999999999996);
#1481=CIRCLE('',#3831,0.999999999999996);
#1482=CIRCLE('',#3833,1.00000000000001);
#1483=CIRCLE('',#3834,1.00000000000001);
#1484=CIRCLE('',#3836,1.00000000000001);
#1485=CIRCLE('',#3837,1.00000000000001);
#1486=CIRCLE('',#3839,0.999999999999996);
#1487=CIRCLE('',#3840,0.999999999999996);
#1488=CIRCLE('',#3842,0.999999999999996);
#1489=CIRCLE('',#3843,0.999999999999996);
#1490=CIRCLE('',#3845,0.999999999999996);
#1491=CIRCLE('',#3846,0.999999999999996);
#1492=CIRCLE('',#3848,0.999999999999996);
#1493=CIRCLE('',#3849,0.999999999999996);
#1494=CIRCLE('',#3851,0.999999999999996);
#1495=CIRCLE('',#3852,0.999999999999996);
#1496=CIRCLE('',#3854,0.999999999999996);
#1497=CIRCLE('',#3855,0.999999999999996);
#1498=CIRCLE('',#3857,0.999999999999996);
#1499=CIRCLE('',#3858,0.999999999999996);
#1500=CIRCLE('',#3860,0.999999999999996);
#1501=CIRCLE('',#3861,0.999999999999996);
#1502=CIRCLE('',#3863,0.999999999999996);
#1503=CIRCLE('',#3864,0.999999999999996);
#1504=CIRCLE('',#3866,0.999999999999996);
#1505=CIRCLE('',#3867,0.999999999999996);
#1506=CIRCLE('',#3869,1.00000000000001);
#1507=CIRCLE('',#3870,1.00000000000001);
#1508=CIRCLE('',#3872,0.999999999999996);
#1509=CIRCLE('',#3873,0.999999999999996);
#1510=CIRCLE('',#3875,1.00000000000001);
#1511=CIRCLE('',#3876,1.00000000000001);
#1512=CIRCLE('',#3878,0.999999999999996);
#1513=CIRCLE('',#3879,0.999999999999996);
#1514=CIRCLE('',#3881,0.999999999999996);
#1515=CIRCLE('',#3882,0.999999999999996);
#1516=CIRCLE('',#3884,1.00000000000001);
#1517=CIRCLE('',#3885,1.00000000000001);
#1518=CIRCLE('',#3887,0.999999999999996);
#1519=CIRCLE('',#3888,0.999999999999996);
#1520=CIRCLE('',#3890,0.999999999999996);
#1521=CIRCLE('',#3891,0.999999999999996);
#1522=CIRCLE('',#3893,0.999999999999996);
#1523=CIRCLE('',#3894,0.999999999999996);
#1524=CIRCLE('',#3896,0.999999999999996);
#1525=CIRCLE('',#3897,0.999999999999996);
#1526=CIRCLE('',#3899,0.999999999999996);
#1527=CIRCLE('',#3900,0.999999999999996);
#1528=CIRCLE('',#3902,0.999999999999996);
#1529=CIRCLE('',#3903,0.999999999999996);
#1530=CIRCLE('',#3905,1.00000000000001);
#1531=CIRCLE('',#3906,1.00000000000001);
#1532=CIRCLE('',#3908,0.999999999999996);
#1533=CIRCLE('',#3909,0.999999999999996);
#1534=CIRCLE('',#3911,0.999999999999996);
#1535=CIRCLE('',#3912,0.999999999999996);
#1536=CIRCLE('',#3914,0.999999999999996);
#1537=CIRCLE('',#3915,0.999999999999996);
#1538=CIRCLE('',#3917,0.999999999999996);
#1539=CIRCLE('',#3918,0.999999999999996);
#1540=CIRCLE('',#3920,1.00000000000001);
#1541=CIRCLE('',#3921,1.00000000000001);
#1542=CIRCLE('',#3923,1.00000000000001);
#1543=CIRCLE('',#3924,1.00000000000001);
#1544=CIRCLE('',#3926,1.00000000000001);
#1545=CIRCLE('',#3927,1.00000000000001);
#1546=CIRCLE('',#3929,1.00000000000001);
#1547=CIRCLE('',#3930,1.00000000000001);
#1548=CIRCLE('',#3932,0.999999999999996);
#1549=CIRCLE('',#3933,0.999999999999996);
#1550=CIRCLE('',#3935,1.00000000000001);
#1551=CIRCLE('',#3936,1.00000000000001);
#1552=CIRCLE('',#3938,0.999999999999996);
#1553=CIRCLE('',#3939,0.999999999999996);
#1554=CIRCLE('',#3941,1.00000000000001);
#1555=CIRCLE('',#3942,1.00000000000001);
#1556=CIRCLE('',#3944,1.00000000000001);
#1557=CIRCLE('',#3945,1.00000000000001);
#1558=CIRCLE('',#3947,1.00000000000001);
#1559=CIRCLE('',#3948,1.00000000000001);
#1560=CIRCLE('',#3950,0.999999999999996);
#1561=CIRCLE('',#3951,0.999999999999996);
#1562=CIRCLE('',#3953,0.999999999999996);
#1563=CIRCLE('',#3954,0.999999999999996);
#1564=CIRCLE('',#3956,0.999999999999996);
#1565=CIRCLE('',#3957,0.999999999999996);
#1566=CIRCLE('',#3959,1.00000000000001);
#1567=CIRCLE('',#3960,1.00000000000001);
#1568=CIRCLE('',#3962,0.999999999999996);
#1569=CIRCLE('',#3963,0.999999999999996);
#1570=CIRCLE('',#3965,0.999999999999996);
#1571=CIRCLE('',#3966,0.999999999999996);
#1572=CIRCLE('',#3968,1.00000000000001);
#1573=CIRCLE('',#3969,1.00000000000001);
#1574=CIRCLE('',#3971,0.999999999999996);
#1575=CIRCLE('',#3972,0.999999999999996);
#1576=CIRCLE('',#3974,0.999999999999996);
#1577=CIRCLE('',#3975,0.999999999999996);
#1578=CIRCLE('',#3977,0.999999999999996);
#1579=CIRCLE('',#3978,0.999999999999996);
#1580=CIRCLE('',#3980,1.00000000000001);
#1581=CIRCLE('',#3981,1.00000000000001);
#1582=CIRCLE('',#3983,0.999999999999996);
#1583=CIRCLE('',#3984,0.999999999999996);
#1584=CIRCLE('',#3986,1.00000000000001);
#1585=CIRCLE('',#3987,1.00000000000001);
#1586=CIRCLE('',#3989,0.999999999999996);
#1587=CIRCLE('',#3990,0.999999999999996);
#1588=CIRCLE('',#3992,0.999999999999996);
#1589=CIRCLE('',#3993,0.999999999999996);
#1590=CIRCLE('',#3995,1.00000000000001);
#1591=CIRCLE('',#3996,1.00000000000001);
#1592=CIRCLE('',#3999,2.99999999999994);
#1593=CIRCLE('',#4000,2.99999999999994);
#1594=CIRCLE('',#4003,2.99999999999999);
#1595=CIRCLE('',#4004,2.99999999999999);
#1596=CIRCLE('',#4007,3.00000000000002);
#1597=CIRCLE('',#4008,3.00000000000002);
#1598=CIRCLE('',#4011,2.99999999999999);
#1599=CIRCLE('',#4012,2.99999999999999);
#1600=CIRCLE('',#4014,1.5);
#1601=CIRCLE('',#4015,1.5);
#1602=CIRCLE('',#4018,1.5);
#1603=CIRCLE('',#4019,1.5);
#1604=CIRCLE('',#4022,1.5);
#1605=CIRCLE('',#4023,1.5);
#1606=CIRCLE('',#4026,1.5);
#1607=CIRCLE('',#4027,1.5);
#1608=CIRCLE('',#4030,1.99999999999999);
#1609=CIRCLE('',#4031,2.);
#1610=CIRCLE('',#4033,5.);
#1611=CIRCLE('',#4034,1.99999999999999);
#1612=CIRCLE('',#4035,3.);
#1613=CIRCLE('',#4037,2.);
#1614=CIRCLE('',#4039,5.);
#1615=CIRCLE('',#4040,1.99999999999999);
#1616=CIRCLE('',#4041,3.);
#1617=CIRCLE('',#4043,1.99999999999999);
#1618=CIRCLE('',#4045,5.00000000000002);
#1619=CIRCLE('',#4046,2.00000000000001);
#1620=CIRCLE('',#4047,3.00000000000002);
#1621=CIRCLE('',#4049,2.);
#1622=CIRCLE('',#4051,5.);
#1623=CIRCLE('',#4052,3.);
#1624=CIRCLE('',#4055,3.00000000000002);
#1625=CIRCLE('',#4058,3.);
#1626=CIRCLE('',#4061,3.);
#1627=CIRCLE('',#4064,3.);
#1628=CIRCLE('',#4065,9.);
#1629=CIRCLE('',#4066,3.);
#1630=CIRCLE('',#4067,9.);
#1631=CIRCLE('',#4068,12.);
#1632=CIRCLE('',#4070,9.);
#1633=CIRCLE('',#4071,9.);
#1634=CIRCLE('',#4072,12.);
#1635=CIRCLE('',#4073,3.00000000000001);
#1636=CIRCLE('',#4075,9.);
#1637=CIRCLE('',#4076,9.);
#1638=CIRCLE('',#4077,12.);
#1639=CIRCLE('',#4078,2.99999999999999);
#1640=CIRCLE('',#4080,9.);
#1641=CIRCLE('',#4081,9.);
#1642=CIRCLE('',#4082,12.);
#1643=CIRCLE('',#4083,3.);
#1644=CIRCLE('',#4087,12.);
#1645=CIRCLE('',#4090,12.);
#1646=CIRCLE('',#4093,12.);
#1647=CIRCLE('',#4094,12.);
#1648=CIRCLE('',#4095,9.49999999999999);
#1649=CIRCLE('',#4096,9.50000000000005);
#1650=CIRCLE('',#4097,9.5);
#1651=CIRCLE('',#4098,9.5);
#1652=CIRCLE('',#4100,9.5);
#1653=CIRCLE('',#4101,9.5);
#1654=CIRCLE('',#4102,9.50000000000005);
#1655=CIRCLE('',#4103,9.49999999999999);
#1656=VERTEX_POINT('',#5242);
#1657=VERTEX_POINT('',#5244);
#1658=VERTEX_POINT('',#5247);
#1659=VERTEX_POINT('',#5251);
#1660=VERTEX_POINT('',#5253);
#1661=VERTEX_POINT('',#5256);
#1662=VERTEX_POINT('',#5260);
#1663=VERTEX_POINT('',#5261);
#1664=VERTEX_POINT('',#5263);
#1665=VERTEX_POINT('',#5265);
#1666=VERTEX_POINT('',#5269);
#1667=VERTEX_POINT('',#5271);
#1668=VERTEX_POINT('',#5275);
#1669=VERTEX_POINT('',#5277);
#1670=VERTEX_POINT('',#5281);
#1671=VERTEX_POINT('',#5283);
#1672=VERTEX_POINT('',#5287);
#1673=VERTEX_POINT('',#5288);
#1674=VERTEX_POINT('',#5290);
#1675=VERTEX_POINT('',#5292);
#1676=VERTEX_POINT('',#5296);
#1677=VERTEX_POINT('',#5298);
#1678=VERTEX_POINT('',#5307);
#1679=VERTEX_POINT('',#5309);
#1680=VERTEX_POINT('',#5314);
#1681=VERTEX_POINT('',#5316);
#1682=VERTEX_POINT('',#5321);
#1683=VERTEX_POINT('',#5322);
#1684=VERTEX_POINT('',#5324);
#1685=VERTEX_POINT('',#5326);
#1686=VERTEX_POINT('',#5330);
#1687=VERTEX_POINT('',#5332);
#1688=VERTEX_POINT('',#5336);
#1689=VERTEX_POINT('',#5338);
#1690=VERTEX_POINT('',#5342);
#1691=VERTEX_POINT('',#5344);
#1692=VERTEX_POINT('',#5348);
#1693=VERTEX_POINT('',#5349);
#1694=VERTEX_POINT('',#5351);
#1695=VERTEX_POINT('',#5353);
#1696=VERTEX_POINT('',#5357);
#1697=VERTEX_POINT('',#5359);
#1698=VERTEX_POINT('',#5368);
#1699=VERTEX_POINT('',#5369);
#1700=VERTEX_POINT('',#5371);
#1701=VERTEX_POINT('',#5373);
#1702=VERTEX_POINT('',#5377);
#1703=VERTEX_POINT('',#5379);
#1704=VERTEX_POINT('',#5383);
#1705=VERTEX_POINT('',#5385);
#1706=VERTEX_POINT('',#5389);
#1707=VERTEX_POINT('',#5391);
#1708=VERTEX_POINT('',#5395);
#1709=VERTEX_POINT('',#5397);
#1710=VERTEX_POINT('',#5401);
#1711=VERTEX_POINT('',#5403);
#1712=VERTEX_POINT('',#5407);
#1713=VERTEX_POINT('',#5409);
#1714=VERTEX_POINT('',#5415);
#1715=VERTEX_POINT('',#5417);
#1716=VERTEX_POINT('',#5422);
#1717=VERTEX_POINT('',#5424);
#1718=VERTEX_POINT('',#5429);
#1719=VERTEX_POINT('',#5430);
#1720=VERTEX_POINT('',#5432);
#1721=VERTEX_POINT('',#5434);
#1722=VERTEX_POINT('',#5438);
#1723=VERTEX_POINT('',#5440);
#1724=VERTEX_POINT('',#5444);
#1725=VERTEX_POINT('',#5446);
#1726=VERTEX_POINT('',#5453);
#1727=VERTEX_POINT('',#5455);
#1728=VERTEX_POINT('',#5459);
#1729=VERTEX_POINT('',#5461);
#1730=VERTEX_POINT('',#5465);
#1731=VERTEX_POINT('',#5467);
#1732=VERTEX_POINT('',#5471);
#1733=VERTEX_POINT('',#5473);
#1734=VERTEX_POINT('',#5477);
#1735=VERTEX_POINT('',#5479);
#1736=VERTEX_POINT('',#5483);
#1737=VERTEX_POINT('',#5485);
#1738=VERTEX_POINT('',#5489);
#1739=VERTEX_POINT('',#5491);
#1740=VERTEX_POINT('',#5495);
#1741=VERTEX_POINT('',#5497);
#1742=VERTEX_POINT('',#5501);
#1743=VERTEX_POINT('',#5503);
#1744=VERTEX_POINT('',#5507);
#1745=VERTEX_POINT('',#5509);
#1746=VERTEX_POINT('',#5513);
#1747=VERTEX_POINT('',#5515);
#1748=VERTEX_POINT('',#5519);
#1749=VERTEX_POINT('',#5521);
#1750=VERTEX_POINT('',#5525);
#1751=VERTEX_POINT('',#5527);
#1752=VERTEX_POINT('',#5531);
#1753=VERTEX_POINT('',#5533);
#1754=VERTEX_POINT('',#5537);
#1755=VERTEX_POINT('',#5539);
#1756=VERTEX_POINT('',#5543);
#1757=VERTEX_POINT('',#5545);
#1758=VERTEX_POINT('',#5549);
#1759=VERTEX_POINT('',#5551);
#1760=VERTEX_POINT('',#5555);
#1761=VERTEX_POINT('',#5557);
#1762=VERTEX_POINT('',#5561);
#1763=VERTEX_POINT('',#5563);
#1764=VERTEX_POINT('',#5567);
#1765=VERTEX_POINT('',#5569);
#1766=VERTEX_POINT('',#5573);
#1767=VERTEX_POINT('',#5575);
#1768=VERTEX_POINT('',#5579);
#1769=VERTEX_POINT('',#5581);
#1770=VERTEX_POINT('',#5585);
#1771=VERTEX_POINT('',#5587);
#1772=VERTEX_POINT('',#5591);
#1773=VERTEX_POINT('',#5593);
#1774=VERTEX_POINT('',#5597);
#1775=VERTEX_POINT('',#5599);
#1776=VERTEX_POINT('',#5603);
#1777=VERTEX_POINT('',#5605);
#1778=VERTEX_POINT('',#5609);
#1779=VERTEX_POINT('',#5611);
#1780=VERTEX_POINT('',#5615);
#1781=VERTEX_POINT('',#5617);
#1782=VERTEX_POINT('',#5621);
#1783=VERTEX_POINT('',#5623);
#1784=VERTEX_POINT('',#5627);
#1785=VERTEX_POINT('',#5629);
#1786=VERTEX_POINT('',#5633);
#1787=VERTEX_POINT('',#5635);
#1788=VERTEX_POINT('',#5639);
#1789=VERTEX_POINT('',#5641);
#1790=VERTEX_POINT('',#5645);
#1791=VERTEX_POINT('',#5647);
#1792=VERTEX_POINT('',#5651);
#1793=VERTEX_POINT('',#5653);
#1794=VERTEX_POINT('',#5657);
#1795=VERTEX_POINT('',#5659);
#1796=VERTEX_POINT('',#5663);
#1797=VERTEX_POINT('',#5665);
#1798=VERTEX_POINT('',#5669);
#1799=VERTEX_POINT('',#5671);
#1800=VERTEX_POINT('',#5675);
#1801=VERTEX_POINT('',#5677);
#1802=VERTEX_POINT('',#5681);
#1803=VERTEX_POINT('',#5683);
#1804=VERTEX_POINT('',#5687);
#1805=VERTEX_POINT('',#5689);
#1806=VERTEX_POINT('',#5693);
#1807=VERTEX_POINT('',#5695);
#1808=VERTEX_POINT('',#5699);
#1809=VERTEX_POINT('',#5701);
#1810=VERTEX_POINT('',#5705);
#1811=VERTEX_POINT('',#5707);
#1812=VERTEX_POINT('',#5711);
#1813=VERTEX_POINT('',#5713);
#1814=VERTEX_POINT('',#5717);
#1815=VERTEX_POINT('',#5719);
#1816=VERTEX_POINT('',#5723);
#1817=VERTEX_POINT('',#5725);
#1818=VERTEX_POINT('',#5729);
#1819=VERTEX_POINT('',#5731);
#1820=VERTEX_POINT('',#5735);
#1821=VERTEX_POINT('',#5737);
#1822=VERTEX_POINT('',#5741);
#1823=VERTEX_POINT('',#5743);
#1824=VERTEX_POINT('',#5747);
#1825=VERTEX_POINT('',#5749);
#1826=VERTEX_POINT('',#5753);
#1827=VERTEX_POINT('',#5755);
#1828=VERTEX_POINT('',#5759);
#1829=VERTEX_POINT('',#5761);
#1830=VERTEX_POINT('',#5765);
#1831=VERTEX_POINT('',#5767);
#1832=VERTEX_POINT('',#5771);
#1833=VERTEX_POINT('',#5773);
#1834=VERTEX_POINT('',#5777);
#1835=VERTEX_POINT('',#5779);
#1836=VERTEX_POINT('',#5783);
#1837=VERTEX_POINT('',#5785);
#1838=VERTEX_POINT('',#5789);
#1839=VERTEX_POINT('',#5791);
#1840=VERTEX_POINT('',#5795);
#1841=VERTEX_POINT('',#5797);
#1842=VERTEX_POINT('',#5801);
#1843=VERTEX_POINT('',#5803);
#1844=VERTEX_POINT('',#5807);
#1845=VERTEX_POINT('',#5809);
#1846=VERTEX_POINT('',#5813);
#1847=VERTEX_POINT('',#5815);
#1848=VERTEX_POINT('',#5819);
#1849=VERTEX_POINT('',#5821);
#1850=VERTEX_POINT('',#5825);
#1851=VERTEX_POINT('',#5827);
#1852=VERTEX_POINT('',#5831);
#1853=VERTEX_POINT('',#5833);
#1854=VERTEX_POINT('',#5837);
#1855=VERTEX_POINT('',#5839);
#1856=VERTEX_POINT('',#5843);
#1857=VERTEX_POINT('',#5845);
#1858=VERTEX_POINT('',#5849);
#1859=VERTEX_POINT('',#5851);
#1860=VERTEX_POINT('',#5855);
#1861=VERTEX_POINT('',#5857);
#1862=VERTEX_POINT('',#5861);
#1863=VERTEX_POINT('',#5863);
#1864=VERTEX_POINT('',#5867);
#1865=VERTEX_POINT('',#5869);
#1866=VERTEX_POINT('',#5873);
#1867=VERTEX_POINT('',#5875);
#1868=VERTEX_POINT('',#5879);
#1869=VERTEX_POINT('',#5881);
#1870=VERTEX_POINT('',#5885);
#1871=VERTEX_POINT('',#5887);
#1872=VERTEX_POINT('',#5891);
#1873=VERTEX_POINT('',#5893);
#1874=VERTEX_POINT('',#5897);
#1875=VERTEX_POINT('',#5899);
#1876=VERTEX_POINT('',#5903);
#1877=VERTEX_POINT('',#5905);
#1878=VERTEX_POINT('',#5909);
#1879=VERTEX_POINT('',#5911);
#1880=VERTEX_POINT('',#5915);
#1881=VERTEX_POINT('',#5917);
#1882=VERTEX_POINT('',#5921);
#1883=VERTEX_POINT('',#5923);
#1884=VERTEX_POINT('',#5927);
#1885=VERTEX_POINT('',#5929);
#1886=VERTEX_POINT('',#5933);
#1887=VERTEX_POINT('',#5935);
#1888=VERTEX_POINT('',#5939);
#1889=VERTEX_POINT('',#5941);
#1890=VERTEX_POINT('',#5945);
#1891=VERTEX_POINT('',#5947);
#1892=VERTEX_POINT('',#5951);
#1893=VERTEX_POINT('',#5953);
#1894=VERTEX_POINT('',#5957);
#1895=VERTEX_POINT('',#5958);
#1896=VERTEX_POINT('',#5960);
#1897=VERTEX_POINT('',#5962);
#1898=VERTEX_POINT('',#5966);
#1899=VERTEX_POINT('',#5968);
#1900=VERTEX_POINT('',#5972);
#1901=VERTEX_POINT('',#5974);
#1902=VERTEX_POINT('',#5978);
#1903=VERTEX_POINT('',#5980);
#1904=VERTEX_POINT('',#5984);
#1905=VERTEX_POINT('',#5986);
#1906=VERTEX_POINT('',#5990);
#1907=VERTEX_POINT('',#5992);
#1908=VERTEX_POINT('',#5996);
#1909=VERTEX_POINT('',#5998);
#1910=VERTEX_POINT('',#6005);
#1911=VERTEX_POINT('',#6007);
#1912=VERTEX_POINT('',#6012);
#1913=VERTEX_POINT('',#6014);
#1914=VERTEX_POINT('',#6019);
#1915=VERTEX_POINT('',#6021);
#1916=VERTEX_POINT('',#6026);
#1917=VERTEX_POINT('',#6028);
#1918=VERTEX_POINT('',#6033);
#1919=VERTEX_POINT('',#6034);
#1920=VERTEX_POINT('',#6036);
#1921=VERTEX_POINT('',#6038);
#1922=VERTEX_POINT('',#6042);
#1923=VERTEX_POINT('',#6044);
#1924=VERTEX_POINT('',#6048);
#1925=VERTEX_POINT('',#6050);
#1926=VERTEX_POINT('',#6054);
#1927=VERTEX_POINT('',#6056);
#1928=VERTEX_POINT('',#6060);
#1929=VERTEX_POINT('',#6062);
#1930=VERTEX_POINT('',#6066);
#1931=VERTEX_POINT('',#6068);
#1932=VERTEX_POINT('',#6072);
#1933=VERTEX_POINT('',#6074);
#1934=VERTEX_POINT('',#6081);
#1935=VERTEX_POINT('',#6083);
#1936=VERTEX_POINT('',#6087);
#1937=VERTEX_POINT('',#6091);
#1938=VERTEX_POINT('',#6095);
#1939=VERTEX_POINT('',#6099);
#1940=VERTEX_POINT('',#6103);
#1941=VERTEX_POINT('',#6107);
#1942=VERTEX_POINT('',#6121);
#1943=VERTEX_POINT('',#6122);
#1944=VERTEX_POINT('',#6124);
#1945=VERTEX_POINT('',#6126);
#1946=VERTEX_POINT('',#6130);
#1947=VERTEX_POINT('',#6131);
#1948=VERTEX_POINT('',#6144);
#1949=VERTEX_POINT('',#6145);
#1950=VERTEX_POINT('',#6150);
#1951=VERTEX_POINT('',#6151);
#1952=VERTEX_POINT('',#6164);
#1953=VERTEX_POINT('',#6165);
#1954=VERTEX_POINT('',#6170);
#1955=VERTEX_POINT('',#6171);
#1956=VERTEX_POINT('',#6184);
#1957=VERTEX_POINT('',#6185);
#1958=VERTEX_POINT('',#6193);
#1959=VERTEX_POINT('',#6195);
#1960=VERTEX_POINT('',#6199);
#1961=VERTEX_POINT('',#6203);
#1962=VERTEX_POINT('',#6207);
#1963=VERTEX_POINT('',#6212);
#1964=VERTEX_POINT('',#6214);
#1965=VERTEX_POINT('',#6216);
#1966=VERTEX_POINT('',#6219);
#1967=VERTEX_POINT('',#6221);
#1968=VERTEX_POINT('',#6223);
#1969=VERTEX_POINT('',#6226);
#1970=VERTEX_POINT('',#6228);
#1971=VERTEX_POINT('',#6230);
#1972=VERTEX_POINT('',#6232);
#1973=VERTEX_POINT('',#6235);
#1974=VERTEX_POINT('',#6239);
#1975=VERTEX_POINT('',#6240);
#1976=VERTEX_POINT('',#6242);
#1977=VERTEX_POINT('',#6244);
#1978=VERTEX_POINT('',#6246);
#1979=VERTEX_POINT('',#6248);
#1980=VERTEX_POINT('',#6250);
#1981=VERTEX_POINT('',#6252);
#1982=EDGE_CURVE('',#1656,#1656,#1388,.T.);
#1983=EDGE_CURVE('',#1656,#1657,#932,.T.);
#1984=EDGE_CURVE('',#1658,#1658,#1389,.T.);
#1985=EDGE_CURVE('',#1658,#1656,#933,.T.);
#1986=EDGE_CURVE('',#1659,#1659,#1390,.T.);
#1987=EDGE_CURVE('',#1659,#1660,#934,.T.);
#1988=EDGE_CURVE('',#1661,#1661,#1391,.T.);
#1989=EDGE_CURVE('',#1661,#1659,#935,.T.);
#1990=EDGE_CURVE('',#1662,#1663,#936,.T.);
#1991=EDGE_CURVE('',#1662,#1664,#937,.T.);
#1992=EDGE_CURVE('',#1665,#1664,#938,.T.);
#1993=EDGE_CURVE('',#1663,#1665,#939,.T.);
#1994=EDGE_CURVE('',#1663,#1666,#1392,.T.);
#1995=EDGE_CURVE('',#1667,#1665,#1393,.T.);
#1996=EDGE_CURVE('',#1666,#1667,#940,.T.);
#1997=EDGE_CURVE('',#1666,#1668,#941,.T.);
#1998=EDGE_CURVE('',#1669,#1667,#942,.T.);
#1999=EDGE_CURVE('',#1668,#1669,#943,.T.);
#2000=EDGE_CURVE('',#1668,#1670,#1394,.T.);
#2001=EDGE_CURVE('',#1671,#1669,#1395,.T.);
#2002=EDGE_CURVE('',#1670,#1671,#944,.T.);
#2003=EDGE_CURVE('',#1672,#1673,#1396,.T.);
#2004=EDGE_CURVE('',#1672,#1674,#945,.T.);
#2005=EDGE_CURVE('',#1675,#1674,#1397,.T.);
#2006=EDGE_CURVE('',#1673,#1675,#946,.T.);
#2007=EDGE_CURVE('',#1673,#1676,#947,.T.);
#2008=EDGE_CURVE('',#1677,#1675,#948,.T.);
#2009=EDGE_CURVE('',#1676,#1677,#949,.T.);
#2010=EDGE_CURVE('',#1676,#1662,#1398,.T.);
#2011=EDGE_CURVE('',#1664,#1677,#1399,.T.);
#2012=EDGE_CURVE('',#1674,#1671,#950,.T.);
#2013=EDGE_CURVE('',#1678,#1678,#1400,.T.);
#2014=EDGE_CURVE('',#1678,#1679,#951,.T.);
#2015=EDGE_CURVE('',#1679,#1679,#1401,.T.);
#2016=EDGE_CURVE('',#1680,#1680,#1402,.T.);
#2017=EDGE_CURVE('',#1680,#1681,#952,.T.);
#2018=EDGE_CURVE('',#1681,#1681,#1403,.T.);
#2019=EDGE_CURVE('',#1682,#1683,#953,.T.);
#2020=EDGE_CURVE('',#1682,#1684,#954,.T.);
#2021=EDGE_CURVE('',#1685,#1684,#955,.T.);
#2022=EDGE_CURVE('',#1683,#1685,#956,.T.);
#2023=EDGE_CURVE('',#1683,#1686,#1404,.T.);
#2024=EDGE_CURVE('',#1687,#1685,#1405,.T.);
#2025=EDGE_CURVE('',#1686,#1687,#957,.T.);
#2026=EDGE_CURVE('',#1686,#1688,#958,.T.);
#2027=EDGE_CURVE('',#1689,#1687,#959,.T.);
#2028=EDGE_CURVE('',#1688,#1689,#960,.T.);
#2029=EDGE_CURVE('',#1688,#1690,#1406,.T.);
#2030=EDGE_CURVE('',#1691,#1689,#1407,.T.);
#2031=EDGE_CURVE('',#1690,#1691,#961,.T.);
#2032=EDGE_CURVE('',#1692,#1693,#1408,.T.);
#2033=EDGE_CURVE('',#1692,#1694,#962,.T.);
#2034=EDGE_CURVE('',#1695,#1694,#1409,.T.);
#2035=EDGE_CURVE('',#1693,#1695,#963,.T.);
#2036=EDGE_CURVE('',#1693,#1696,#964,.T.);
#2037=EDGE_CURVE('',#1697,#1695,#965,.T.);
#2038=EDGE_CURVE('',#1696,#1697,#966,.T.);
#2039=EDGE_CURVE('',#1696,#1682,#1410,.T.);
#2040=EDGE_CURVE('',#1684,#1697,#1411,.T.);
#2041=EDGE_CURVE('',#1694,#1691,#967,.T.);
#2042=EDGE_CURVE('',#1698,#1699,#968,.T.);
#2043=EDGE_CURVE('',#1698,#1700,#969,.T.);
#2044=EDGE_CURVE('',#1701,#1700,#970,.T.);
#2045=EDGE_CURVE('',#1699,#1701,#971,.T.);
#2046=EDGE_CURVE('',#1699,#1702,#1412,.T.);
#2047=EDGE_CURVE('',#1703,#1701,#1413,.T.);
#2048=EDGE_CURVE('',#1702,#1703,#972,.T.);
#2049=EDGE_CURVE('',#1702,#1704,#973,.T.);
#2050=EDGE_CURVE('',#1705,#1703,#974,.T.);
#2051=EDGE_CURVE('',#1704,#1705,#975,.T.);
#2052=EDGE_CURVE('',#1704,#1706,#1414,.T.);
#2053=EDGE_CURVE('',#1707,#1705,#1415,.T.);
#2054=EDGE_CURVE('',#1706,#1707,#976,.T.);
#2055=EDGE_CURVE('',#1706,#1708,#977,.T.);
#2056=EDGE_CURVE('',#1709,#1707,#978,.T.);
#2057=EDGE_CURVE('',#1708,#1709,#979,.T.);
#2058=EDGE_CURVE('',#1708,#1710,#1416,.T.);
#2059=EDGE_CURVE('',#1711,#1709,#1417,.T.);
#2060=EDGE_CURVE('',#1710,#1711,#980,.T.);
#2061=EDGE_CURVE('',#1712,#1698,#1418,.T.);
#2062=EDGE_CURVE('',#1712,#1713,#981,.T.);
#2063=EDGE_CURVE('',#1700,#1713,#1419,.T.);
#2064=EDGE_CURVE('',#1713,#1711,#982,.T.);
#2065=EDGE_CURVE('',#1714,#1714,#1420,.T.);
#2066=EDGE_CURVE('',#1714,#1715,#983,.T.);
#2067=EDGE_CURVE('',#1715,#1715,#1421,.T.);
#2068=EDGE_CURVE('',#1716,#1716,#1422,.T.);
#2069=EDGE_CURVE('',#1716,#1717,#984,.T.);
#2070=EDGE_CURVE('',#1717,#1717,#1423,.T.);
#2071=EDGE_CURVE('',#1718,#1719,#985,.T.);
#2072=EDGE_CURVE('',#1718,#1720,#986,.T.);
#2073=EDGE_CURVE('',#1721,#1720,#987,.T.);
#2074=EDGE_CURVE('',#1719,#1721,#988,.T.);
#2075=EDGE_CURVE('',#1722,#1718,#989,.T.);
#2076=EDGE_CURVE('',#1722,#1723,#990,.T.);
#2077=EDGE_CURVE('',#1720,#1723,#991,.T.);
#2078=EDGE_CURVE('',#1724,#1722,#992,.T.);
#2079=EDGE_CURVE('',#1724,#1725,#993,.T.);
#2080=EDGE_CURVE('',#1723,#1725,#994,.T.);
#2081=EDGE_CURVE('',#1719,#1724,#995,.T.);
#2082=EDGE_CURVE('',#1725,#1721,#996,.T.);
#2083=EDGE_CURVE('',#1726,#1726,#1424,.T.);
#2084=EDGE_CURVE('',#1726,#1727,#997,.T.);
#2085=EDGE_CURVE('',#1727,#1727,#1425,.T.);
#2086=EDGE_CURVE('',#1728,#1728,#1426,.T.);
#2087=EDGE_CURVE('',#1728,#1729,#998,.T.);
#2088=EDGE_CURVE('',#1729,#1729,#1427,.T.);
#2089=EDGE_CURVE('',#1730,#1730,#1428,.T.);
#2090=EDGE_CURVE('',#1730,#1731,#999,.T.);
#2091=EDGE_CURVE('',#1731,#1731,#1429,.T.);
#2092=EDGE_CURVE('',#1732,#1732,#1430,.T.);
#2093=EDGE_CURVE('',#1732,#1733,#1000,.T.);
#2094=EDGE_CURVE('',#1733,#1733,#1431,.T.);
#2095=EDGE_CURVE('',#1734,#1734,#1432,.T.);
#2096=EDGE_CURVE('',#1734,#1735,#1001,.T.);
#2097=EDGE_CURVE('',#1735,#1735,#1433,.T.);
#2098=EDGE_CURVE('',#1736,#1736,#1434,.T.);
#2099=EDGE_CURVE('',#1736,#1737,#1002,.T.);
#2100=EDGE_CURVE('',#1737,#1737,#1435,.T.);
#2101=EDGE_CURVE('',#1738,#1738,#1436,.T.);
#2102=EDGE_CURVE('',#1738,#1739,#1003,.T.);
#2103=EDGE_CURVE('',#1739,#1739,#1437,.T.);
#2104=EDGE_CURVE('',#1740,#1740,#1438,.T.);
#2105=EDGE_CURVE('',#1740,#1741,#1004,.T.);
#2106=EDGE_CURVE('',#1741,#1741,#1439,.T.);
#2107=EDGE_CURVE('',#1742,#1742,#1440,.T.);
#2108=EDGE_CURVE('',#1742,#1743,#1005,.T.);
#2109=EDGE_CURVE('',#1743,#1743,#1441,.T.);
#2110=EDGE_CURVE('',#1744,#1744,#1442,.T.);
#2111=EDGE_CURVE('',#1744,#1745,#1006,.T.);
#2112=EDGE_CURVE('',#1745,#1745,#1443,.T.);
#2113=EDGE_CURVE('',#1746,#1746,#1444,.T.);
#2114=EDGE_CURVE('',#1746,#1747,#1007,.T.);
#2115=EDGE_CURVE('',#1747,#1747,#1445,.T.);
#2116=EDGE_CURVE('',#1748,#1748,#1446,.T.);
#2117=EDGE_CURVE('',#1748,#1749,#1008,.T.);
#2118=EDGE_CURVE('',#1749,#1749,#1447,.T.);
#2119=EDGE_CURVE('',#1750,#1750,#1448,.T.);
#2120=EDGE_CURVE('',#1750,#1751,#1009,.T.);
#2121=EDGE_CURVE('',#1751,#1751,#1449,.T.);
#2122=EDGE_CURVE('',#1752,#1752,#1450,.T.);
#2123=EDGE_CURVE('',#1752,#1753,#1010,.T.);
#2124=EDGE_CURVE('',#1753,#1753,#1451,.T.);
#2125=EDGE_CURVE('',#1754,#1754,#1452,.T.);
#2126=EDGE_CURVE('',#1754,#1755,#1011,.T.);
#2127=EDGE_CURVE('',#1755,#1755,#1453,.T.);
#2128=EDGE_CURVE('',#1756,#1756,#1454,.T.);
#2129=EDGE_CURVE('',#1756,#1757,#1012,.T.);
#2130=EDGE_CURVE('',#1757,#1757,#1455,.T.);
#2131=EDGE_CURVE('',#1758,#1758,#1456,.T.);
#2132=EDGE_CURVE('',#1758,#1759,#1013,.T.);
#2133=EDGE_CURVE('',#1759,#1759,#1457,.T.);
#2134=EDGE_CURVE('',#1760,#1760,#1458,.T.);
#2135=EDGE_CURVE('',#1760,#1761,#1014,.T.);
#2136=EDGE_CURVE('',#1761,#1761,#1459,.T.);
#2137=EDGE_CURVE('',#1762,#1762,#1460,.T.);
#2138=EDGE_CURVE('',#1762,#1763,#1015,.T.);
#2139=EDGE_CURVE('',#1763,#1763,#1461,.T.);
#2140=EDGE_CURVE('',#1764,#1764,#1462,.T.);
#2141=EDGE_CURVE('',#1764,#1765,#1016,.T.);
#2142=EDGE_CURVE('',#1765,#1765,#1463,.T.);
#2143=EDGE_CURVE('',#1766,#1766,#1464,.T.);
#2144=EDGE_CURVE('',#1766,#1767,#1017,.T.);
#2145=EDGE_CURVE('',#1767,#1767,#1465,.T.);
#2146=EDGE_CURVE('',#1768,#1768,#1466,.T.);
#2147=EDGE_CURVE('',#1768,#1769,#1018,.T.);
#2148=EDGE_CURVE('',#1769,#1769,#1467,.T.);
#2149=EDGE_CURVE('',#1770,#1770,#1468,.T.);
#2150=EDGE_CURVE('',#1770,#1771,#1019,.T.);
#2151=EDGE_CURVE('',#1771,#1771,#1469,.T.);
#2152=EDGE_CURVE('',#1772,#1772,#1470,.T.);
#2153=EDGE_CURVE('',#1772,#1773,#1020,.T.);
#2154=EDGE_CURVE('',#1773,#1773,#1471,.T.);
#2155=EDGE_CURVE('',#1774,#1774,#1472,.T.);
#2156=EDGE_CURVE('',#1774,#1775,#1021,.T.);
#2157=EDGE_CURVE('',#1775,#1775,#1473,.T.);
#2158=EDGE_CURVE('',#1776,#1776,#1474,.T.);
#2159=EDGE_CURVE('',#1776,#1777,#1022,.T.);
#2160=EDGE_CURVE('',#1777,#1777,#1475,.T.);
#2161=EDGE_CURVE('',#1778,#1778,#1476,.T.);
#2162=EDGE_CURVE('',#1778,#1779,#1023,.T.);
#2163=EDGE_CURVE('',#1779,#1779,#1477,.T.);
#2164=EDGE_CURVE('',#1780,#1780,#1478,.T.);
#2165=EDGE_CURVE('',#1780,#1781,#1024,.T.);
#2166=EDGE_CURVE('',#1781,#1781,#1479,.T.);
#2167=EDGE_CURVE('',#1782,#1782,#1480,.T.);
#2168=EDGE_CURVE('',#1782,#1783,#1025,.T.);
#2169=EDGE_CURVE('',#1783,#1783,#1481,.T.);
#2170=EDGE_CURVE('',#1784,#1784,#1482,.T.);
#2171=EDGE_CURVE('',#1784,#1785,#1026,.T.);
#2172=EDGE_CURVE('',#1785,#1785,#1483,.T.);
#2173=EDGE_CURVE('',#1786,#1786,#1484,.T.);
#2174=EDGE_CURVE('',#1786,#1787,#1027,.T.);
#2175=EDGE_CURVE('',#1787,#1787,#1485,.T.);
#2176=EDGE_CURVE('',#1788,#1788,#1486,.T.);
#2177=EDGE_CURVE('',#1788,#1789,#1028,.T.);
#2178=EDGE_CURVE('',#1789,#1789,#1487,.T.);
#2179=EDGE_CURVE('',#1790,#1790,#1488,.T.);
#2180=EDGE_CURVE('',#1790,#1791,#1029,.T.);
#2181=EDGE_CURVE('',#1791,#1791,#1489,.T.);
#2182=EDGE_CURVE('',#1792,#1792,#1490,.T.);
#2183=EDGE_CURVE('',#1792,#1793,#1030,.T.);
#2184=EDGE_CURVE('',#1793,#1793,#1491,.T.);
#2185=EDGE_CURVE('',#1794,#1794,#1492,.T.);
#2186=EDGE_CURVE('',#1794,#1795,#1031,.T.);
#2187=EDGE_CURVE('',#1795,#1795,#1493,.T.);
#2188=EDGE_CURVE('',#1796,#1796,#1494,.T.);
#2189=EDGE_CURVE('',#1796,#1797,#1032,.T.);
#2190=EDGE_CURVE('',#1797,#1797,#1495,.T.);
#2191=EDGE_CURVE('',#1798,#1798,#1496,.T.);
#2192=EDGE_CURVE('',#1798,#1799,#1033,.T.);
#2193=EDGE_CURVE('',#1799,#1799,#1497,.T.);
#2194=EDGE_CURVE('',#1800,#1800,#1498,.T.);
#2195=EDGE_CURVE('',#1800,#1801,#1034,.T.);
#2196=EDGE_CURVE('',#1801,#1801,#1499,.T.);
#2197=EDGE_CURVE('',#1802,#1802,#1500,.T.);
#2198=EDGE_CURVE('',#1802,#1803,#1035,.T.);
#2199=EDGE_CURVE('',#1803,#1803,#1501,.T.);
#2200=EDGE_CURVE('',#1804,#1804,#1502,.T.);
#2201=EDGE_CURVE('',#1804,#1805,#1036,.T.);
#2202=EDGE_CURVE('',#1805,#1805,#1503,.T.);
#2203=EDGE_CURVE('',#1806,#1806,#1504,.T.);
#2204=EDGE_CURVE('',#1806,#1807,#1037,.T.);
#2205=EDGE_CURVE('',#1807,#1807,#1505,.T.);
#2206=EDGE_CURVE('',#1808,#1808,#1506,.T.);
#2207=EDGE_CURVE('',#1808,#1809,#1038,.T.);
#2208=EDGE_CURVE('',#1809,#1809,#1507,.T.);
#2209=EDGE_CURVE('',#1810,#1810,#1508,.T.);
#2210=EDGE_CURVE('',#1810,#1811,#1039,.T.);
#2211=EDGE_CURVE('',#1811,#1811,#1509,.T.);
#2212=EDGE_CURVE('',#1812,#1812,#1510,.T.);
#2213=EDGE_CURVE('',#1812,#1813,#1040,.T.);
#2214=EDGE_CURVE('',#1813,#1813,#1511,.T.);
#2215=EDGE_CURVE('',#1814,#1814,#1512,.T.);
#2216=EDGE_CURVE('',#1814,#1815,#1041,.T.);
#2217=EDGE_CURVE('',#1815,#1815,#1513,.T.);
#2218=EDGE_CURVE('',#1816,#1816,#1514,.T.);
#2219=EDGE_CURVE('',#1816,#1817,#1042,.T.);
#2220=EDGE_CURVE('',#1817,#1817,#1515,.T.);
#2221=EDGE_CURVE('',#1818,#1818,#1516,.T.);
#2222=EDGE_CURVE('',#1818,#1819,#1043,.T.);
#2223=EDGE_CURVE('',#1819,#1819,#1517,.T.);
#2224=EDGE_CURVE('',#1820,#1820,#1518,.T.);
#2225=EDGE_CURVE('',#1820,#1821,#1044,.T.);
#2226=EDGE_CURVE('',#1821,#1821,#1519,.T.);
#2227=EDGE_CURVE('',#1822,#1822,#1520,.T.);
#2228=EDGE_CURVE('',#1822,#1823,#1045,.T.);
#2229=EDGE_CURVE('',#1823,#1823,#1521,.T.);
#2230=EDGE_CURVE('',#1824,#1824,#1522,.T.);
#2231=EDGE_CURVE('',#1824,#1825,#1046,.T.);
#2232=EDGE_CURVE('',#1825,#1825,#1523,.T.);
#2233=EDGE_CURVE('',#1826,#1826,#1524,.T.);
#2234=EDGE_CURVE('',#1826,#1827,#1047,.T.);
#2235=EDGE_CURVE('',#1827,#1827,#1525,.T.);
#2236=EDGE_CURVE('',#1828,#1828,#1526,.T.);
#2237=EDGE_CURVE('',#1828,#1829,#1048,.T.);
#2238=EDGE_CURVE('',#1829,#1829,#1527,.T.);
#2239=EDGE_CURVE('',#1830,#1830,#1528,.T.);
#2240=EDGE_CURVE('',#1830,#1831,#1049,.T.);
#2241=EDGE_CURVE('',#1831,#1831,#1529,.T.);
#2242=EDGE_CURVE('',#1832,#1832,#1530,.T.);
#2243=EDGE_CURVE('',#1832,#1833,#1050,.T.);
#2244=EDGE_CURVE('',#1833,#1833,#1531,.T.);
#2245=EDGE_CURVE('',#1834,#1834,#1532,.T.);
#2246=EDGE_CURVE('',#1834,#1835,#1051,.T.);
#2247=EDGE_CURVE('',#1835,#1835,#1533,.T.);
#2248=EDGE_CURVE('',#1836,#1836,#1534,.T.);
#2249=EDGE_CURVE('',#1836,#1837,#1052,.T.);
#2250=EDGE_CURVE('',#1837,#1837,#1535,.T.);
#2251=EDGE_CURVE('',#1838,#1838,#1536,.T.);
#2252=EDGE_CURVE('',#1838,#1839,#1053,.T.);
#2253=EDGE_CURVE('',#1839,#1839,#1537,.T.);
#2254=EDGE_CURVE('',#1840,#1840,#1538,.T.);
#2255=EDGE_CURVE('',#1840,#1841,#1054,.T.);
#2256=EDGE_CURVE('',#1841,#1841,#1539,.T.);
#2257=EDGE_CURVE('',#1842,#1842,#1540,.T.);
#2258=EDGE_CURVE('',#1842,#1843,#1055,.T.);
#2259=EDGE_CURVE('',#1843,#1843,#1541,.T.);
#2260=EDGE_CURVE('',#1844,#1844,#1542,.T.);
#2261=EDGE_CURVE('',#1844,#1845,#1056,.T.);
#2262=EDGE_CURVE('',#1845,#1845,#1543,.T.);
#2263=EDGE_CURVE('',#1846,#1846,#1544,.T.);
#2264=EDGE_CURVE('',#1846,#1847,#1057,.T.);
#2265=EDGE_CURVE('',#1847,#1847,#1545,.T.);
#2266=EDGE_CURVE('',#1848,#1848,#1546,.T.);
#2267=EDGE_CURVE('',#1848,#1849,#1058,.T.);
#2268=EDGE_CURVE('',#1849,#1849,#1547,.T.);
#2269=EDGE_CURVE('',#1850,#1850,#1548,.T.);
#2270=EDGE_CURVE('',#1850,#1851,#1059,.T.);
#2271=EDGE_CURVE('',#1851,#1851,#1549,.T.);
#2272=EDGE_CURVE('',#1852,#1852,#1550,.T.);
#2273=EDGE_CURVE('',#1852,#1853,#1060,.T.);
#2274=EDGE_CURVE('',#1853,#1853,#1551,.T.);
#2275=EDGE_CURVE('',#1854,#1854,#1552,.T.);
#2276=EDGE_CURVE('',#1854,#1855,#1061,.T.);
#2277=EDGE_CURVE('',#1855,#1855,#1553,.T.);
#2278=EDGE_CURVE('',#1856,#1856,#1554,.T.);
#2279=EDGE_CURVE('',#1856,#1857,#1062,.T.);
#2280=EDGE_CURVE('',#1857,#1857,#1555,.T.);
#2281=EDGE_CURVE('',#1858,#1858,#1556,.T.);
#2282=EDGE_CURVE('',#1858,#1859,#1063,.T.);
#2283=EDGE_CURVE('',#1859,#1859,#1557,.T.);
#2284=EDGE_CURVE('',#1860,#1860,#1558,.T.);
#2285=EDGE_CURVE('',#1860,#1861,#1064,.T.);
#2286=EDGE_CURVE('',#1861,#1861,#1559,.T.);
#2287=EDGE_CURVE('',#1862,#1862,#1560,.T.);
#2288=EDGE_CURVE('',#1862,#1863,#1065,.T.);
#2289=EDGE_CURVE('',#1863,#1863,#1561,.T.);
#2290=EDGE_CURVE('',#1864,#1864,#1562,.T.);
#2291=EDGE_CURVE('',#1864,#1865,#1066,.T.);
#2292=EDGE_CURVE('',#1865,#1865,#1563,.T.);
#2293=EDGE_CURVE('',#1866,#1866,#1564,.T.);
#2294=EDGE_CURVE('',#1866,#1867,#1067,.T.);
#2295=EDGE_CURVE('',#1867,#1867,#1565,.T.);
#2296=EDGE_CURVE('',#1868,#1868,#1566,.T.);
#2297=EDGE_CURVE('',#1868,#1869,#1068,.T.);
#2298=EDGE_CURVE('',#1869,#1869,#1567,.T.);
#2299=EDGE_CURVE('',#1870,#1870,#1568,.T.);
#2300=EDGE_CURVE('',#1870,#1871,#1069,.T.);
#2301=EDGE_CURVE('',#1871,#1871,#1569,.T.);
#2302=EDGE_CURVE('',#1872,#1872,#1570,.T.);
#2303=EDGE_CURVE('',#1872,#1873,#1070,.T.);
#2304=EDGE_CURVE('',#1873,#1873,#1571,.T.);
#2305=EDGE_CURVE('',#1874,#1874,#1572,.T.);
#2306=EDGE_CURVE('',#1874,#1875,#1071,.T.);
#2307=EDGE_CURVE('',#1875,#1875,#1573,.T.);
#2308=EDGE_CURVE('',#1876,#1876,#1574,.T.);
#2309=EDGE_CURVE('',#1876,#1877,#1072,.T.);
#2310=EDGE_CURVE('',#1877,#1877,#1575,.T.);
#2311=EDGE_CURVE('',#1878,#1878,#1576,.T.);
#2312=EDGE_CURVE('',#1878,#1879,#1073,.T.);
#2313=EDGE_CURVE('',#1879,#1879,#1577,.T.);
#2314=EDGE_CURVE('',#1880,#1880,#1578,.T.);
#2315=EDGE_CURVE('',#1880,#1881,#1074,.T.);
#2316=EDGE_CURVE('',#1881,#1881,#1579,.T.);
#2317=EDGE_CURVE('',#1882,#1882,#1580,.T.);
#2318=EDGE_CURVE('',#1882,#1883,#1075,.T.);
#2319=EDGE_CURVE('',#1883,#1883,#1581,.T.);
#2320=EDGE_CURVE('',#1884,#1884,#1582,.T.);
#2321=EDGE_CURVE('',#1884,#1885,#1076,.T.);
#2322=EDGE_CURVE('',#1885,#1885,#1583,.T.);
#2323=EDGE_CURVE('',#1886,#1886,#1584,.T.);
#2324=EDGE_CURVE('',#1886,#1887,#1077,.T.);
#2325=EDGE_CURVE('',#1887,#1887,#1585,.T.);
#2326=EDGE_CURVE('',#1888,#1888,#1586,.T.);
#2327=EDGE_CURVE('',#1888,#1889,#1078,.T.);
#2328=EDGE_CURVE('',#1889,#1889,#1587,.T.);
#2329=EDGE_CURVE('',#1890,#1890,#1588,.T.);
#2330=EDGE_CURVE('',#1890,#1891,#1079,.T.);
#2331=EDGE_CURVE('',#1891,#1891,#1589,.T.);
#2332=EDGE_CURVE('',#1892,#1892,#1590,.T.);
#2333=EDGE_CURVE('',#1892,#1893,#1080,.T.);
#2334=EDGE_CURVE('',#1893,#1893,#1591,.T.);
#2335=EDGE_CURVE('',#1894,#1895,#1081,.T.);
#2336=EDGE_CURVE('',#1894,#1896,#1082,.T.);
#2337=EDGE_CURVE('',#1897,#1896,#1083,.T.);
#2338=EDGE_CURVE('',#1895,#1897,#1084,.T.);
#2339=EDGE_CURVE('',#1898,#1894,#1592,.T.);
#2340=EDGE_CURVE('',#1898,#1899,#1085,.T.);
#2341=EDGE_CURVE('',#1896,#1899,#1593,.T.);
#2342=EDGE_CURVE('',#1900,#1898,#1086,.T.);
#2343=EDGE_CURVE('',#1900,#1901,#1087,.T.);
#2344=EDGE_CURVE('',#1899,#1901,#1088,.T.);
#2345=EDGE_CURVE('',#1902,#1900,#1594,.T.);
#2346=EDGE_CURVE('',#1902,#1903,#1089,.T.);
#2347=EDGE_CURVE('',#1901,#1903,#1595,.T.);
#2348=EDGE_CURVE('',#1904,#1902,#1090,.T.);
#2349=EDGE_CURVE('',#1904,#1905,#1091,.T.);
#2350=EDGE_CURVE('',#1903,#1905,#1092,.T.);
#2351=EDGE_CURVE('',#1906,#1904,#1596,.T.);
#2352=EDGE_CURVE('',#1906,#1907,#1093,.T.);
#2353=EDGE_CURVE('',#1905,#1907,#1597,.T.);
#2354=EDGE_CURVE('',#1908,#1906,#1094,.T.);
#2355=EDGE_CURVE('',#1908,#1909,#1095,.T.);
#2356=EDGE_CURVE('',#1907,#1909,#1096,.T.);
#2357=EDGE_CURVE('',#1895,#1908,#1598,.T.);
#2358=EDGE_CURVE('',#1909,#1897,#1599,.T.);
#2359=EDGE_CURVE('',#1910,#1910,#1600,.T.);
#2360=EDGE_CURVE('',#1910,#1911,#1097,.T.);
#2361=EDGE_CURVE('',#1911,#1911,#1601,.T.);
#2362=EDGE_CURVE('',#1912,#1912,#1602,.T.);
#2363=EDGE_CURVE('',#1912,#1913,#1098,.T.);
#2364=EDGE_CURVE('',#1913,#1913,#1603,.T.);
#2365=EDGE_CURVE('',#1914,#1914,#1604,.T.);
#2366=EDGE_CURVE('',#1914,#1915,#1099,.T.);
#2367=EDGE_CURVE('',#1915,#1915,#1605,.T.);
#2368=EDGE_CURVE('',#1916,#1916,#1606,.T.);
#2369=EDGE_CURVE('',#1916,#1917,#1100,.T.);
#2370=EDGE_CURVE('',#1917,#1917,#1607,.T.);
#2371=EDGE_CURVE('',#1918,#1919,#1608,.T.);
#2372=EDGE_CURVE('',#1920,#1919,#1101,.T.);
#2373=EDGE_CURVE('',#1920,#1921,#1609,.T.);
#2374=EDGE_CURVE('',#1921,#1918,#1102,.T.);
#2375=EDGE_CURVE('',#1922,#1920,#1610,.T.);
#2376=EDGE_CURVE('',#1922,#1923,#1611,.T.);
#2377=EDGE_CURVE('',#1923,#1921,#1612,.T.);
#2378=EDGE_CURVE('',#1924,#1922,#1103,.T.);
#2379=EDGE_CURVE('',#1924,#1925,#1613,.T.);
#2380=EDGE_CURVE('',#1925,#1923,#1104,.T.);
#2381=EDGE_CURVE('',#1926,#1924,#1614,.T.);
#2382=EDGE_CURVE('',#1926,#1927,#1615,.T.);
#2383=EDGE_CURVE('',#1927,#1925,#1616,.T.);
#2384=EDGE_CURVE('',#1928,#1926,#1105,.T.);
#2385=EDGE_CURVE('',#1928,#1929,#1617,.T.);
#2386=EDGE_CURVE('',#1929,#1927,#1106,.T.);
#2387=EDGE_CURVE('',#1930,#1928,#1618,.T.);
#2388=EDGE_CURVE('',#1930,#1931,#1619,.T.);
#2389=EDGE_CURVE('',#1931,#1929,#1620,.T.);
#2390=EDGE_CURVE('',#1932,#1930,#1107,.T.);
#2391=EDGE_CURVE('',#1932,#1933,#1621,.T.);
#2392=EDGE_CURVE('',#1933,#1931,#1108,.T.);
#2393=EDGE_CURVE('',#1919,#1932,#1622,.T.);
#2394=EDGE_CURVE('',#1918,#1933,#1623,.T.);
#2395=EDGE_CURVE('',#1929,#1934,#1109,.T.);
#2396=EDGE_CURVE('',#1935,#1934,#1110,.T.);
#2397=EDGE_CURVE('',#1935,#1927,#1111,.T.);
#2398=EDGE_CURVE('',#1931,#1936,#1112,.T.);
#2399=EDGE_CURVE('',#1934,#1936,#1624,.T.);
#2400=EDGE_CURVE('',#1933,#1937,#1113,.T.);
#2401=EDGE_CURVE('',#1936,#1937,#1114,.T.);
#2402=EDGE_CURVE('',#1918,#1938,#1115,.T.);
#2403=EDGE_CURVE('',#1937,#1938,#1625,.T.);
#2404=EDGE_CURVE('',#1921,#1939,#1116,.T.);
#2405=EDGE_CURVE('',#1938,#1939,#1117,.T.);
#2406=EDGE_CURVE('',#1923,#1940,#1118,.T.);
#2407=EDGE_CURVE('',#1939,#1940,#1626,.T.);
#2408=EDGE_CURVE('',#1925,#1941,#1119,.T.);
#2409=EDGE_CURVE('',#1940,#1941,#1120,.T.);
#2410=EDGE_CURVE('',#1941,#1935,#1627,.T.);
#2411=EDGE_CURVE('',#1942,#1943,#1628,.T.);
#2412=EDGE_CURVE('',#1943,#1944,#1629,.T.);
#2413=EDGE_CURVE('',#1944,#1945,#1630,.T.);
#2414=EDGE_CURVE('',#1945,#1942,#1631,.T.);
#2415=EDGE_CURVE('',#1946,#1947,#1632,.T.);
#2416=EDGE_CURVE('',#1947,#1945,#1121,.T.);
#2417=EDGE_CURVE('',#1944,#1946,#1122,.T.);
#2418=EDGE_CURVE('',#1948,#1949,#1633,.T.);
#2419=EDGE_CURVE('',#1949,#1947,#1634,.T.);
#2420=EDGE_CURVE('',#1946,#1948,#1635,.T.);
#2421=EDGE_CURVE('',#1950,#1951,#1636,.T.);
#2422=EDGE_CURVE('',#1951,#1949,#1123,.T.);
#2423=EDGE_CURVE('',#1948,#1950,#1124,.T.);
#2424=EDGE_CURVE('',#1952,#1953,#1637,.T.);
#2425=EDGE_CURVE('',#1953,#1951,#1638,.T.);
#2426=EDGE_CURVE('',#1950,#1952,#1639,.T.);
#2427=EDGE_CURVE('',#1954,#1955,#1640,.T.);
#2428=EDGE_CURVE('',#1955,#1953,#1125,.T.);
#2429=EDGE_CURVE('',#1952,#1954,#1126,.T.);
#2430=EDGE_CURVE('',#1956,#1957,#1641,.T.);
#2431=EDGE_CURVE('',#1957,#1955,#1642,.T.);
#2432=EDGE_CURVE('',#1954,#1956,#1643,.T.);
#2433=EDGE_CURVE('',#1956,#1943,#1127,.T.);
#2434=EDGE_CURVE('',#1942,#1957,#1128,.T.);
#2435=EDGE_CURVE('',#1955,#1958,#1129,.T.);
#2436=EDGE_CURVE('',#1959,#1958,#1130,.T.);
#2437=EDGE_CURVE('',#1953,#1959,#1131,.T.);
#2438=EDGE_CURVE('',#1957,#1960,#1132,.T.);
#2439=EDGE_CURVE('',#1958,#1960,#1644,.T.);
#2440=EDGE_CURVE('',#1942,#1961,#1133,.T.);
#2441=EDGE_CURVE('',#1960,#1961,#1134,.T.);
#2442=EDGE_CURVE('',#1945,#1962,#1135,.T.);
#2443=EDGE_CURVE('',#1961,#1962,#1645,.T.);
#2444=EDGE_CURVE('',#1963,#1959,#1646,.T.);
#2445=EDGE_CURVE('',#1962,#1964,#1136,.T.);
#2446=EDGE_CURVE('',#1964,#1965,#1647,.T.);
#2447=EDGE_CURVE('',#1965,#1963,#1137,.T.);
#2448=EDGE_CURVE('',#1966,#1670,#1138,.T.);
#2449=EDGE_CURVE('',#1672,#1967,#1139,.T.);
#2450=EDGE_CURVE('',#1967,#1968,#1648,.T.);
#2451=EDGE_CURVE('',#1968,#1710,#1140,.T.);
#2452=EDGE_CURVE('',#1712,#1969,#1141,.T.);
#2453=EDGE_CURVE('',#1969,#1970,#1649,.T.);
#2454=EDGE_CURVE('',#1970,#1971,#1142,.T.);
#2455=EDGE_CURVE('',#1971,#1972,#1650,.T.);
#2456=EDGE_CURVE('',#1972,#1690,#1143,.T.);
#2457=EDGE_CURVE('',#1692,#1973,#1144,.T.);
#2458=EDGE_CURVE('',#1973,#1966,#1651,.T.);
#2459=EDGE_CURVE('',#1974,#1975,#1652,.T.);
#2460=EDGE_CURVE('',#1975,#1976,#1145,.T.);
#2461=EDGE_CURVE('',#1976,#1977,#1653,.T.);
#2462=EDGE_CURVE('',#1977,#1978,#1146,.T.);
#2463=EDGE_CURVE('',#1978,#1979,#1654,.T.);
#2464=EDGE_CURVE('',#1979,#1980,#1147,.T.);
#2465=EDGE_CURVE('',#1980,#1981,#1655,.T.);
#2466=EDGE_CURVE('',#1981,#1974,#1148,.T.);
#2467=EDGE_CURVE('',#1974,#1966,#1149,.T.);
#2468=EDGE_CURVE('',#1975,#1973,#1150,.T.);
#2469=EDGE_CURVE('',#1976,#1972,#1151,.T.);
#2470=EDGE_CURVE('',#1977,#1971,#1152,.T.);
#2471=EDGE_CURVE('',#1978,#1970,#1153,.T.);
#2472=EDGE_CURVE('',#1979,#1969,#1154,.T.);
#2473=EDGE_CURVE('',#1980,#1968,#1155,.T.);
#2474=EDGE_CURVE('',#1981,#1967,#1156,.T.);
#2475=EDGE_CURVE('',#1947,#1964,#1157,.T.);
#2476=EDGE_CURVE('',#1951,#1963,#1158,.T.);
#2477=EDGE_CURVE('',#1949,#1965,#1159,.T.);
#2478=ORIENTED_EDGE('',*,*,#1982,.F.);
#2479=ORIENTED_EDGE('',*,*,#1983,.T.);
#2480=ORIENTED_EDGE('',*,*,#1983,.F.);
#2481=ORIENTED_EDGE('',*,*,#1984,.F.);
#2482=ORIENTED_EDGE('',*,*,#1985,.T.);
#2483=ORIENTED_EDGE('',*,*,#1982,.T.);
#2484=ORIENTED_EDGE('',*,*,#1985,.F.);
#2485=ORIENTED_EDGE('',*,*,#1986,.F.);
#2486=ORIENTED_EDGE('',*,*,#1987,.T.);
#2487=ORIENTED_EDGE('',*,*,#1987,.F.);
#2488=ORIENTED_EDGE('',*,*,#1988,.F.);
#2489=ORIENTED_EDGE('',*,*,#1989,.T.);
#2490=ORIENTED_EDGE('',*,*,#1986,.T.);
#2491=ORIENTED_EDGE('',*,*,#1989,.F.);
#2492=ORIENTED_EDGE('',*,*,#1990,.F.);
#2493=ORIENTED_EDGE('',*,*,#1991,.T.);
#2494=ORIENTED_EDGE('',*,*,#1992,.F.);
#2495=ORIENTED_EDGE('',*,*,#1993,.F.);
#2496=ORIENTED_EDGE('',*,*,#1994,.F.);
#2497=ORIENTED_EDGE('',*,*,#1993,.T.);
#2498=ORIENTED_EDGE('',*,*,#1995,.F.);
#2499=ORIENTED_EDGE('',*,*,#1996,.F.);
#2500=ORIENTED_EDGE('',*,*,#1997,.F.);
#2501=ORIENTED_EDGE('',*,*,#1996,.T.);
#2502=ORIENTED_EDGE('',*,*,#1998,.F.);
#2503=ORIENTED_EDGE('',*,*,#1999,.F.);
#2504=ORIENTED_EDGE('',*,*,#2000,.F.);
#2505=ORIENTED_EDGE('',*,*,#1999,.T.);
#2506=ORIENTED_EDGE('',*,*,#2001,.F.);
#2507=ORIENTED_EDGE('',*,*,#2002,.F.);
#2508=ORIENTED_EDGE('',*,*,#2003,.F.);
#2509=ORIENTED_EDGE('',*,*,#2004,.T.);
#2510=ORIENTED_EDGE('',*,*,#2005,.F.);
#2511=ORIENTED_EDGE('',*,*,#2006,.F.);
#2512=ORIENTED_EDGE('',*,*,#2007,.F.);
#2513=ORIENTED_EDGE('',*,*,#2006,.T.);
#2514=ORIENTED_EDGE('',*,*,#2008,.F.);
#2515=ORIENTED_EDGE('',*,*,#2009,.F.);
#2516=ORIENTED_EDGE('',*,*,#2010,.F.);
#2517=ORIENTED_EDGE('',*,*,#2009,.T.);
#2518=ORIENTED_EDGE('',*,*,#2011,.F.);
#2519=ORIENTED_EDGE('',*,*,#1991,.F.);
#2520=ORIENTED_EDGE('',*,*,#2011,.T.);
#2521=ORIENTED_EDGE('',*,*,#2008,.T.);
#2522=ORIENTED_EDGE('',*,*,#2005,.T.);
#2523=ORIENTED_EDGE('',*,*,#2012,.T.);
#2524=ORIENTED_EDGE('',*,*,#2001,.T.);
#2525=ORIENTED_EDGE('',*,*,#1998,.T.);
#2526=ORIENTED_EDGE('',*,*,#1995,.T.);
#2527=ORIENTED_EDGE('',*,*,#1992,.T.);
#2528=ORIENTED_EDGE('',*,*,#2013,.F.);
#2529=ORIENTED_EDGE('',*,*,#2014,.T.);
#2530=ORIENTED_EDGE('',*,*,#2015,.T.);
#2531=ORIENTED_EDGE('',*,*,#2014,.F.);
#2532=ORIENTED_EDGE('',*,*,#2015,.F.);
#2533=ORIENTED_EDGE('',*,*,#2016,.F.);
#2534=ORIENTED_EDGE('',*,*,#2017,.T.);
#2535=ORIENTED_EDGE('',*,*,#2018,.T.);
#2536=ORIENTED_EDGE('',*,*,#2017,.F.);
#2537=ORIENTED_EDGE('',*,*,#2018,.F.);
#2538=ORIENTED_EDGE('',*,*,#2019,.F.);
#2539=ORIENTED_EDGE('',*,*,#2020,.T.);
#2540=ORIENTED_EDGE('',*,*,#2021,.F.);
#2541=ORIENTED_EDGE('',*,*,#2022,.F.);
#2542=ORIENTED_EDGE('',*,*,#2023,.F.);
#2543=ORIENTED_EDGE('',*,*,#2022,.T.);
#2544=ORIENTED_EDGE('',*,*,#2024,.F.);
#2545=ORIENTED_EDGE('',*,*,#2025,.F.);
#2546=ORIENTED_EDGE('',*,*,#2026,.F.);
#2547=ORIENTED_EDGE('',*,*,#2025,.T.);
#2548=ORIENTED_EDGE('',*,*,#2027,.F.);
#2549=ORIENTED_EDGE('',*,*,#2028,.F.);
#2550=ORIENTED_EDGE('',*,*,#2029,.F.);
#2551=ORIENTED_EDGE('',*,*,#2028,.T.);
#2552=ORIENTED_EDGE('',*,*,#2030,.F.);
#2553=ORIENTED_EDGE('',*,*,#2031,.F.);
#2554=ORIENTED_EDGE('',*,*,#2032,.F.);
#2555=ORIENTED_EDGE('',*,*,#2033,.T.);
#2556=ORIENTED_EDGE('',*,*,#2034,.F.);
#2557=ORIENTED_EDGE('',*,*,#2035,.F.);
#2558=ORIENTED_EDGE('',*,*,#2036,.F.);
#2559=ORIENTED_EDGE('',*,*,#2035,.T.);
#2560=ORIENTED_EDGE('',*,*,#2037,.F.);
#2561=ORIENTED_EDGE('',*,*,#2038,.F.);
#2562=ORIENTED_EDGE('',*,*,#2039,.F.);
#2563=ORIENTED_EDGE('',*,*,#2038,.T.);
#2564=ORIENTED_EDGE('',*,*,#2040,.F.);
#2565=ORIENTED_EDGE('',*,*,#2020,.F.);
#2566=ORIENTED_EDGE('',*,*,#2040,.T.);
#2567=ORIENTED_EDGE('',*,*,#2037,.T.);
#2568=ORIENTED_EDGE('',*,*,#2034,.T.);
#2569=ORIENTED_EDGE('',*,*,#2041,.T.);
#2570=ORIENTED_EDGE('',*,*,#2030,.T.);
#2571=ORIENTED_EDGE('',*,*,#2027,.T.);
#2572=ORIENTED_EDGE('',*,*,#2024,.T.);
#2573=ORIENTED_EDGE('',*,*,#2021,.T.);
#2574=ORIENTED_EDGE('',*,*,#2042,.F.);
#2575=ORIENTED_EDGE('',*,*,#2043,.T.);
#2576=ORIENTED_EDGE('',*,*,#2044,.F.);
#2577=ORIENTED_EDGE('',*,*,#2045,.F.);
#2578=ORIENTED_EDGE('',*,*,#2046,.F.);
#2579=ORIENTED_EDGE('',*,*,#2045,.T.);
#2580=ORIENTED_EDGE('',*,*,#2047,.F.);
#2581=ORIENTED_EDGE('',*,*,#2048,.F.);
#2582=ORIENTED_EDGE('',*,*,#2049,.F.);
#2583=ORIENTED_EDGE('',*,*,#2048,.T.);
#2584=ORIENTED_EDGE('',*,*,#2050,.F.);
#2585=ORIENTED_EDGE('',*,*,#2051,.F.);
#2586=ORIENTED_EDGE('',*,*,#2052,.F.);
#2587=ORIENTED_EDGE('',*,*,#2051,.T.);
#2588=ORIENTED_EDGE('',*,*,#2053,.F.);
#2589=ORIENTED_EDGE('',*,*,#2054,.F.);
#2590=ORIENTED_EDGE('',*,*,#2055,.F.);
#2591=ORIENTED_EDGE('',*,*,#2054,.T.);
#2592=ORIENTED_EDGE('',*,*,#2056,.F.);
#2593=ORIENTED_EDGE('',*,*,#2057,.F.);
#2594=ORIENTED_EDGE('',*,*,#2058,.F.);
#2595=ORIENTED_EDGE('',*,*,#2057,.T.);
#2596=ORIENTED_EDGE('',*,*,#2059,.F.);
#2597=ORIENTED_EDGE('',*,*,#2060,.F.);
#2598=ORIENTED_EDGE('',*,*,#2061,.F.);
#2599=ORIENTED_EDGE('',*,*,#2062,.T.);
#2600=ORIENTED_EDGE('',*,*,#2063,.F.);
#2601=ORIENTED_EDGE('',*,*,#2043,.F.);
#2602=ORIENTED_EDGE('',*,*,#2063,.T.);
#2603=ORIENTED_EDGE('',*,*,#2064,.T.);
#2604=ORIENTED_EDGE('',*,*,#2059,.T.);
#2605=ORIENTED_EDGE('',*,*,#2056,.T.);
#2606=ORIENTED_EDGE('',*,*,#2053,.T.);
#2607=ORIENTED_EDGE('',*,*,#2050,.T.);
#2608=ORIENTED_EDGE('',*,*,#2047,.T.);
#2609=ORIENTED_EDGE('',*,*,#2044,.T.);
#2610=ORIENTED_EDGE('',*,*,#2065,.F.);
#2611=ORIENTED_EDGE('',*,*,#2066,.T.);
#2612=ORIENTED_EDGE('',*,*,#2067,.T.);
#2613=ORIENTED_EDGE('',*,*,#2066,.F.);
#2614=ORIENTED_EDGE('',*,*,#2067,.F.);
#2615=ORIENTED_EDGE('',*,*,#2068,.F.);
#2616=ORIENTED_EDGE('',*,*,#2069,.T.);
#2617=ORIENTED_EDGE('',*,*,#2070,.T.);
#2618=ORIENTED_EDGE('',*,*,#2069,.F.);
#2619=ORIENTED_EDGE('',*,*,#2070,.F.);
#2620=ORIENTED_EDGE('',*,*,#2071,.F.);
#2621=ORIENTED_EDGE('',*,*,#2072,.T.);
#2622=ORIENTED_EDGE('',*,*,#2073,.F.);
#2623=ORIENTED_EDGE('',*,*,#2074,.F.);
#2624=ORIENTED_EDGE('',*,*,#2075,.F.);
#2625=ORIENTED_EDGE('',*,*,#2076,.T.);
#2626=ORIENTED_EDGE('',*,*,#2077,.F.);
#2627=ORIENTED_EDGE('',*,*,#2072,.F.);
#2628=ORIENTED_EDGE('',*,*,#2078,.F.);
#2629=ORIENTED_EDGE('',*,*,#2079,.T.);
#2630=ORIENTED_EDGE('',*,*,#2080,.F.);
#2631=ORIENTED_EDGE('',*,*,#2076,.F.);
#2632=ORIENTED_EDGE('',*,*,#2081,.F.);
#2633=ORIENTED_EDGE('',*,*,#2074,.T.);
#2634=ORIENTED_EDGE('',*,*,#2082,.F.);
#2635=ORIENTED_EDGE('',*,*,#2079,.F.);
#2636=ORIENTED_EDGE('',*,*,#2083,.F.);
#2637=ORIENTED_EDGE('',*,*,#2084,.T.);
#2638=ORIENTED_EDGE('',*,*,#2085,.F.);
#2639=ORIENTED_EDGE('',*,*,#2084,.F.);
#2640=ORIENTED_EDGE('',*,*,#2086,.F.);
#2641=ORIENTED_EDGE('',*,*,#2087,.T.);
#2642=ORIENTED_EDGE('',*,*,#2088,.F.);
#2643=ORIENTED_EDGE('',*,*,#2087,.F.);
#2644=ORIENTED_EDGE('',*,*,#2089,.F.);
#2645=ORIENTED_EDGE('',*,*,#2090,.T.);
#2646=ORIENTED_EDGE('',*,*,#2091,.F.);
#2647=ORIENTED_EDGE('',*,*,#2090,.F.);
#2648=ORIENTED_EDGE('',*,*,#2092,.F.);
#2649=ORIENTED_EDGE('',*,*,#2093,.T.);
#2650=ORIENTED_EDGE('',*,*,#2094,.F.);
#2651=ORIENTED_EDGE('',*,*,#2093,.F.);
#2652=ORIENTED_EDGE('',*,*,#2095,.F.);
#2653=ORIENTED_EDGE('',*,*,#2096,.T.);
#2654=ORIENTED_EDGE('',*,*,#2097,.F.);
#2655=ORIENTED_EDGE('',*,*,#2096,.F.);
#2656=ORIENTED_EDGE('',*,*,#2098,.F.);
#2657=ORIENTED_EDGE('',*,*,#2099,.T.);
#2658=ORIENTED_EDGE('',*,*,#2100,.F.);
#2659=ORIENTED_EDGE('',*,*,#2099,.F.);
#2660=ORIENTED_EDGE('',*,*,#2101,.F.);
#2661=ORIENTED_EDGE('',*,*,#2102,.T.);
#2662=ORIENTED_EDGE('',*,*,#2103,.F.);
#2663=ORIENTED_EDGE('',*,*,#2102,.F.);
#2664=ORIENTED_EDGE('',*,*,#2104,.F.);
#2665=ORIENTED_EDGE('',*,*,#2105,.T.);
#2666=ORIENTED_EDGE('',*,*,#2106,.F.);
#2667=ORIENTED_EDGE('',*,*,#2105,.F.);
#2668=ORIENTED_EDGE('',*,*,#2107,.F.);
#2669=ORIENTED_EDGE('',*,*,#2108,.T.);
#2670=ORIENTED_EDGE('',*,*,#2109,.F.);
#2671=ORIENTED_EDGE('',*,*,#2108,.F.);
#2672=ORIENTED_EDGE('',*,*,#2110,.F.);
#2673=ORIENTED_EDGE('',*,*,#2111,.T.);
#2674=ORIENTED_EDGE('',*,*,#2112,.F.);
#2675=ORIENTED_EDGE('',*,*,#2111,.F.);
#2676=ORIENTED_EDGE('',*,*,#2113,.F.);
#2677=ORIENTED_EDGE('',*,*,#2114,.T.);
#2678=ORIENTED_EDGE('',*,*,#2115,.F.);
#2679=ORIENTED_EDGE('',*,*,#2114,.F.);
#2680=ORIENTED_EDGE('',*,*,#2116,.F.);
#2681=ORIENTED_EDGE('',*,*,#2117,.T.);
#2682=ORIENTED_EDGE('',*,*,#2118,.F.);
#2683=ORIENTED_EDGE('',*,*,#2117,.F.);
#2684=ORIENTED_EDGE('',*,*,#2119,.F.);
#2685=ORIENTED_EDGE('',*,*,#2120,.T.);
#2686=ORIENTED_EDGE('',*,*,#2121,.F.);
#2687=ORIENTED_EDGE('',*,*,#2120,.F.);
#2688=ORIENTED_EDGE('',*,*,#2122,.F.);
#2689=ORIENTED_EDGE('',*,*,#2123,.T.);
#2690=ORIENTED_EDGE('',*,*,#2124,.F.);
#2691=ORIENTED_EDGE('',*,*,#2123,.F.);
#2692=ORIENTED_EDGE('',*,*,#2125,.F.);
#2693=ORIENTED_EDGE('',*,*,#2126,.T.);
#2694=ORIENTED_EDGE('',*,*,#2127,.F.);
#2695=ORIENTED_EDGE('',*,*,#2126,.F.);
#2696=ORIENTED_EDGE('',*,*,#2128,.F.);
#2697=ORIENTED_EDGE('',*,*,#2129,.T.);
#2698=ORIENTED_EDGE('',*,*,#2130,.F.);
#2699=ORIENTED_EDGE('',*,*,#2129,.F.);
#2700=ORIENTED_EDGE('',*,*,#2131,.F.);
#2701=ORIENTED_EDGE('',*,*,#2132,.T.);
#2702=ORIENTED_EDGE('',*,*,#2133,.F.);
#2703=ORIENTED_EDGE('',*,*,#2132,.F.);
#2704=ORIENTED_EDGE('',*,*,#2134,.F.);
#2705=ORIENTED_EDGE('',*,*,#2135,.T.);
#2706=ORIENTED_EDGE('',*,*,#2136,.F.);
#2707=ORIENTED_EDGE('',*,*,#2135,.F.);
#2708=ORIENTED_EDGE('',*,*,#2137,.F.);
#2709=ORIENTED_EDGE('',*,*,#2138,.T.);
#2710=ORIENTED_EDGE('',*,*,#2139,.F.);
#2711=ORIENTED_EDGE('',*,*,#2138,.F.);
#2712=ORIENTED_EDGE('',*,*,#2140,.F.);
#2713=ORIENTED_EDGE('',*,*,#2141,.T.);
#2714=ORIENTED_EDGE('',*,*,#2142,.F.);
#2715=ORIENTED_EDGE('',*,*,#2141,.F.);
#2716=ORIENTED_EDGE('',*,*,#2143,.F.);
#2717=ORIENTED_EDGE('',*,*,#2144,.T.);
#2718=ORIENTED_EDGE('',*,*,#2145,.F.);
#2719=ORIENTED_EDGE('',*,*,#2144,.F.);
#2720=ORIENTED_EDGE('',*,*,#2146,.F.);
#2721=ORIENTED_EDGE('',*,*,#2147,.T.);
#2722=ORIENTED_EDGE('',*,*,#2148,.F.);
#2723=ORIENTED_EDGE('',*,*,#2147,.F.);
#2724=ORIENTED_EDGE('',*,*,#2149,.F.);
#2725=ORIENTED_EDGE('',*,*,#2150,.T.);
#2726=ORIENTED_EDGE('',*,*,#2151,.F.);
#2727=ORIENTED_EDGE('',*,*,#2150,.F.);
#2728=ORIENTED_EDGE('',*,*,#2152,.F.);
#2729=ORIENTED_EDGE('',*,*,#2153,.T.);
#2730=ORIENTED_EDGE('',*,*,#2154,.F.);
#2731=ORIENTED_EDGE('',*,*,#2153,.F.);
#2732=ORIENTED_EDGE('',*,*,#2155,.F.);
#2733=ORIENTED_EDGE('',*,*,#2156,.T.);
#2734=ORIENTED_EDGE('',*,*,#2157,.F.);
#2735=ORIENTED_EDGE('',*,*,#2156,.F.);
#2736=ORIENTED_EDGE('',*,*,#2158,.F.);
#2737=ORIENTED_EDGE('',*,*,#2159,.T.);
#2738=ORIENTED_EDGE('',*,*,#2160,.F.);
#2739=ORIENTED_EDGE('',*,*,#2159,.F.);
#2740=ORIENTED_EDGE('',*,*,#2161,.F.);
#2741=ORIENTED_EDGE('',*,*,#2162,.T.);
#2742=ORIENTED_EDGE('',*,*,#2163,.F.);
#2743=ORIENTED_EDGE('',*,*,#2162,.F.);
#2744=ORIENTED_EDGE('',*,*,#2164,.F.);
#2745=ORIENTED_EDGE('',*,*,#2165,.T.);
#2746=ORIENTED_EDGE('',*,*,#2166,.F.);
#2747=ORIENTED_EDGE('',*,*,#2165,.F.);
#2748=ORIENTED_EDGE('',*,*,#2167,.F.);
#2749=ORIENTED_EDGE('',*,*,#2168,.T.);
#2750=ORIENTED_EDGE('',*,*,#2169,.F.);
#2751=ORIENTED_EDGE('',*,*,#2168,.F.);
#2752=ORIENTED_EDGE('',*,*,#2170,.F.);
#2753=ORIENTED_EDGE('',*,*,#2171,.T.);
#2754=ORIENTED_EDGE('',*,*,#2172,.F.);
#2755=ORIENTED_EDGE('',*,*,#2171,.F.);
#2756=ORIENTED_EDGE('',*,*,#2173,.F.);
#2757=ORIENTED_EDGE('',*,*,#2174,.T.);
#2758=ORIENTED_EDGE('',*,*,#2175,.F.);
#2759=ORIENTED_EDGE('',*,*,#2174,.F.);
#2760=ORIENTED_EDGE('',*,*,#2176,.F.);
#2761=ORIENTED_EDGE('',*,*,#2177,.T.);
#2762=ORIENTED_EDGE('',*,*,#2178,.F.);
#2763=ORIENTED_EDGE('',*,*,#2177,.F.);
#2764=ORIENTED_EDGE('',*,*,#2179,.F.);
#2765=ORIENTED_EDGE('',*,*,#2180,.T.);
#2766=ORIENTED_EDGE('',*,*,#2181,.F.);
#2767=ORIENTED_EDGE('',*,*,#2180,.F.);
#2768=ORIENTED_EDGE('',*,*,#2182,.F.);
#2769=ORIENTED_EDGE('',*,*,#2183,.T.);
#2770=ORIENTED_EDGE('',*,*,#2184,.F.);
#2771=ORIENTED_EDGE('',*,*,#2183,.F.);
#2772=ORIENTED_EDGE('',*,*,#2185,.F.);
#2773=ORIENTED_EDGE('',*,*,#2186,.T.);
#2774=ORIENTED_EDGE('',*,*,#2187,.F.);
#2775=ORIENTED_EDGE('',*,*,#2186,.F.);
#2776=ORIENTED_EDGE('',*,*,#2188,.F.);
#2777=ORIENTED_EDGE('',*,*,#2189,.T.);
#2778=ORIENTED_EDGE('',*,*,#2190,.F.);
#2779=ORIENTED_EDGE('',*,*,#2189,.F.);
#2780=ORIENTED_EDGE('',*,*,#2191,.F.);
#2781=ORIENTED_EDGE('',*,*,#2192,.T.);
#2782=ORIENTED_EDGE('',*,*,#2193,.F.);
#2783=ORIENTED_EDGE('',*,*,#2192,.F.);
#2784=ORIENTED_EDGE('',*,*,#2194,.F.);
#2785=ORIENTED_EDGE('',*,*,#2195,.T.);
#2786=ORIENTED_EDGE('',*,*,#2196,.F.);
#2787=ORIENTED_EDGE('',*,*,#2195,.F.);
#2788=ORIENTED_EDGE('',*,*,#2197,.F.);
#2789=ORIENTED_EDGE('',*,*,#2198,.T.);
#2790=ORIENTED_EDGE('',*,*,#2199,.F.);
#2791=ORIENTED_EDGE('',*,*,#2198,.F.);
#2792=ORIENTED_EDGE('',*,*,#2200,.F.);
#2793=ORIENTED_EDGE('',*,*,#2201,.T.);
#2794=ORIENTED_EDGE('',*,*,#2202,.F.);
#2795=ORIENTED_EDGE('',*,*,#2201,.F.);
#2796=ORIENTED_EDGE('',*,*,#2203,.F.);
#2797=ORIENTED_EDGE('',*,*,#2204,.T.);
#2798=ORIENTED_EDGE('',*,*,#2205,.F.);
#2799=ORIENTED_EDGE('',*,*,#2204,.F.);
#2800=ORIENTED_EDGE('',*,*,#2206,.F.);
#2801=ORIENTED_EDGE('',*,*,#2207,.T.);
#2802=ORIENTED_EDGE('',*,*,#2208,.F.);
#2803=ORIENTED_EDGE('',*,*,#2207,.F.);
#2804=ORIENTED_EDGE('',*,*,#2209,.F.);
#2805=ORIENTED_EDGE('',*,*,#2210,.T.);
#2806=ORIENTED_EDGE('',*,*,#2211,.F.);
#2807=ORIENTED_EDGE('',*,*,#2210,.F.);
#2808=ORIENTED_EDGE('',*,*,#2212,.F.);
#2809=ORIENTED_EDGE('',*,*,#2213,.T.);
#2810=ORIENTED_EDGE('',*,*,#2214,.F.);
#2811=ORIENTED_EDGE('',*,*,#2213,.F.);
#2812=ORIENTED_EDGE('',*,*,#2215,.F.);
#2813=ORIENTED_EDGE('',*,*,#2216,.T.);
#2814=ORIENTED_EDGE('',*,*,#2217,.F.);
#2815=ORIENTED_EDGE('',*,*,#2216,.F.);
#2816=ORIENTED_EDGE('',*,*,#2218,.F.);
#2817=ORIENTED_EDGE('',*,*,#2219,.T.);
#2818=ORIENTED_EDGE('',*,*,#2220,.F.);
#2819=ORIENTED_EDGE('',*,*,#2219,.F.);
#2820=ORIENTED_EDGE('',*,*,#2221,.F.);
#2821=ORIENTED_EDGE('',*,*,#2222,.T.);
#2822=ORIENTED_EDGE('',*,*,#2223,.F.);
#2823=ORIENTED_EDGE('',*,*,#2222,.F.);
#2824=ORIENTED_EDGE('',*,*,#2224,.F.);
#2825=ORIENTED_EDGE('',*,*,#2225,.T.);
#2826=ORIENTED_EDGE('',*,*,#2226,.F.);
#2827=ORIENTED_EDGE('',*,*,#2225,.F.);
#2828=ORIENTED_EDGE('',*,*,#2227,.F.);
#2829=ORIENTED_EDGE('',*,*,#2228,.T.);
#2830=ORIENTED_EDGE('',*,*,#2229,.F.);
#2831=ORIENTED_EDGE('',*,*,#2228,.F.);
#2832=ORIENTED_EDGE('',*,*,#2230,.F.);
#2833=ORIENTED_EDGE('',*,*,#2231,.T.);
#2834=ORIENTED_EDGE('',*,*,#2232,.F.);
#2835=ORIENTED_EDGE('',*,*,#2231,.F.);
#2836=ORIENTED_EDGE('',*,*,#2233,.F.);
#2837=ORIENTED_EDGE('',*,*,#2234,.T.);
#2838=ORIENTED_EDGE('',*,*,#2235,.F.);
#2839=ORIENTED_EDGE('',*,*,#2234,.F.);
#2840=ORIENTED_EDGE('',*,*,#2236,.F.);
#2841=ORIENTED_EDGE('',*,*,#2237,.T.);
#2842=ORIENTED_EDGE('',*,*,#2238,.F.);
#2843=ORIENTED_EDGE('',*,*,#2237,.F.);
#2844=ORIENTED_EDGE('',*,*,#2239,.F.);
#2845=ORIENTED_EDGE('',*,*,#2240,.T.);
#2846=ORIENTED_EDGE('',*,*,#2241,.F.);
#2847=ORIENTED_EDGE('',*,*,#2240,.F.);
#2848=ORIENTED_EDGE('',*,*,#2242,.F.);
#2849=ORIENTED_EDGE('',*,*,#2243,.T.);
#2850=ORIENTED_EDGE('',*,*,#2244,.F.);
#2851=ORIENTED_EDGE('',*,*,#2243,.F.);
#2852=ORIENTED_EDGE('',*,*,#2245,.F.);
#2853=ORIENTED_EDGE('',*,*,#2246,.T.);
#2854=ORIENTED_EDGE('',*,*,#2247,.F.);
#2855=ORIENTED_EDGE('',*,*,#2246,.F.);
#2856=ORIENTED_EDGE('',*,*,#2248,.F.);
#2857=ORIENTED_EDGE('',*,*,#2249,.T.);
#2858=ORIENTED_EDGE('',*,*,#2250,.F.);
#2859=ORIENTED_EDGE('',*,*,#2249,.F.);
#2860=ORIENTED_EDGE('',*,*,#2251,.F.);
#2861=ORIENTED_EDGE('',*,*,#2252,.T.);
#2862=ORIENTED_EDGE('',*,*,#2253,.F.);
#2863=ORIENTED_EDGE('',*,*,#2252,.F.);
#2864=ORIENTED_EDGE('',*,*,#2254,.F.);
#2865=ORIENTED_EDGE('',*,*,#2255,.T.);
#2866=ORIENTED_EDGE('',*,*,#2256,.F.);
#2867=ORIENTED_EDGE('',*,*,#2255,.F.);
#2868=ORIENTED_EDGE('',*,*,#2257,.F.);
#2869=ORIENTED_EDGE('',*,*,#2258,.T.);
#2870=ORIENTED_EDGE('',*,*,#2259,.F.);
#2871=ORIENTED_EDGE('',*,*,#2258,.F.);
#2872=ORIENTED_EDGE('',*,*,#2260,.F.);
#2873=ORIENTED_EDGE('',*,*,#2261,.T.);
#2874=ORIENTED_EDGE('',*,*,#2262,.F.);
#2875=ORIENTED_EDGE('',*,*,#2261,.F.);
#2876=ORIENTED_EDGE('',*,*,#2263,.F.);
#2877=ORIENTED_EDGE('',*,*,#2264,.T.);
#2878=ORIENTED_EDGE('',*,*,#2265,.F.);
#2879=ORIENTED_EDGE('',*,*,#2264,.F.);
#2880=ORIENTED_EDGE('',*,*,#2266,.F.);
#2881=ORIENTED_EDGE('',*,*,#2267,.T.);
#2882=ORIENTED_EDGE('',*,*,#2268,.F.);
#2883=ORIENTED_EDGE('',*,*,#2267,.F.);
#2884=ORIENTED_EDGE('',*,*,#2269,.F.);
#2885=ORIENTED_EDGE('',*,*,#2270,.T.);
#2886=ORIENTED_EDGE('',*,*,#2271,.F.);
#2887=ORIENTED_EDGE('',*,*,#2270,.F.);
#2888=ORIENTED_EDGE('',*,*,#2272,.F.);
#2889=ORIENTED_EDGE('',*,*,#2273,.T.);
#2890=ORIENTED_EDGE('',*,*,#2274,.F.);
#2891=ORIENTED_EDGE('',*,*,#2273,.F.);
#2892=ORIENTED_EDGE('',*,*,#2275,.F.);
#2893=ORIENTED_EDGE('',*,*,#2276,.T.);
#2894=ORIENTED_EDGE('',*,*,#2277,.F.);
#2895=ORIENTED_EDGE('',*,*,#2276,.F.);
#2896=ORIENTED_EDGE('',*,*,#2278,.F.);
#2897=ORIENTED_EDGE('',*,*,#2279,.T.);
#2898=ORIENTED_EDGE('',*,*,#2280,.F.);
#2899=ORIENTED_EDGE('',*,*,#2279,.F.);
#2900=ORIENTED_EDGE('',*,*,#2281,.F.);
#2901=ORIENTED_EDGE('',*,*,#2282,.T.);
#2902=ORIENTED_EDGE('',*,*,#2283,.F.);
#2903=ORIENTED_EDGE('',*,*,#2282,.F.);
#2904=ORIENTED_EDGE('',*,*,#2284,.F.);
#2905=ORIENTED_EDGE('',*,*,#2285,.T.);
#2906=ORIENTED_EDGE('',*,*,#2286,.F.);
#2907=ORIENTED_EDGE('',*,*,#2285,.F.);
#2908=ORIENTED_EDGE('',*,*,#2287,.F.);
#2909=ORIENTED_EDGE('',*,*,#2288,.T.);
#2910=ORIENTED_EDGE('',*,*,#2289,.F.);
#2911=ORIENTED_EDGE('',*,*,#2288,.F.);
#2912=ORIENTED_EDGE('',*,*,#2290,.F.);
#2913=ORIENTED_EDGE('',*,*,#2291,.T.);
#2914=ORIENTED_EDGE('',*,*,#2292,.F.);
#2915=ORIENTED_EDGE('',*,*,#2291,.F.);
#2916=ORIENTED_EDGE('',*,*,#2293,.F.);
#2917=ORIENTED_EDGE('',*,*,#2294,.T.);
#2918=ORIENTED_EDGE('',*,*,#2295,.F.);
#2919=ORIENTED_EDGE('',*,*,#2294,.F.);
#2920=ORIENTED_EDGE('',*,*,#2296,.F.);
#2921=ORIENTED_EDGE('',*,*,#2297,.T.);
#2922=ORIENTED_EDGE('',*,*,#2298,.F.);
#2923=ORIENTED_EDGE('',*,*,#2297,.F.);
#2924=ORIENTED_EDGE('',*,*,#2299,.F.);
#2925=ORIENTED_EDGE('',*,*,#2300,.T.);
#2926=ORIENTED_EDGE('',*,*,#2301,.F.);
#2927=ORIENTED_EDGE('',*,*,#2300,.F.);
#2928=ORIENTED_EDGE('',*,*,#2302,.F.);
#2929=ORIENTED_EDGE('',*,*,#2303,.T.);
#2930=ORIENTED_EDGE('',*,*,#2304,.F.);
#2931=ORIENTED_EDGE('',*,*,#2303,.F.);
#2932=ORIENTED_EDGE('',*,*,#2305,.F.);
#2933=ORIENTED_EDGE('',*,*,#2306,.T.);
#2934=ORIENTED_EDGE('',*,*,#2307,.F.);
#2935=ORIENTED_EDGE('',*,*,#2306,.F.);
#2936=ORIENTED_EDGE('',*,*,#2308,.F.);
#2937=ORIENTED_EDGE('',*,*,#2309,.T.);
#2938=ORIENTED_EDGE('',*,*,#2310,.F.);
#2939=ORIENTED_EDGE('',*,*,#2309,.F.);
#2940=ORIENTED_EDGE('',*,*,#2311,.F.);
#2941=ORIENTED_EDGE('',*,*,#2312,.T.);
#2942=ORIENTED_EDGE('',*,*,#2313,.F.);
#2943=ORIENTED_EDGE('',*,*,#2312,.F.);
#2944=ORIENTED_EDGE('',*,*,#2314,.F.);
#2945=ORIENTED_EDGE('',*,*,#2315,.T.);
#2946=ORIENTED_EDGE('',*,*,#2316,.F.);
#2947=ORIENTED_EDGE('',*,*,#2315,.F.);
#2948=ORIENTED_EDGE('',*,*,#2317,.F.);
#2949=ORIENTED_EDGE('',*,*,#2318,.T.);
#2950=ORIENTED_EDGE('',*,*,#2319,.F.);
#2951=ORIENTED_EDGE('',*,*,#2318,.F.);
#2952=ORIENTED_EDGE('',*,*,#2320,.F.);
#2953=ORIENTED_EDGE('',*,*,#2321,.T.);
#2954=ORIENTED_EDGE('',*,*,#2322,.F.);
#2955=ORIENTED_EDGE('',*,*,#2321,.F.);
#2956=ORIENTED_EDGE('',*,*,#2323,.F.);
#2957=ORIENTED_EDGE('',*,*,#2324,.T.);
#2958=ORIENTED_EDGE('',*,*,#2325,.F.);
#2959=ORIENTED_EDGE('',*,*,#2324,.F.);
#2960=ORIENTED_EDGE('',*,*,#2326,.F.);
#2961=ORIENTED_EDGE('',*,*,#2327,.T.);
#2962=ORIENTED_EDGE('',*,*,#2328,.F.);
#2963=ORIENTED_EDGE('',*,*,#2327,.F.);
#2964=ORIENTED_EDGE('',*,*,#2329,.F.);
#2965=ORIENTED_EDGE('',*,*,#2330,.T.);
#2966=ORIENTED_EDGE('',*,*,#2331,.F.);
#2967=ORIENTED_EDGE('',*,*,#2330,.F.);
#2968=ORIENTED_EDGE('',*,*,#2332,.F.);
#2969=ORIENTED_EDGE('',*,*,#2333,.T.);
#2970=ORIENTED_EDGE('',*,*,#2334,.F.);
#2971=ORIENTED_EDGE('',*,*,#2333,.F.);
#2972=ORIENTED_EDGE('',*,*,#2335,.F.);
#2973=ORIENTED_EDGE('',*,*,#2336,.T.);
#2974=ORIENTED_EDGE('',*,*,#2337,.F.);
#2975=ORIENTED_EDGE('',*,*,#2338,.F.);
#2976=ORIENTED_EDGE('',*,*,#2339,.F.);
#2977=ORIENTED_EDGE('',*,*,#2340,.T.);
#2978=ORIENTED_EDGE('',*,*,#2341,.F.);
#2979=ORIENTED_EDGE('',*,*,#2336,.F.);
#2980=ORIENTED_EDGE('',*,*,#2342,.F.);
#2981=ORIENTED_EDGE('',*,*,#2343,.T.);
#2982=ORIENTED_EDGE('',*,*,#2344,.F.);
#2983=ORIENTED_EDGE('',*,*,#2340,.F.);
#2984=ORIENTED_EDGE('',*,*,#2345,.F.);
#2985=ORIENTED_EDGE('',*,*,#2346,.T.);
#2986=ORIENTED_EDGE('',*,*,#2347,.F.);
#2987=ORIENTED_EDGE('',*,*,#2343,.F.);
#2988=ORIENTED_EDGE('',*,*,#2348,.F.);
#2989=ORIENTED_EDGE('',*,*,#2349,.T.);
#2990=ORIENTED_EDGE('',*,*,#2350,.F.);
#2991=ORIENTED_EDGE('',*,*,#2346,.F.);
#2992=ORIENTED_EDGE('',*,*,#2351,.F.);
#2993=ORIENTED_EDGE('',*,*,#2352,.T.);
#2994=ORIENTED_EDGE('',*,*,#2353,.F.);
#2995=ORIENTED_EDGE('',*,*,#2349,.F.);
#2996=ORIENTED_EDGE('',*,*,#2354,.F.);
#2997=ORIENTED_EDGE('',*,*,#2355,.T.);
#2998=ORIENTED_EDGE('',*,*,#2356,.F.);
#2999=ORIENTED_EDGE('',*,*,#2352,.F.);
#3000=ORIENTED_EDGE('',*,*,#2357,.F.);
#3001=ORIENTED_EDGE('',*,*,#2338,.T.);
#3002=ORIENTED_EDGE('',*,*,#2358,.F.);
#3003=ORIENTED_EDGE('',*,*,#2355,.F.);
#3004=ORIENTED_EDGE('',*,*,#2359,.F.);
#3005=ORIENTED_EDGE('',*,*,#2360,.T.);
#3006=ORIENTED_EDGE('',*,*,#2361,.F.);
#3007=ORIENTED_EDGE('',*,*,#2360,.F.);
#3008=ORIENTED_EDGE('',*,*,#2359,.T.);
#3009=ORIENTED_EDGE('',*,*,#2362,.F.);
#3010=ORIENTED_EDGE('',*,*,#2363,.T.);
#3011=ORIENTED_EDGE('',*,*,#2364,.F.);
#3012=ORIENTED_EDGE('',*,*,#2363,.F.);
#3013=ORIENTED_EDGE('',*,*,#2362,.T.);
#3014=ORIENTED_EDGE('',*,*,#2365,.F.);
#3015=ORIENTED_EDGE('',*,*,#2366,.T.);
#3016=ORIENTED_EDGE('',*,*,#2367,.F.);
#3017=ORIENTED_EDGE('',*,*,#2366,.F.);
#3018=ORIENTED_EDGE('',*,*,#2365,.T.);
#3019=ORIENTED_EDGE('',*,*,#1988,.T.);
#3020=ORIENTED_EDGE('',*,*,#2368,.F.);
#3021=ORIENTED_EDGE('',*,*,#2369,.T.);
#3022=ORIENTED_EDGE('',*,*,#2370,.F.);
#3023=ORIENTED_EDGE('',*,*,#2369,.F.);
#3024=ORIENTED_EDGE('',*,*,#2368,.T.);
#3025=ORIENTED_EDGE('',*,*,#1984,.T.);
#3026=ORIENTED_EDGE('',*,*,#2371,.T.);
#3027=ORIENTED_EDGE('',*,*,#2372,.F.);
#3028=ORIENTED_EDGE('',*,*,#2373,.T.);
#3029=ORIENTED_EDGE('',*,*,#2374,.T.);
#3030=ORIENTED_EDGE('',*,*,#2373,.F.);
#3031=ORIENTED_EDGE('',*,*,#2375,.F.);
#3032=ORIENTED_EDGE('',*,*,#2376,.T.);
#3033=ORIENTED_EDGE('',*,*,#2377,.T.);
#3034=ORIENTED_EDGE('',*,*,#2376,.F.);
#3035=ORIENTED_EDGE('',*,*,#2378,.F.);
#3036=ORIENTED_EDGE('',*,*,#2379,.T.);
#3037=ORIENTED_EDGE('',*,*,#2380,.T.);
#3038=ORIENTED_EDGE('',*,*,#2379,.F.);
#3039=ORIENTED_EDGE('',*,*,#2381,.F.);
#3040=ORIENTED_EDGE('',*,*,#2382,.T.);
#3041=ORIENTED_EDGE('',*,*,#2383,.T.);
#3042=ORIENTED_EDGE('',*,*,#2382,.F.);
#3043=ORIENTED_EDGE('',*,*,#2384,.F.);
#3044=ORIENTED_EDGE('',*,*,#2385,.T.);
#3045=ORIENTED_EDGE('',*,*,#2386,.T.);
#3046=ORIENTED_EDGE('',*,*,#2385,.F.);
#3047=ORIENTED_EDGE('',*,*,#2387,.F.);
#3048=ORIENTED_EDGE('',*,*,#2388,.T.);
#3049=ORIENTED_EDGE('',*,*,#2389,.T.);
#3050=ORIENTED_EDGE('',*,*,#2388,.F.);
#3051=ORIENTED_EDGE('',*,*,#2390,.F.);
#3052=ORIENTED_EDGE('',*,*,#2391,.T.);
#3053=ORIENTED_EDGE('',*,*,#2392,.T.);
#3054=ORIENTED_EDGE('',*,*,#2391,.F.);
#3055=ORIENTED_EDGE('',*,*,#2393,.F.);
#3056=ORIENTED_EDGE('',*,*,#2371,.F.);
#3057=ORIENTED_EDGE('',*,*,#2394,.T.);
#3058=ORIENTED_EDGE('',*,*,#2395,.T.);
#3059=ORIENTED_EDGE('',*,*,#2396,.F.);
#3060=ORIENTED_EDGE('',*,*,#2397,.T.);
#3061=ORIENTED_EDGE('',*,*,#2386,.F.);
#3062=ORIENTED_EDGE('',*,*,#2398,.T.);
#3063=ORIENTED_EDGE('',*,*,#2399,.F.);
#3064=ORIENTED_EDGE('',*,*,#2395,.F.);
#3065=ORIENTED_EDGE('',*,*,#2389,.F.);
#3066=ORIENTED_EDGE('',*,*,#2400,.T.);
#3067=ORIENTED_EDGE('',*,*,#2401,.F.);
#3068=ORIENTED_EDGE('',*,*,#2398,.F.);
#3069=ORIENTED_EDGE('',*,*,#2392,.F.);
#3070=ORIENTED_EDGE('',*,*,#2402,.T.);
#3071=ORIENTED_EDGE('',*,*,#2403,.F.);
#3072=ORIENTED_EDGE('',*,*,#2400,.F.);
#3073=ORIENTED_EDGE('',*,*,#2394,.F.);
#3074=ORIENTED_EDGE('',*,*,#2404,.T.);
#3075=ORIENTED_EDGE('',*,*,#2405,.F.);
#3076=ORIENTED_EDGE('',*,*,#2402,.F.);
#3077=ORIENTED_EDGE('',*,*,#2374,.F.);
#3078=ORIENTED_EDGE('',*,*,#2406,.T.);
#3079=ORIENTED_EDGE('',*,*,#2407,.F.);
#3080=ORIENTED_EDGE('',*,*,#2404,.F.);
#3081=ORIENTED_EDGE('',*,*,#2377,.F.);
#3082=ORIENTED_EDGE('',*,*,#2408,.T.);
#3083=ORIENTED_EDGE('',*,*,#2409,.F.);
#3084=ORIENTED_EDGE('',*,*,#2406,.F.);
#3085=ORIENTED_EDGE('',*,*,#2380,.F.);
#3086=ORIENTED_EDGE('',*,*,#2397,.F.);
#3087=ORIENTED_EDGE('',*,*,#2410,.F.);
#3088=ORIENTED_EDGE('',*,*,#2408,.F.);
#3089=ORIENTED_EDGE('',*,*,#2383,.F.);
#3090=ORIENTED_EDGE('',*,*,#2411,.T.);
#3091=ORIENTED_EDGE('',*,*,#2412,.T.);
#3092=ORIENTED_EDGE('',*,*,#2413,.T.);
#3093=ORIENTED_EDGE('',*,*,#2414,.T.);
#3094=ORIENTED_EDGE('',*,*,#2415,.T.);
#3095=ORIENTED_EDGE('',*,*,#2416,.T.);
#3096=ORIENTED_EDGE('',*,*,#2413,.F.);
#3097=ORIENTED_EDGE('',*,*,#2417,.T.);
#3098=ORIENTED_EDGE('',*,*,#2418,.T.);
#3099=ORIENTED_EDGE('',*,*,#2419,.T.);
#3100=ORIENTED_EDGE('',*,*,#2415,.F.);
#3101=ORIENTED_EDGE('',*,*,#2420,.T.);
#3102=ORIENTED_EDGE('',*,*,#2421,.T.);
#3103=ORIENTED_EDGE('',*,*,#2422,.T.);
#3104=ORIENTED_EDGE('',*,*,#2418,.F.);
#3105=ORIENTED_EDGE('',*,*,#2423,.T.);
#3106=ORIENTED_EDGE('',*,*,#2424,.T.);
#3107=ORIENTED_EDGE('',*,*,#2425,.T.);
#3108=ORIENTED_EDGE('',*,*,#2421,.F.);
#3109=ORIENTED_EDGE('',*,*,#2426,.T.);
#3110=ORIENTED_EDGE('',*,*,#2427,.T.);
#3111=ORIENTED_EDGE('',*,*,#2428,.T.);
#3112=ORIENTED_EDGE('',*,*,#2424,.F.);
#3113=ORIENTED_EDGE('',*,*,#2429,.T.);
#3114=ORIENTED_EDGE('',*,*,#2430,.T.);
#3115=ORIENTED_EDGE('',*,*,#2431,.T.);
#3116=ORIENTED_EDGE('',*,*,#2427,.F.);
#3117=ORIENTED_EDGE('',*,*,#2432,.T.);
#3118=ORIENTED_EDGE('',*,*,#2430,.F.);
#3119=ORIENTED_EDGE('',*,*,#2433,.T.);
#3120=ORIENTED_EDGE('',*,*,#2411,.F.);
#3121=ORIENTED_EDGE('',*,*,#2434,.T.);
#3122=ORIENTED_EDGE('',*,*,#2428,.F.);
#3123=ORIENTED_EDGE('',*,*,#2435,.T.);
#3124=ORIENTED_EDGE('',*,*,#2436,.F.);
#3125=ORIENTED_EDGE('',*,*,#2437,.F.);
#3126=ORIENTED_EDGE('',*,*,#2332,.T.);
#3127=ORIENTED_EDGE('',*,*,#2329,.T.);
#3128=ORIENTED_EDGE('',*,*,#2326,.T.);
#3129=ORIENTED_EDGE('',*,*,#2323,.T.);
#3130=ORIENTED_EDGE('',*,*,#2320,.T.);
#3131=ORIENTED_EDGE('',*,*,#2317,.T.);
#3132=ORIENTED_EDGE('',*,*,#2314,.T.);
#3133=ORIENTED_EDGE('',*,*,#2311,.T.);
#3134=ORIENTED_EDGE('',*,*,#2308,.T.);
#3135=ORIENTED_EDGE('',*,*,#2305,.T.);
#3136=ORIENTED_EDGE('',*,*,#2302,.T.);
#3137=ORIENTED_EDGE('',*,*,#2299,.T.);
#3138=ORIENTED_EDGE('',*,*,#2296,.T.);
#3139=ORIENTED_EDGE('',*,*,#2293,.T.);
#3140=ORIENTED_EDGE('',*,*,#2290,.T.);
#3141=ORIENTED_EDGE('',*,*,#2287,.T.);
#3142=ORIENTED_EDGE('',*,*,#2284,.T.);
#3143=ORIENTED_EDGE('',*,*,#2281,.T.);
#3144=ORIENTED_EDGE('',*,*,#2278,.T.);
#3145=ORIENTED_EDGE('',*,*,#2275,.T.);
#3146=ORIENTED_EDGE('',*,*,#2272,.T.);
#3147=ORIENTED_EDGE('',*,*,#2269,.T.);
#3148=ORIENTED_EDGE('',*,*,#2266,.T.);
#3149=ORIENTED_EDGE('',*,*,#2263,.T.);
#3150=ORIENTED_EDGE('',*,*,#2260,.T.);
#3151=ORIENTED_EDGE('',*,*,#2257,.T.);
#3152=ORIENTED_EDGE('',*,*,#2254,.T.);
#3153=ORIENTED_EDGE('',*,*,#2251,.T.);
#3154=ORIENTED_EDGE('',*,*,#2248,.T.);
#3155=ORIENTED_EDGE('',*,*,#2245,.T.);
#3156=ORIENTED_EDGE('',*,*,#2242,.T.);
#3157=ORIENTED_EDGE('',*,*,#2239,.T.);
#3158=ORIENTED_EDGE('',*,*,#2236,.T.);
#3159=ORIENTED_EDGE('',*,*,#2233,.T.);
#3160=ORIENTED_EDGE('',*,*,#2230,.T.);
#3161=ORIENTED_EDGE('',*,*,#2227,.T.);
#3162=ORIENTED_EDGE('',*,*,#2224,.T.);
#3163=ORIENTED_EDGE('',*,*,#2221,.T.);
#3164=ORIENTED_EDGE('',*,*,#2218,.T.);
#3165=ORIENTED_EDGE('',*,*,#2215,.T.);
#3166=ORIENTED_EDGE('',*,*,#2212,.T.);
#3167=ORIENTED_EDGE('',*,*,#2209,.T.);
#3168=ORIENTED_EDGE('',*,*,#2206,.T.);
#3169=ORIENTED_EDGE('',*,*,#2203,.T.);
#3170=ORIENTED_EDGE('',*,*,#2200,.T.);
#3171=ORIENTED_EDGE('',*,*,#2197,.T.);
#3172=ORIENTED_EDGE('',*,*,#2194,.T.);
#3173=ORIENTED_EDGE('',*,*,#2191,.T.);
#3174=ORIENTED_EDGE('',*,*,#2188,.T.);
#3175=ORIENTED_EDGE('',*,*,#2185,.T.);
#3176=ORIENTED_EDGE('',*,*,#2182,.T.);
#3177=ORIENTED_EDGE('',*,*,#2179,.T.);
#3178=ORIENTED_EDGE('',*,*,#2176,.T.);
#3179=ORIENTED_EDGE('',*,*,#2173,.T.);
#3180=ORIENTED_EDGE('',*,*,#2170,.T.);
#3181=ORIENTED_EDGE('',*,*,#2167,.T.);
#3182=ORIENTED_EDGE('',*,*,#2164,.T.);
#3183=ORIENTED_EDGE('',*,*,#2161,.T.);
#3184=ORIENTED_EDGE('',*,*,#2158,.T.);
#3185=ORIENTED_EDGE('',*,*,#2155,.T.);
#3186=ORIENTED_EDGE('',*,*,#2152,.T.);
#3187=ORIENTED_EDGE('',*,*,#2149,.T.);
#3188=ORIENTED_EDGE('',*,*,#2146,.T.);
#3189=ORIENTED_EDGE('',*,*,#2143,.T.);
#3190=ORIENTED_EDGE('',*,*,#2140,.T.);
#3191=ORIENTED_EDGE('',*,*,#2137,.T.);
#3192=ORIENTED_EDGE('',*,*,#2134,.T.);
#3193=ORIENTED_EDGE('',*,*,#2131,.T.);
#3194=ORIENTED_EDGE('',*,*,#2128,.T.);
#3195=ORIENTED_EDGE('',*,*,#2125,.T.);
#3196=ORIENTED_EDGE('',*,*,#2122,.T.);
#3197=ORIENTED_EDGE('',*,*,#2119,.T.);
#3198=ORIENTED_EDGE('',*,*,#2116,.T.);
#3199=ORIENTED_EDGE('',*,*,#2113,.T.);
#3200=ORIENTED_EDGE('',*,*,#2110,.T.);
#3201=ORIENTED_EDGE('',*,*,#2107,.T.);
#3202=ORIENTED_EDGE('',*,*,#2104,.T.);
#3203=ORIENTED_EDGE('',*,*,#2101,.T.);
#3204=ORIENTED_EDGE('',*,*,#2098,.T.);
#3205=ORIENTED_EDGE('',*,*,#2095,.T.);
#3206=ORIENTED_EDGE('',*,*,#2092,.T.);
#3207=ORIENTED_EDGE('',*,*,#2089,.T.);
#3208=ORIENTED_EDGE('',*,*,#2086,.T.);
#3209=ORIENTED_EDGE('',*,*,#2083,.T.);
#3210=ORIENTED_EDGE('',*,*,#2431,.F.);
#3211=ORIENTED_EDGE('',*,*,#2438,.T.);
#3212=ORIENTED_EDGE('',*,*,#2439,.F.);
#3213=ORIENTED_EDGE('',*,*,#2435,.F.);
#3214=ORIENTED_EDGE('',*,*,#2434,.F.);
#3215=ORIENTED_EDGE('',*,*,#2440,.T.);
#3216=ORIENTED_EDGE('',*,*,#2441,.F.);
#3217=ORIENTED_EDGE('',*,*,#2438,.F.);
#3218=ORIENTED_EDGE('',*,*,#2065,.T.);
#3219=ORIENTED_EDGE('',*,*,#2071,.T.);
#3220=ORIENTED_EDGE('',*,*,#2081,.T.);
#3221=ORIENTED_EDGE('',*,*,#2078,.T.);
#3222=ORIENTED_EDGE('',*,*,#2075,.T.);
#3223=ORIENTED_EDGE('',*,*,#2414,.F.);
#3224=ORIENTED_EDGE('',*,*,#2442,.T.);
#3225=ORIENTED_EDGE('',*,*,#2443,.F.);
#3226=ORIENTED_EDGE('',*,*,#2440,.F.);
#3227=ORIENTED_EDGE('',*,*,#2412,.F.);
#3228=ORIENTED_EDGE('',*,*,#2433,.F.);
#3229=ORIENTED_EDGE('',*,*,#2432,.F.);
#3230=ORIENTED_EDGE('',*,*,#2429,.F.);
#3231=ORIENTED_EDGE('',*,*,#2426,.F.);
#3232=ORIENTED_EDGE('',*,*,#2423,.F.);
#3233=ORIENTED_EDGE('',*,*,#2420,.F.);
#3234=ORIENTED_EDGE('',*,*,#2417,.F.);
#3235=ORIENTED_EDGE('',*,*,#2444,.T.);
#3236=ORIENTED_EDGE('',*,*,#2436,.T.);
#3237=ORIENTED_EDGE('',*,*,#2439,.T.);
#3238=ORIENTED_EDGE('',*,*,#2441,.T.);
#3239=ORIENTED_EDGE('',*,*,#2443,.T.);
#3240=ORIENTED_EDGE('',*,*,#2445,.T.);
#3241=ORIENTED_EDGE('',*,*,#2446,.T.);
#3242=ORIENTED_EDGE('',*,*,#2447,.T.);
#3243=ORIENTED_EDGE('',*,*,#2013,.T.);
#3244=ORIENTED_EDGE('',*,*,#2016,.T.);
#3245=ORIENTED_EDGE('',*,*,#2448,.T.);
#3246=ORIENTED_EDGE('',*,*,#2002,.T.);
#3247=ORIENTED_EDGE('',*,*,#2012,.F.);
#3248=ORIENTED_EDGE('',*,*,#2004,.F.);
#3249=ORIENTED_EDGE('',*,*,#2449,.T.);
#3250=ORIENTED_EDGE('',*,*,#2450,.T.);
#3251=ORIENTED_EDGE('',*,*,#2451,.T.);
#3252=ORIENTED_EDGE('',*,*,#2060,.T.);
#3253=ORIENTED_EDGE('',*,*,#2064,.F.);
#3254=ORIENTED_EDGE('',*,*,#2062,.F.);
#3255=ORIENTED_EDGE('',*,*,#2452,.T.);
#3256=ORIENTED_EDGE('',*,*,#2453,.T.);
#3257=ORIENTED_EDGE('',*,*,#2454,.T.);
#3258=ORIENTED_EDGE('',*,*,#2455,.T.);
#3259=ORIENTED_EDGE('',*,*,#2456,.T.);
#3260=ORIENTED_EDGE('',*,*,#2031,.T.);
#3261=ORIENTED_EDGE('',*,*,#2041,.F.);
#3262=ORIENTED_EDGE('',*,*,#2033,.F.);
#3263=ORIENTED_EDGE('',*,*,#2457,.T.);
#3264=ORIENTED_EDGE('',*,*,#2458,.T.);
#3265=ORIENTED_EDGE('',*,*,#2459,.T.);
#3266=ORIENTED_EDGE('',*,*,#2460,.T.);
#3267=ORIENTED_EDGE('',*,*,#2461,.T.);
#3268=ORIENTED_EDGE('',*,*,#2462,.T.);
#3269=ORIENTED_EDGE('',*,*,#2463,.T.);
#3270=ORIENTED_EDGE('',*,*,#2464,.T.);
#3271=ORIENTED_EDGE('',*,*,#2465,.T.);
#3272=ORIENTED_EDGE('',*,*,#2466,.T.);
#3273=ORIENTED_EDGE('',*,*,#2361,.T.);
#3274=ORIENTED_EDGE('',*,*,#2364,.T.);
#3275=ORIENTED_EDGE('',*,*,#2367,.T.);
#3276=ORIENTED_EDGE('',*,*,#2370,.T.);
#3277=ORIENTED_EDGE('',*,*,#2459,.F.);
#3278=ORIENTED_EDGE('',*,*,#2467,.T.);
#3279=ORIENTED_EDGE('',*,*,#2458,.F.);
#3280=ORIENTED_EDGE('',*,*,#2468,.F.);
#3281=ORIENTED_EDGE('',*,*,#2029,.T.);
#3282=ORIENTED_EDGE('',*,*,#2456,.F.);
#3283=ORIENTED_EDGE('',*,*,#2469,.F.);
#3284=ORIENTED_EDGE('',*,*,#2460,.F.);
#3285=ORIENTED_EDGE('',*,*,#2468,.T.);
#3286=ORIENTED_EDGE('',*,*,#2457,.F.);
#3287=ORIENTED_EDGE('',*,*,#2032,.T.);
#3288=ORIENTED_EDGE('',*,*,#2036,.T.);
#3289=ORIENTED_EDGE('',*,*,#2039,.T.);
#3290=ORIENTED_EDGE('',*,*,#2019,.T.);
#3291=ORIENTED_EDGE('',*,*,#2023,.T.);
#3292=ORIENTED_EDGE('',*,*,#2026,.T.);
#3293=ORIENTED_EDGE('',*,*,#2073,.T.);
#3294=ORIENTED_EDGE('',*,*,#2077,.T.);
#3295=ORIENTED_EDGE('',*,*,#2080,.T.);
#3296=ORIENTED_EDGE('',*,*,#2082,.T.);
#3297=ORIENTED_EDGE('',*,*,#2461,.F.);
#3298=ORIENTED_EDGE('',*,*,#2469,.T.);
#3299=ORIENTED_EDGE('',*,*,#2455,.F.);
#3300=ORIENTED_EDGE('',*,*,#2470,.F.);
#3301=ORIENTED_EDGE('',*,*,#2462,.F.);
#3302=ORIENTED_EDGE('',*,*,#2470,.T.);
#3303=ORIENTED_EDGE('',*,*,#2454,.F.);
#3304=ORIENTED_EDGE('',*,*,#2471,.F.);
#3305=ORIENTED_EDGE('',*,*,#2396,.T.);
#3306=ORIENTED_EDGE('',*,*,#2399,.T.);
#3307=ORIENTED_EDGE('',*,*,#2401,.T.);
#3308=ORIENTED_EDGE('',*,*,#2403,.T.);
#3309=ORIENTED_EDGE('',*,*,#2405,.T.);
#3310=ORIENTED_EDGE('',*,*,#2407,.T.);
#3311=ORIENTED_EDGE('',*,*,#2409,.T.);
#3312=ORIENTED_EDGE('',*,*,#2410,.T.);
#3313=ORIENTED_EDGE('',*,*,#2463,.F.);
#3314=ORIENTED_EDGE('',*,*,#2471,.T.);
#3315=ORIENTED_EDGE('',*,*,#2453,.F.);
#3316=ORIENTED_EDGE('',*,*,#2472,.F.);
#3317=ORIENTED_EDGE('',*,*,#2058,.T.);
#3318=ORIENTED_EDGE('',*,*,#2451,.F.);
#3319=ORIENTED_EDGE('',*,*,#2473,.F.);
#3320=ORIENTED_EDGE('',*,*,#2464,.F.);
#3321=ORIENTED_EDGE('',*,*,#2472,.T.);
#3322=ORIENTED_EDGE('',*,*,#2452,.F.);
#3323=ORIENTED_EDGE('',*,*,#2061,.T.);
#3324=ORIENTED_EDGE('',*,*,#2042,.T.);
#3325=ORIENTED_EDGE('',*,*,#2046,.T.);
#3326=ORIENTED_EDGE('',*,*,#2049,.T.);
#3327=ORIENTED_EDGE('',*,*,#2052,.T.);
#3328=ORIENTED_EDGE('',*,*,#2055,.T.);
#3329=ORIENTED_EDGE('',*,*,#2337,.T.);
#3330=ORIENTED_EDGE('',*,*,#2341,.T.);
#3331=ORIENTED_EDGE('',*,*,#2344,.T.);
#3332=ORIENTED_EDGE('',*,*,#2347,.T.);
#3333=ORIENTED_EDGE('',*,*,#2350,.T.);
#3334=ORIENTED_EDGE('',*,*,#2353,.T.);
#3335=ORIENTED_EDGE('',*,*,#2356,.T.);
#3336=ORIENTED_EDGE('',*,*,#2358,.T.);
#3337=ORIENTED_EDGE('',*,*,#2465,.F.);
#3338=ORIENTED_EDGE('',*,*,#2473,.T.);
#3339=ORIENTED_EDGE('',*,*,#2450,.F.);
#3340=ORIENTED_EDGE('',*,*,#2474,.F.);
#3341=ORIENTED_EDGE('',*,*,#2000,.T.);
#3342=ORIENTED_EDGE('',*,*,#2448,.F.);
#3343=ORIENTED_EDGE('',*,*,#2467,.F.);
#3344=ORIENTED_EDGE('',*,*,#2466,.F.);
#3345=ORIENTED_EDGE('',*,*,#2474,.T.);
#3346=ORIENTED_EDGE('',*,*,#2449,.F.);
#3347=ORIENTED_EDGE('',*,*,#2003,.T.);
#3348=ORIENTED_EDGE('',*,*,#2007,.T.);
#3349=ORIENTED_EDGE('',*,*,#2010,.T.);
#3350=ORIENTED_EDGE('',*,*,#1990,.T.);
#3351=ORIENTED_EDGE('',*,*,#1994,.T.);
#3352=ORIENTED_EDGE('',*,*,#1997,.T.);
#3353=ORIENTED_EDGE('',*,*,#2085,.T.);
#3354=ORIENTED_EDGE('',*,*,#2088,.T.);
#3355=ORIENTED_EDGE('',*,*,#2091,.T.);
#3356=ORIENTED_EDGE('',*,*,#2094,.T.);
#3357=ORIENTED_EDGE('',*,*,#2097,.T.);
#3358=ORIENTED_EDGE('',*,*,#2100,.T.);
#3359=ORIENTED_EDGE('',*,*,#2103,.T.);
#3360=ORIENTED_EDGE('',*,*,#2106,.T.);
#3361=ORIENTED_EDGE('',*,*,#2109,.T.);
#3362=ORIENTED_EDGE('',*,*,#2112,.T.);
#3363=ORIENTED_EDGE('',*,*,#2115,.T.);
#3364=ORIENTED_EDGE('',*,*,#2118,.T.);
#3365=ORIENTED_EDGE('',*,*,#2121,.T.);
#3366=ORIENTED_EDGE('',*,*,#2124,.T.);
#3367=ORIENTED_EDGE('',*,*,#2127,.T.);
#3368=ORIENTED_EDGE('',*,*,#2130,.T.);
#3369=ORIENTED_EDGE('',*,*,#2133,.T.);
#3370=ORIENTED_EDGE('',*,*,#2136,.T.);
#3371=ORIENTED_EDGE('',*,*,#2139,.T.);
#3372=ORIENTED_EDGE('',*,*,#2142,.T.);
#3373=ORIENTED_EDGE('',*,*,#2145,.T.);
#3374=ORIENTED_EDGE('',*,*,#2148,.T.);
#3375=ORIENTED_EDGE('',*,*,#2151,.T.);
#3376=ORIENTED_EDGE('',*,*,#2154,.T.);
#3377=ORIENTED_EDGE('',*,*,#2157,.T.);
#3378=ORIENTED_EDGE('',*,*,#2160,.T.);
#3379=ORIENTED_EDGE('',*,*,#2163,.T.);
#3380=ORIENTED_EDGE('',*,*,#2166,.T.);
#3381=ORIENTED_EDGE('',*,*,#2169,.T.);
#3382=ORIENTED_EDGE('',*,*,#2172,.T.);
#3383=ORIENTED_EDGE('',*,*,#2175,.T.);
#3384=ORIENTED_EDGE('',*,*,#2178,.T.);
#3385=ORIENTED_EDGE('',*,*,#2181,.T.);
#3386=ORIENTED_EDGE('',*,*,#2184,.T.);
#3387=ORIENTED_EDGE('',*,*,#2187,.T.);
#3388=ORIENTED_EDGE('',*,*,#2190,.T.);
#3389=ORIENTED_EDGE('',*,*,#2193,.T.);
#3390=ORIENTED_EDGE('',*,*,#2196,.T.);
#3391=ORIENTED_EDGE('',*,*,#2199,.T.);
#3392=ORIENTED_EDGE('',*,*,#2202,.T.);
#3393=ORIENTED_EDGE('',*,*,#2205,.T.);
#3394=ORIENTED_EDGE('',*,*,#2208,.T.);
#3395=ORIENTED_EDGE('',*,*,#2211,.T.);
#3396=ORIENTED_EDGE('',*,*,#2214,.T.);
#3397=ORIENTED_EDGE('',*,*,#2217,.T.);
#3398=ORIENTED_EDGE('',*,*,#2220,.T.);
#3399=ORIENTED_EDGE('',*,*,#2223,.T.);
#3400=ORIENTED_EDGE('',*,*,#2226,.T.);
#3401=ORIENTED_EDGE('',*,*,#2229,.T.);
#3402=ORIENTED_EDGE('',*,*,#2232,.T.);
#3403=ORIENTED_EDGE('',*,*,#2235,.T.);
#3404=ORIENTED_EDGE('',*,*,#2238,.T.);
#3405=ORIENTED_EDGE('',*,*,#2241,.T.);
#3406=ORIENTED_EDGE('',*,*,#2244,.T.);
#3407=ORIENTED_EDGE('',*,*,#2247,.T.);
#3408=ORIENTED_EDGE('',*,*,#2250,.T.);
#3409=ORIENTED_EDGE('',*,*,#2253,.T.);
#3410=ORIENTED_EDGE('',*,*,#2256,.T.);
#3411=ORIENTED_EDGE('',*,*,#2259,.T.);
#3412=ORIENTED_EDGE('',*,*,#2262,.T.);
#3413=ORIENTED_EDGE('',*,*,#2265,.T.);
#3414=ORIENTED_EDGE('',*,*,#2268,.T.);
#3415=ORIENTED_EDGE('',*,*,#2271,.T.);
#3416=ORIENTED_EDGE('',*,*,#2274,.T.);
#3417=ORIENTED_EDGE('',*,*,#2277,.T.);
#3418=ORIENTED_EDGE('',*,*,#2280,.T.);
#3419=ORIENTED_EDGE('',*,*,#2283,.T.);
#3420=ORIENTED_EDGE('',*,*,#2286,.T.);
#3421=ORIENTED_EDGE('',*,*,#2289,.T.);
#3422=ORIENTED_EDGE('',*,*,#2292,.T.);
#3423=ORIENTED_EDGE('',*,*,#2295,.T.);
#3424=ORIENTED_EDGE('',*,*,#2298,.T.);
#3425=ORIENTED_EDGE('',*,*,#2301,.T.);
#3426=ORIENTED_EDGE('',*,*,#2304,.T.);
#3427=ORIENTED_EDGE('',*,*,#2307,.T.);
#3428=ORIENTED_EDGE('',*,*,#2310,.T.);
#3429=ORIENTED_EDGE('',*,*,#2313,.T.);
#3430=ORIENTED_EDGE('',*,*,#2316,.T.);
#3431=ORIENTED_EDGE('',*,*,#2319,.T.);
#3432=ORIENTED_EDGE('',*,*,#2322,.T.);
#3433=ORIENTED_EDGE('',*,*,#2325,.T.);
#3434=ORIENTED_EDGE('',*,*,#2328,.T.);
#3435=ORIENTED_EDGE('',*,*,#2331,.T.);
#3436=ORIENTED_EDGE('',*,*,#2334,.T.);
#3437=ORIENTED_EDGE('',*,*,#2416,.F.);
#3438=ORIENTED_EDGE('',*,*,#2475,.T.);
#3439=ORIENTED_EDGE('',*,*,#2445,.F.);
#3440=ORIENTED_EDGE('',*,*,#2442,.F.);
#3441=ORIENTED_EDGE('',*,*,#2390,.T.);
#3442=ORIENTED_EDGE('',*,*,#2387,.T.);
#3443=ORIENTED_EDGE('',*,*,#2384,.T.);
#3444=ORIENTED_EDGE('',*,*,#2381,.T.);
#3445=ORIENTED_EDGE('',*,*,#2378,.T.);
#3446=ORIENTED_EDGE('',*,*,#2375,.T.);
#3447=ORIENTED_EDGE('',*,*,#2372,.T.);
#3448=ORIENTED_EDGE('',*,*,#2393,.T.);
#3449=ORIENTED_EDGE('',*,*,#2425,.F.);
#3450=ORIENTED_EDGE('',*,*,#2437,.T.);
#3451=ORIENTED_EDGE('',*,*,#2444,.F.);
#3452=ORIENTED_EDGE('',*,*,#2476,.F.);
#3453=ORIENTED_EDGE('',*,*,#2422,.F.);
#3454=ORIENTED_EDGE('',*,*,#2476,.T.);
#3455=ORIENTED_EDGE('',*,*,#2447,.F.);
#3456=ORIENTED_EDGE('',*,*,#2477,.F.);
#3457=ORIENTED_EDGE('',*,*,#2068,.T.);
#3458=ORIENTED_EDGE('',*,*,#2335,.T.);
#3459=ORIENTED_EDGE('',*,*,#2357,.T.);
#3460=ORIENTED_EDGE('',*,*,#2354,.T.);
#3461=ORIENTED_EDGE('',*,*,#2351,.T.);
#3462=ORIENTED_EDGE('',*,*,#2348,.T.);
#3463=ORIENTED_EDGE('',*,*,#2345,.T.);
#3464=ORIENTED_EDGE('',*,*,#2342,.T.);
#3465=ORIENTED_EDGE('',*,*,#2339,.T.);
#3466=ORIENTED_EDGE('',*,*,#2419,.F.);
#3467=ORIENTED_EDGE('',*,*,#2477,.T.);
#3468=ORIENTED_EDGE('',*,*,#2446,.F.);
#3469=ORIENTED_EDGE('',*,*,#2475,.F.);
#3470=CONICAL_SURFACE('',#3669,0.5,1.02974425867665);
#3471=CONICAL_SURFACE('',#3673,0.5,1.02974425867665);
#3472=ADVANCED_FACE('',(#381),#3470,.F.);
#3473=ADVANCED_FACE('',(#382),#251,.F.);
#3474=ADVANCED_FACE('',(#383),#3471,.F.);
#3475=ADVANCED_FACE('',(#384),#252,.F.);
#3476=ADVANCED_FACE('',(#385),#208,.T.);
#3477=ADVANCED_FACE('',(#386),#253,.T.);
#3478=ADVANCED_FACE('',(#387),#209,.T.);
#3479=ADVANCED_FACE('',(#388),#254,.T.);
#3480=ADVANCED_FACE('',(#389),#255,.T.);
#3481=ADVANCED_FACE('',(#390),#210,.T.);
#3482=ADVANCED_FACE('',(#391),#256,.T.);
#3483=ADVANCED_FACE('',(#392),#211,.T.);
#3484=ADVANCED_FACE('',(#393),#257,.F.);
#3485=ADVANCED_FACE('',(#394),#212,.T.);
#3486=ADVANCED_FACE('',(#395),#258,.F.);
#3487=ADVANCED_FACE('',(#396),#213,.T.);
#3488=ADVANCED_FACE('',(#397),#214,.T.);
#3489=ADVANCED_FACE('',(#398),#259,.T.);
#3490=ADVANCED_FACE('',(#399),#215,.T.);
#3491=ADVANCED_FACE('',(#400),#260,.T.);
#3492=ADVANCED_FACE('',(#401),#261,.T.);
#3493=ADVANCED_FACE('',(#402),#216,.T.);
#3494=ADVANCED_FACE('',(#403),#262,.T.);
#3495=ADVANCED_FACE('',(#404),#217,.T.);
#3496=ADVANCED_FACE('',(#405),#218,.T.);
#3497=ADVANCED_FACE('',(#406),#263,.T.);
#3498=ADVANCED_FACE('',(#407),#219,.T.);
#3499=ADVANCED_FACE('',(#408),#264,.T.);
#3500=ADVANCED_FACE('',(#409),#220,.T.);
#3501=ADVANCED_FACE('',(#410),#265,.T.);
#3502=ADVANCED_FACE('',(#411),#266,.T.);
#3503=ADVANCED_FACE('',(#412),#221,.T.);
#3504=ADVANCED_FACE('',(#413),#267,.F.);
#3505=ADVANCED_FACE('',(#414),#222,.T.);
#3506=ADVANCED_FACE('',(#415),#268,.F.);
#3507=ADVANCED_FACE('',(#416),#223,.T.);
#3508=ADVANCED_FACE('',(#417),#224,.F.);
#3509=ADVANCED_FACE('',(#418),#225,.F.);
#3510=ADVANCED_FACE('',(#419),#226,.F.);
#3511=ADVANCED_FACE('',(#420),#227,.F.);
#3512=ADVANCED_FACE('',(#421),#269,.F.);
#3513=ADVANCED_FACE('',(#422),#270,.F.);
#3514=ADVANCED_FACE('',(#423),#271,.F.);
#3515=ADVANCED_FACE('',(#424),#272,.F.);
#3516=ADVANCED_FACE('',(#425),#273,.F.);
#3517=ADVANCED_FACE('',(#426),#274,.F.);
#3518=ADVANCED_FACE('',(#427),#275,.F.);
#3519=ADVANCED_FACE('',(#428),#276,.F.);
#3520=ADVANCED_FACE('',(#429),#277,.F.);
#3521=ADVANCED_FACE('',(#430),#278,.F.);
#3522=ADVANCED_FACE('',(#431),#279,.F.);
#3523=ADVANCED_FACE('',(#432),#280,.F.);
#3524=ADVANCED_FACE('',(#433),#281,.F.);
#3525=ADVANCED_FACE('',(#434),#282,.F.);
#3526=ADVANCED_FACE('',(#435),#283,.F.);
#3527=ADVANCED_FACE('',(#436),#284,.F.);
#3528=ADVANCED_FACE('',(#437),#285,.F.);
#3529=ADVANCED_FACE('',(#438),#286,.F.);
#3530=ADVANCED_FACE('',(#439),#287,.F.);
#3531=ADVANCED_FACE('',(#440),#288,.F.);
#3532=ADVANCED_FACE('',(#441),#289,.F.);
#3533=ADVANCED_FACE('',(#442),#290,.F.);
#3534=ADVANCED_FACE('',(#443),#291,.F.);
#3535=ADVANCED_FACE('',(#444),#292,.F.);
#3536=ADVANCED_FACE('',(#445),#293,.F.);
#3537=ADVANCED_FACE('',(#446),#294,.F.);
#3538=ADVANCED_FACE('',(#447),#295,.F.);
#3539=ADVANCED_FACE('',(#448),#296,.F.);
#3540=ADVANCED_FACE('',(#449),#297,.F.);
#3541=ADVANCED_FACE('',(#450),#298,.F.);
#3542=ADVANCED_FACE('',(#451),#299,.F.);
#3543=ADVANCED_FACE('',(#452),#300,.F.);
#3544=ADVANCED_FACE('',(#453),#301,.F.);
#3545=ADVANCED_FACE('',(#454),#302,.F.);
#3546=ADVANCED_FACE('',(#455),#303,.F.);
#3547=ADVANCED_FACE('',(#456),#304,.F.);
#3548=ADVANCED_FACE('',(#457),#305,.F.);
#3549=ADVANCED_FACE('',(#458),#306,.F.);
#3550=ADVANCED_FACE('',(#459),#307,.F.);
#3551=ADVANCED_FACE('',(#460),#308,.F.);
#3552=ADVANCED_FACE('',(#461),#309,.F.);
#3553=ADVANCED_FACE('',(#462),#310,.F.);
#3554=ADVANCED_FACE('',(#463),#311,.F.);
#3555=ADVANCED_FACE('',(#464),#312,.F.);
#3556=ADVANCED_FACE('',(#465),#313,.F.);
#3557=ADVANCED_FACE('',(#466),#314,.F.);
#3558=ADVANCED_FACE('',(#467),#315,.F.);
#3559=ADVANCED_FACE('',(#468),#316,.F.);
#3560=ADVANCED_FACE('',(#469),#317,.F.);
#3561=ADVANCED_FACE('',(#470),#318,.F.);
#3562=ADVANCED_FACE('',(#471),#319,.F.);
#3563=ADVANCED_FACE('',(#472),#320,.F.);
#3564=ADVANCED_FACE('',(#473),#321,.F.);
#3565=ADVANCED_FACE('',(#474),#322,.F.);
#3566=ADVANCED_FACE('',(#475),#323,.F.);
#3567=ADVANCED_FACE('',(#476),#324,.F.);
#3568=ADVANCED_FACE('',(#477),#325,.F.);
#3569=ADVANCED_FACE('',(#478),#326,.F.);
#3570=ADVANCED_FACE('',(#479),#327,.F.);
#3571=ADVANCED_FACE('',(#480),#328,.F.);
#3572=ADVANCED_FACE('',(#481),#329,.F.);
#3573=ADVANCED_FACE('',(#482),#330,.F.);
#3574=ADVANCED_FACE('',(#483),#331,.F.);
#3575=ADVANCED_FACE('',(#484),#332,.F.);
#3576=ADVANCED_FACE('',(#485),#333,.F.);
#3577=ADVANCED_FACE('',(#486),#334,.F.);
#3578=ADVANCED_FACE('',(#487),#335,.F.);
#3579=ADVANCED_FACE('',(#488),#336,.F.);
#3580=ADVANCED_FACE('',(#489),#337,.F.);
#3581=ADVANCED_FACE('',(#490),#338,.F.);
#3582=ADVANCED_FACE('',(#491),#339,.F.);
#3583=ADVANCED_FACE('',(#492),#340,.F.);
#3584=ADVANCED_FACE('',(#493),#341,.F.);
#3585=ADVANCED_FACE('',(#494),#342,.F.);
#3586=ADVANCED_FACE('',(#495),#343,.F.);
#3587=ADVANCED_FACE('',(#496),#344,.F.);
#3588=ADVANCED_FACE('',(#497),#345,.F.);
#3589=ADVANCED_FACE('',(#498),#346,.F.);
#3590=ADVANCED_FACE('',(#499),#347,.F.);
#3591=ADVANCED_FACE('',(#500),#348,.F.);
#3592=ADVANCED_FACE('',(#501),#349,.F.);
#3593=ADVANCED_FACE('',(#502),#350,.F.);
#3594=ADVANCED_FACE('',(#503),#351,.F.);
#3595=ADVANCED_FACE('',(#504),#352,.F.);
#3596=ADVANCED_FACE('',(#505),#228,.F.);
#3597=ADVANCED_FACE('',(#506),#353,.F.);
#3598=ADVANCED_FACE('',(#507),#229,.F.);
#3599=ADVANCED_FACE('',(#508),#354,.F.);
#3600=ADVANCED_FACE('',(#509),#230,.F.);
#3601=ADVANCED_FACE('',(#510),#355,.F.);
#3602=ADVANCED_FACE('',(#511),#231,.F.);
#3603=ADVANCED_FACE('',(#512),#356,.F.);
#3604=ADVANCED_FACE('',(#513),#357,.T.);
#3605=ADVANCED_FACE('',(#514),#232,.T.);
#3606=ADVANCED_FACE('',(#515),#358,.T.);
#3607=ADVANCED_FACE('',(#516),#233,.T.);
#3608=ADVANCED_FACE('',(#517),#359,.T.);
#3609=ADVANCED_FACE('',(#518,#23),#234,.T.);
#3610=ADVANCED_FACE('',(#519),#360,.T.);
#3611=ADVANCED_FACE('',(#520,#24),#235,.T.);
#3612=ADVANCED_FACE('',(#521),#361,.T.);
#3613=ADVANCED_FACE('',(#522),#19,.T.);
#3614=ADVANCED_FACE('',(#523),#362,.T.);
#3615=ADVANCED_FACE('',(#524),#20,.T.);
#3616=ADVANCED_FACE('',(#525),#363,.T.);
#3617=ADVANCED_FACE('',(#526),#21,.T.);
#3618=ADVANCED_FACE('',(#527),#364,.T.);
#3619=ADVANCED_FACE('',(#528),#22,.T.);
#3620=ADVANCED_FACE('',(#529),#236,.F.);
#3621=ADVANCED_FACE('',(#530),#365,.F.);
#3622=ADVANCED_FACE('',(#531),#237,.F.);
#3623=ADVANCED_FACE('',(#532),#366,.F.);
#3624=ADVANCED_FACE('',(#533),#238,.F.);
#3625=ADVANCED_FACE('',(#534),#367,.F.);
#3626=ADVANCED_FACE('',(#535),#239,.F.);
#3627=ADVANCED_FACE('',(#536),#368,.F.);
#3628=ADVANCED_FACE('',(#537),#15,.F.);
#3629=ADVANCED_FACE('',(#538),#369,.T.);
#3630=ADVANCED_FACE('',(#539),#16,.F.);
#3631=ADVANCED_FACE('',(#540),#370,.T.);
#3632=ADVANCED_FACE('',(#541),#17,.F.);
#3633=ADVANCED_FACE('',(#542),#371,.T.);
#3634=ADVANCED_FACE('',(#543),#18,.F.);
#3635=ADVANCED_FACE('',(#544),#372,.T.);
#3636=ADVANCED_FACE('',(#545,#25,#26,#27,#28,#29,#30,#31,#32,#33,#34,#35,
#36,#37,#38,#39,#40,#41,#42,#43,#44,#45,#46,#47,#48,#49,#50,#51,#52,#53,
#54,#55,#56,#57,#58,#59,#60,#61,#62,#63,#64,#65,#66,#67,#68,#69,#70,#71,
#72,#73,#74,#75,#76,#77,#78,#79,#80,#81,#82,#83,#84,#85,#86,#87,#88,#89,
#90,#91,#92,#93,#94,#95,#96,#97,#98,#99,#100,#101,#102,#103,#104,#105,#106,
#107,#108),#240,.T.);
#3637=ADVANCED_FACE('',(#546),#373,.T.);
#3638=ADVANCED_FACE('',(#547,#109,#110),#241,.T.);
#3639=ADVANCED_FACE('',(#548),#374,.T.);
#3640=ADVANCED_FACE('',(#549),#242,.F.);
#3641=ADVANCED_FACE('',(#550,#111,#112,#113),#243,.T.);
#3642=ADVANCED_FACE('',(#551,#114,#115,#116,#117),#244,.T.);
#3643=ADVANCED_FACE('',(#552),#375,.F.);
#3644=ADVANCED_FACE('',(#553,#118),#245,.T.);
#3645=ADVANCED_FACE('',(#554),#376,.F.);
#3646=ADVANCED_FACE('',(#555,#119),#246,.T.);
#3647=ADVANCED_FACE('',(#556),#377,.F.);
#3648=ADVANCED_FACE('',(#557,#120),#247,.T.);
#3649=ADVANCED_FACE('',(#558),#378,.F.);
#3650=ADVANCED_FACE('',(#559,#121,#122,#123,#124,#125,#126,#127,#128,#129,
#130,#131,#132,#133,#134,#135,#136,#137,#138,#139,#140,#141,#142,#143,#144,
#145,#146,#147,#148,#149,#150,#151,#152,#153,#154,#155,#156,#157,#158,#159,
#160,#161,#162,#163,#164,#165,#166,#167,#168,#169,#170,#171,#172,#173,#174,
#175,#176,#177,#178,#179,#180,#181,#182,#183,#184,#185,#186,#187,#188,#189,
#190,#191,#192,#193,#194,#195,#196,#197,#198,#199,#200,#201,#202,#203,#204),
#248,.T.);
#3651=ADVANCED_FACE('',(#560,#205),#249,.T.);
#3652=ADVANCED_FACE('',(#561),#379,.T.);
#3653=ADVANCED_FACE('',(#562,#206,#207),#250,.T.);
#3654=ADVANCED_FACE('',(#563),#380,.T.);
#3655=CLOSED_SHELL('',(#3472,#3473,#3474,#3475,#3476,#3477,#3478,#3479,
#3480,#3481,#3482,#3483,#3484,#3485,#3486,#3487,#3488,#3489,#3490,#3491,
#3492,#3493,#3494,#3495,#3496,#3497,#3498,#3499,#3500,#3501,#3502,#3503,
#3504,#3505,#3506,#3507,#3508,#3509,#3510,#3511,#3512,#3513,#3514,#3515,
#3516,#3517,#3518,#3519,#3520,#3521,#3522,#3523,#3524,#3525,#3526,#3527,
#3528,#3529,#3530,#3531,#3532,#3533,#3534,#3535,#3536,#3537,#3538,#3539,
#3540,#3541,#3542,#3543,#3544,#3545,#3546,#3547,#3548,#3549,#3550,#3551,
#3552,#3553,#3554,#3555,#3556,#3557,#3558,#3559,#3560,#3561,#3562,#3563,
#3564,#3565,#3566,#3567,#3568,#3569,#3570,#3571,#3572,#3573,#3574,#3575,
#3576,#3577,#3578,#3579,#3580,#3581,#3582,#3583,#3584,#3585,#3586,#3587,
#3588,#3589,#3590,#3591,#3592,#3593,#3594,#3595,#3596,#3597,#3598,#3599,
#3600,#3601,#3602,#3603,#3604,#3605,#3606,#3607,#3608,#3609,#3610,#3611,
#3612,#3613,#3614,#3615,#3616,#3617,#3618,#3619,#3620,#3621,#3622,#3623,
#3624,#3625,#3626,#3627,#3628,#3629,#3630,#3631,#3632,#3633,#3634,#3635,
#3636,#3637,#3638,#3639,#3640,#3641,#3642,#3643,#3644,#3645,#3646,#3647,
#3648,#3649,#3650,#3651,#3652,#3653,#3654));
#3656=DERIVED_UNIT_ELEMENT(#3658,1.);
#3657=DERIVED_UNIT_ELEMENT(#6283,-3.);
#3658=(
MASS_UNIT()
NAMED_UNIT(*)
SI_UNIT(.KILO.,.GRAM.)
);
#3659=DERIVED_UNIT((#3656,#3657));
#3660=MEASURE_REPRESENTATION_ITEM('density measure',
POSITIVE_RATIO_MEASURE(7850.),#3659);
#3661=PROPERTY_DEFINITION_REPRESENTATION(#3666,#3663);
#3662=PROPERTY_DEFINITION_REPRESENTATION(#3667,#3664);
#3663=REPRESENTATION('material name',(#3665),#6280);
#3664=REPRESENTATION('density',(#3660),#6280);
#3665=DESCRIPTIVE_REPRESENTATION_ITEM('Steel','Steel');
#3666=PROPERTY_DEFINITION('material property','material name',#6290);
#3667=PROPERTY_DEFINITION('material property','density of part',#6290);
#3668=AXIS2_PLACEMENT_3D('',#5240,#4116,#4117);
#3669=AXIS2_PLACEMENT_3D('',#5241,#4118,#4119);
#3670=AXIS2_PLACEMENT_3D('',#5243,#4120,#4121);
#3671=AXIS2_PLACEMENT_3D('',#5246,#4123,#4124);
#3672=AXIS2_PLACEMENT_3D('',#5248,#4125,#4126);
#3673=AXIS2_PLACEMENT_3D('',#5250,#4128,#4129);
#3674=AXIS2_PLACEMENT_3D('',#5252,#4130,#4131);
#3675=AXIS2_PLACEMENT_3D('',#5255,#4133,#4134);
#3676=AXIS2_PLACEMENT_3D('',#5257,#4135,#4136);
#3677=AXIS2_PLACEMENT_3D('',#5259,#4138,#4139);
#3678=AXIS2_PLACEMENT_3D('',#5268,#4144,#4145);
#3679=AXIS2_PLACEMENT_3D('',#5270,#4146,#4147);
#3680=AXIS2_PLACEMENT_3D('',#5272,#4148,#4149);
#3681=AXIS2_PLACEMENT_3D('',#5274,#4151,#4152);
#3682=AXIS2_PLACEMENT_3D('',#5280,#4156,#4157);
#3683=AXIS2_PLACEMENT_3D('',#5282,#4158,#4159);
#3684=AXIS2_PLACEMENT_3D('',#5284,#4160,#4161);
#3685=AXIS2_PLACEMENT_3D('',#5286,#4163,#4164);
#3686=AXIS2_PLACEMENT_3D('',#5289,#4165,#4166);
#3687=AXIS2_PLACEMENT_3D('',#5293,#4168,#4169);
#3688=AXIS2_PLACEMENT_3D('',#5295,#4171,#4172);
#3689=AXIS2_PLACEMENT_3D('',#5301,#4176,#4177);
#3690=AXIS2_PLACEMENT_3D('',#5302,#4178,#4179);
#3691=AXIS2_PLACEMENT_3D('',#5303,#4180,#4181);
#3692=AXIS2_PLACEMENT_3D('',#5304,#4182,#4183);
#3693=AXIS2_PLACEMENT_3D('',#5306,#4185,#4186);
#3694=AXIS2_PLACEMENT_3D('',#5308,#4187,#4188);
#3695=AXIS2_PLACEMENT_3D('',#5311,#4190,#4191);
#3696=AXIS2_PLACEMENT_3D('',#5312,#4192,#4193);
#3697=AXIS2_PLACEMENT_3D('',#5313,#4194,#4195);
#3698=AXIS2_PLACEMENT_3D('',#5315,#4196,#4197);
#3699=AXIS2_PLACEMENT_3D('',#5318,#4199,#4200);
#3700=AXIS2_PLACEMENT_3D('',#5319,#4201,#4202);
#3701=AXIS2_PLACEMENT_3D('',#5320,#4203,#4204);
#3702=AXIS2_PLACEMENT_3D('',#5329,#4209,#4210);
#3703=AXIS2_PLACEMENT_3D('',#5331,#4211,#4212);
#3704=AXIS2_PLACEMENT_3D('',#5333,#4213,#4214);
#3705=AXIS2_PLACEMENT_3D('',#5335,#4216,#4217);
#3706=AXIS2_PLACEMENT_3D('',#5341,#4221,#4222);
#3707=AXIS2_PLACEMENT_3D('',#5343,#4223,#4224);
#3708=AXIS2_PLACEMENT_3D('',#5345,#4225,#4226);
#3709=AXIS2_PLACEMENT_3D('',#5347,#4228,#4229);
#3710=AXIS2_PLACEMENT_3D('',#5350,#4230,#4231);
#3711=AXIS2_PLACEMENT_3D('',#5354,#4233,#4234);
#3712=AXIS2_PLACEMENT_3D('',#5356,#4236,#4237);
#3713=AXIS2_PLACEMENT_3D('',#5362,#4241,#4242);
#3714=AXIS2_PLACEMENT_3D('',#5363,#4243,#4244);
#3715=AXIS2_PLACEMENT_3D('',#5364,#4245,#4246);
#3716=AXIS2_PLACEMENT_3D('',#5365,#4247,#4248);
#3717=AXIS2_PLACEMENT_3D('',#5367,#4250,#4251);
#3718=AXIS2_PLACEMENT_3D('',#5376,#4256,#4257);
#3719=AXIS2_PLACEMENT_3D('',#5378,#4258,#4259);
#3720=AXIS2_PLACEMENT_3D('',#5380,#4260,#4261);
#3721=AXIS2_PLACEMENT_3D('',#5382,#4263,#4264);
#3722=AXIS2_PLACEMENT_3D('',#5388,#4268,#4269);
#3723=AXIS2_PLACEMENT_3D('',#5390,#4270,#4271);
#3724=AXIS2_PLACEMENT_3D('',#5392,#4272,#4273);
#3725=AXIS2_PLACEMENT_3D('',#5394,#4275,#4276);
#3726=AXIS2_PLACEMENT_3D('',#5400,#4280,#4281);
#3727=AXIS2_PLACEMENT_3D('',#5402,#4282,#4283);
#3728=AXIS2_PLACEMENT_3D('',#5404,#4284,#4285);
#3729=AXIS2_PLACEMENT_3D('',#5406,#4287,#4288);
#3730=AXIS2_PLACEMENT_3D('',#5408,#4289,#4290);
#3731=AXIS2_PLACEMENT_3D('',#5411,#4292,#4293);
#3732=AXIS2_PLACEMENT_3D('',#5412,#4294,#4295);
#3733=AXIS2_PLACEMENT_3D('',#5414,#4297,#4298);
#3734=AXIS2_PLACEMENT_3D('',#5416,#4299,#4300);
#3735=AXIS2_PLACEMENT_3D('',#5419,#4302,#4303);
#3736=AXIS2_PLACEMENT_3D('',#5420,#4304,#4305);
#3737=AXIS2_PLACEMENT_3D('',#5421,#4306,#4307);
#3738=AXIS2_PLACEMENT_3D('',#5423,#4308,#4309);
#3739=AXIS2_PLACEMENT_3D('',#5426,#4311,#4312);
#3740=AXIS2_PLACEMENT_3D('',#5427,#4313,#4314);
#3741=AXIS2_PLACEMENT_3D('',#5428,#4315,#4316);
#3742=AXIS2_PLACEMENT_3D('',#5437,#4321,#4322);
#3743=AXIS2_PLACEMENT_3D('',#5443,#4326,#4327);
#3744=AXIS2_PLACEMENT_3D('',#5449,#4331,#4332);
#3745=AXIS2_PLACEMENT_3D('',#5452,#4335,#4336);
#3746=AXIS2_PLACEMENT_3D('',#5454,#4337,#4338);
#3747=AXIS2_PLACEMENT_3D('',#5457,#4340,#4341);
#3748=AXIS2_PLACEMENT_3D('',#5458,#4342,#4343);
#3749=AXIS2_PLACEMENT_3D('',#5460,#4344,#4345);
#3750=AXIS2_PLACEMENT_3D('',#5463,#4347,#4348);
#3751=AXIS2_PLACEMENT_3D('',#5464,#4349,#4350);
#3752=AXIS2_PLACEMENT_3D('',#5466,#4351,#4352);
#3753=AXIS2_PLACEMENT_3D('',#5469,#4354,#4355);
#3754=AXIS2_PLACEMENT_3D('',#5470,#4356,#4357);
#3755=AXIS2_PLACEMENT_3D('',#5472,#4358,#4359);
#3756=AXIS2_PLACEMENT_3D('',#5475,#4361,#4362);
#3757=AXIS2_PLACEMENT_3D('',#5476,#4363,#4364);
#3758=AXIS2_PLACEMENT_3D('',#5478,#4365,#4366);
#3759=AXIS2_PLACEMENT_3D('',#5481,#4368,#4369);
#3760=AXIS2_PLACEMENT_3D('',#5482,#4370,#4371);
#3761=AXIS2_PLACEMENT_3D('',#5484,#4372,#4373);
#3762=AXIS2_PLACEMENT_3D('',#5487,#4375,#4376);
#3763=AXIS2_PLACEMENT_3D('',#5488,#4377,#4378);
#3764=AXIS2_PLACEMENT_3D('',#5490,#4379,#4380);
#3765=AXIS2_PLACEMENT_3D('',#5493,#4382,#4383);
#3766=AXIS2_PLACEMENT_3D('',#5494,#4384,#4385);
#3767=AXIS2_PLACEMENT_3D('',#5496,#4386,#4387);
#3768=AXIS2_PLACEMENT_3D('',#5499,#4389,#4390);
#3769=AXIS2_PLACEMENT_3D('',#5500,#4391,#4392);
#3770=AXIS2_PLACEMENT_3D('',#5502,#4393,#4394);
#3771=AXIS2_PLACEMENT_3D('',#5505,#4396,#4397);
#3772=AXIS2_PLACEMENT_3D('',#5506,#4398,#4399);
#3773=AXIS2_PLACEMENT_3D('',#5508,#4400,#4401);
#3774=AXIS2_PLACEMENT_3D('',#5511,#4403,#4404);
#3775=AXIS2_PLACEMENT_3D('',#5512,#4405,#4406);
#3776=AXIS2_PLACEMENT_3D('',#5514,#4407,#4408);
#3777=AXIS2_PLACEMENT_3D('',#5517,#4410,#4411);
#3778=AXIS2_PLACEMENT_3D('',#5518,#4412,#4413);
#3779=AXIS2_PLACEMENT_3D('',#5520,#4414,#4415);
#3780=AXIS2_PLACEMENT_3D('',#5523,#4417,#4418);
#3781=AXIS2_PLACEMENT_3D('',#5524,#4419,#4420);
#3782=AXIS2_PLACEMENT_3D('',#5526,#4421,#4422);
#3783=AXIS2_PLACEMENT_3D('',#5529,#4424,#4425);
#3784=AXIS2_PLACEMENT_3D('',#5530,#4426,#4427);
#3785=AXIS2_PLACEMENT_3D('',#5532,#4428,#4429);
#3786=AXIS2_PLACEMENT_3D('',#5535,#4431,#4432);
#3787=AXIS2_PLACEMENT_3D('',#5536,#4433,#4434);
#3788=AXIS2_PLACEMENT_3D('',#5538,#4435,#4436);
#3789=AXIS2_PLACEMENT_3D('',#5541,#4438,#4439);
#3790=AXIS2_PLACEMENT_3D('',#5542,#4440,#4441);
#3791=AXIS2_PLACEMENT_3D('',#5544,#4442,#4443);
#3792=AXIS2_PLACEMENT_3D('',#5547,#4445,#4446);
#3793=AXIS2_PLACEMENT_3D('',#5548,#4447,#4448);
#3794=AXIS2_PLACEMENT_3D('',#5550,#4449,#4450);
#3795=AXIS2_PLACEMENT_3D('',#5553,#4452,#4453);
#3796=AXIS2_PLACEMENT_3D('',#5554,#4454,#4455);
#3797=AXIS2_PLACEMENT_3D('',#5556,#4456,#4457);
#3798=AXIS2_PLACEMENT_3D('',#5559,#4459,#4460);
#3799=AXIS2_PLACEMENT_3D('',#5560,#4461,#4462);
#3800=AXIS2_PLACEMENT_3D('',#5562,#4463,#4464);
#3801=AXIS2_PLACEMENT_3D('',#5565,#4466,#4467);
#3802=AXIS2_PLACEMENT_3D('',#5566,#4468,#4469);
#3803=AXIS2_PLACEMENT_3D('',#5568,#4470,#4471);
#3804=AXIS2_PLACEMENT_3D('',#5571,#4473,#4474);
#3805=AXIS2_PLACEMENT_3D('',#5572,#4475,#4476);
#3806=AXIS2_PLACEMENT_3D('',#5574,#4477,#4478);
#3807=AXIS2_PLACEMENT_3D('',#5577,#4480,#4481);
#3808=AXIS2_PLACEMENT_3D('',#5578,#4482,#4483);
#3809=AXIS2_PLACEMENT_3D('',#5580,#4484,#4485);
#3810=AXIS2_PLACEMENT_3D('',#5583,#4487,#4488);
#3811=AXIS2_PLACEMENT_3D('',#5584,#4489,#4490);
#3812=AXIS2_PLACEMENT_3D('',#5586,#4491,#4492);
#3813=AXIS2_PLACEMENT_3D('',#5589,#4494,#4495);
#3814=AXIS2_PLACEMENT_3D('',#5590,#4496,#4497);
#3815=AXIS2_PLACEMENT_3D('',#5592,#4498,#4499);
#3816=AXIS2_PLACEMENT_3D('',#5595,#4501,#4502);
#3817=AXIS2_PLACEMENT_3D('',#5596,#4503,#4504);
#3818=AXIS2_PLACEMENT_3D('',#5598,#4505,#4506);
#3819=AXIS2_PLACEMENT_3D('',#5601,#4508,#4509);
#3820=AXIS2_PLACEMENT_3D('',#5602,#4510,#4511);
#3821=AXIS2_PLACEMENT_3D('',#5604,#4512,#4513);
#3822=AXIS2_PLACEMENT_3D('',#5607,#4515,#4516);
#3823=AXIS2_PLACEMENT_3D('',#5608,#4517,#4518);
#3824=AXIS2_PLACEMENT_3D('',#5610,#4519,#4520);
#3825=AXIS2_PLACEMENT_3D('',#5613,#4522,#4523);
#3826=AXIS2_PLACEMENT_3D('',#5614,#4524,#4525);
#3827=AXIS2_PLACEMENT_3D('',#5616,#4526,#4527);
#3828=AXIS2_PLACEMENT_3D('',#5619,#4529,#4530);
#3829=AXIS2_PLACEMENT_3D('',#5620,#4531,#4532);
#3830=AXIS2_PLACEMENT_3D('',#5622,#4533,#4534);
#3831=AXIS2_PLACEMENT_3D('',#5625,#4536,#4537);
#3832=AXIS2_PLACEMENT_3D('',#5626,#4538,#4539);
#3833=AXIS2_PLACEMENT_3D('',#5628,#4540,#4541);
#3834=AXIS2_PLACEMENT_3D('',#5631,#4543,#4544);
#3835=AXIS2_PLACEMENT_3D('',#5632,#4545,#4546);
#3836=AXIS2_PLACEMENT_3D('',#5634,#4547,#4548);
#3837=AXIS2_PLACEMENT_3D('',#5637,#4550,#4551);
#3838=AXIS2_PLACEMENT_3D('',#5638,#4552,#4553);
#3839=AXIS2_PLACEMENT_3D('',#5640,#4554,#4555);
#3840=AXIS2_PLACEMENT_3D('',#5643,#4557,#4558);
#3841=AXIS2_PLACEMENT_3D('',#5644,#4559,#4560);
#3842=AXIS2_PLACEMENT_3D('',#5646,#4561,#4562);
#3843=AXIS2_PLACEMENT_3D('',#5649,#4564,#4565);
#3844=AXIS2_PLACEMENT_3D('',#5650,#4566,#4567);
#3845=AXIS2_PLACEMENT_3D('',#5652,#4568,#4569);
#3846=AXIS2_PLACEMENT_3D('',#5655,#4571,#4572);
#3847=AXIS2_PLACEMENT_3D('',#5656,#4573,#4574);
#3848=AXIS2_PLACEMENT_3D('',#5658,#4575,#4576);
#3849=AXIS2_PLACEMENT_3D('',#5661,#4578,#4579);
#3850=AXIS2_PLACEMENT_3D('',#5662,#4580,#4581);
#3851=AXIS2_PLACEMENT_3D('',#5664,#4582,#4583);
#3852=AXIS2_PLACEMENT_3D('',#5667,#4585,#4586);
#3853=AXIS2_PLACEMENT_3D('',#5668,#4587,#4588);
#3854=AXIS2_PLACEMENT_3D('',#5670,#4589,#4590);
#3855=AXIS2_PLACEMENT_3D('',#5673,#4592,#4593);
#3856=AXIS2_PLACEMENT_3D('',#5674,#4594,#4595);
#3857=AXIS2_PLACEMENT_3D('',#5676,#4596,#4597);
#3858=AXIS2_PLACEMENT_3D('',#5679,#4599,#4600);
#3859=AXIS2_PLACEMENT_3D('',#5680,#4601,#4602);
#3860=AXIS2_PLACEMENT_3D('',#5682,#4603,#4604);
#3861=AXIS2_PLACEMENT_3D('',#5685,#4606,#4607);
#3862=AXIS2_PLACEMENT_3D('',#5686,#4608,#4609);
#3863=AXIS2_PLACEMENT_3D('',#5688,#4610,#4611);
#3864=AXIS2_PLACEMENT_3D('',#5691,#4613,#4614);
#3865=AXIS2_PLACEMENT_3D('',#5692,#4615,#4616);
#3866=AXIS2_PLACEMENT_3D('',#5694,#4617,#4618);
#3867=AXIS2_PLACEMENT_3D('',#5697,#4620,#4621);
#3868=AXIS2_PLACEMENT_3D('',#5698,#4622,#4623);
#3869=AXIS2_PLACEMENT_3D('',#5700,#4624,#4625);
#3870=AXIS2_PLACEMENT_3D('',#5703,#4627,#4628);
#3871=AXIS2_PLACEMENT_3D('',#5704,#4629,#4630);
#3872=AXIS2_PLACEMENT_3D('',#5706,#4631,#4632);
#3873=AXIS2_PLACEMENT_3D('',#5709,#4634,#4635);
#3874=AXIS2_PLACEMENT_3D('',#5710,#4636,#4637);
#3875=AXIS2_PLACEMENT_3D('',#5712,#4638,#4639);
#3876=AXIS2_PLACEMENT_3D('',#5715,#4641,#4642);
#3877=AXIS2_PLACEMENT_3D('',#5716,#4643,#4644);
#3878=AXIS2_PLACEMENT_3D('',#5718,#4645,#4646);
#3879=AXIS2_PLACEMENT_3D('',#5721,#4648,#4649);
#3880=AXIS2_PLACEMENT_3D('',#5722,#4650,#4651);
#3881=AXIS2_PLACEMENT_3D('',#5724,#4652,#4653);
#3882=AXIS2_PLACEMENT_3D('',#5727,#4655,#4656);
#3883=AXIS2_PLACEMENT_3D('',#5728,#4657,#4658);
#3884=AXIS2_PLACEMENT_3D('',#5730,#4659,#4660);
#3885=AXIS2_PLACEMENT_3D('',#5733,#4662,#4663);
#3886=AXIS2_PLACEMENT_3D('',#5734,#4664,#4665);
#3887=AXIS2_PLACEMENT_3D('',#5736,#4666,#4667);
#3888=AXIS2_PLACEMENT_3D('',#5739,#4669,#4670);
#3889=AXIS2_PLACEMENT_3D('',#5740,#4671,#4672);
#3890=AXIS2_PLACEMENT_3D('',#5742,#4673,#4674);
#3891=AXIS2_PLACEMENT_3D('',#5745,#4676,#4677);
#3892=AXIS2_PLACEMENT_3D('',#5746,#4678,#4679);
#3893=AXIS2_PLACEMENT_3D('',#5748,#4680,#4681);
#3894=AXIS2_PLACEMENT_3D('',#5751,#4683,#4684);
#3895=AXIS2_PLACEMENT_3D('',#5752,#4685,#4686);
#3896=AXIS2_PLACEMENT_3D('',#5754,#4687,#4688);
#3897=AXIS2_PLACEMENT_3D('',#5757,#4690,#4691);
#3898=AXIS2_PLACEMENT_3D('',#5758,#4692,#4693);
#3899=AXIS2_PLACEMENT_3D('',#5760,#4694,#4695);
#3900=AXIS2_PLACEMENT_3D('',#5763,#4697,#4698);
#3901=AXIS2_PLACEMENT_3D('',#5764,#4699,#4700);
#3902=AXIS2_PLACEMENT_3D('',#5766,#4701,#4702);
#3903=AXIS2_PLACEMENT_3D('',#5769,#4704,#4705);
#3904=AXIS2_PLACEMENT_3D('',#5770,#4706,#4707);
#3905=AXIS2_PLACEMENT_3D('',#5772,#4708,#4709);
#3906=AXIS2_PLACEMENT_3D('',#5775,#4711,#4712);
#3907=AXIS2_PLACEMENT_3D('',#5776,#4713,#4714);
#3908=AXIS2_PLACEMENT_3D('',#5778,#4715,#4716);
#3909=AXIS2_PLACEMENT_3D('',#5781,#4718,#4719);
#3910=AXIS2_PLACEMENT_3D('',#5782,#4720,#4721);
#3911=AXIS2_PLACEMENT_3D('',#5784,#4722,#4723);
#3912=AXIS2_PLACEMENT_3D('',#5787,#4725,#4726);
#3913=AXIS2_PLACEMENT_3D('',#5788,#4727,#4728);
#3914=AXIS2_PLACEMENT_3D('',#5790,#4729,#4730);
#3915=AXIS2_PLACEMENT_3D('',#5793,#4732,#4733);
#3916=AXIS2_PLACEMENT_3D('',#5794,#4734,#4735);
#3917=AXIS2_PLACEMENT_3D('',#5796,#4736,#4737);
#3918=AXIS2_PLACEMENT_3D('',#5799,#4739,#4740);
#3919=AXIS2_PLACEMENT_3D('',#5800,#4741,#4742);
#3920=AXIS2_PLACEMENT_3D('',#5802,#4743,#4744);
#3921=AXIS2_PLACEMENT_3D('',#5805,#4746,#4747);
#3922=AXIS2_PLACEMENT_3D('',#5806,#4748,#4749);
#3923=AXIS2_PLACEMENT_3D('',#5808,#4750,#4751);
#3924=AXIS2_PLACEMENT_3D('',#5811,#4753,#4754);
#3925=AXIS2_PLACEMENT_3D('',#5812,#4755,#4756);
#3926=AXIS2_PLACEMENT_3D('',#5814,#4757,#4758);
#3927=AXIS2_PLACEMENT_3D('',#5817,#4760,#4761);
#3928=AXIS2_PLACEMENT_3D('',#5818,#4762,#4763);
#3929=AXIS2_PLACEMENT_3D('',#5820,#4764,#4765);
#3930=AXIS2_PLACEMENT_3D('',#5823,#4767,#4768);
#3931=AXIS2_PLACEMENT_3D('',#5824,#4769,#4770);
#3932=AXIS2_PLACEMENT_3D('',#5826,#4771,#4772);
#3933=AXIS2_PLACEMENT_3D('',#5829,#4774,#4775);
#3934=AXIS2_PLACEMENT_3D('',#5830,#4776,#4777);
#3935=AXIS2_PLACEMENT_3D('',#5832,#4778,#4779);
#3936=AXIS2_PLACEMENT_3D('',#5835,#4781,#4782);
#3937=AXIS2_PLACEMENT_3D('',#5836,#4783,#4784);
#3938=AXIS2_PLACEMENT_3D('',#5838,#4785,#4786);
#3939=AXIS2_PLACEMENT_3D('',#5841,#4788,#4789);
#3940=AXIS2_PLACEMENT_3D('',#5842,#4790,#4791);
#3941=AXIS2_PLACEMENT_3D('',#5844,#4792,#4793);
#3942=AXIS2_PLACEMENT_3D('',#5847,#4795,#4796);
#3943=AXIS2_PLACEMENT_3D('',#5848,#4797,#4798);
#3944=AXIS2_PLACEMENT_3D('',#5850,#4799,#4800);
#3945=AXIS2_PLACEMENT_3D('',#5853,#4802,#4803);
#3946=AXIS2_PLACEMENT_3D('',#5854,#4804,#4805);
#3947=AXIS2_PLACEMENT_3D('',#5856,#4806,#4807);
#3948=AXIS2_PLACEMENT_3D('',#5859,#4809,#4810);
#3949=AXIS2_PLACEMENT_3D('',#5860,#4811,#4812);
#3950=AXIS2_PLACEMENT_3D('',#5862,#4813,#4814);
#3951=AXIS2_PLACEMENT_3D('',#5865,#4816,#4817);
#3952=AXIS2_PLACEMENT_3D('',#5866,#4818,#4819);
#3953=AXIS2_PLACEMENT_3D('',#5868,#4820,#4821);
#3954=AXIS2_PLACEMENT_3D('',#5871,#4823,#4824);
#3955=AXIS2_PLACEMENT_3D('',#5872,#4825,#4826);
#3956=AXIS2_PLACEMENT_3D('',#5874,#4827,#4828);
#3957=AXIS2_PLACEMENT_3D('',#5877,#4830,#4831);
#3958=AXIS2_PLACEMENT_3D('',#5878,#4832,#4833);
#3959=AXIS2_PLACEMENT_3D('',#5880,#4834,#4835);
#3960=AXIS2_PLACEMENT_3D('',#5883,#4837,#4838);
#3961=AXIS2_PLACEMENT_3D('',#5884,#4839,#4840);
#3962=AXIS2_PLACEMENT_3D('',#5886,#4841,#4842);
#3963=AXIS2_PLACEMENT_3D('',#5889,#4844,#4845);
#3964=AXIS2_PLACEMENT_3D('',#5890,#4846,#4847);
#3965=AXIS2_PLACEMENT_3D('',#5892,#4848,#4849);
#3966=AXIS2_PLACEMENT_3D('',#5895,#4851,#4852);
#3967=AXIS2_PLACEMENT_3D('',#5896,#4853,#4854);
#3968=AXIS2_PLACEMENT_3D('',#5898,#4855,#4856);
#3969=AXIS2_PLACEMENT_3D('',#5901,#4858,#4859);
#3970=AXIS2_PLACEMENT_3D('',#5902,#4860,#4861);
#3971=AXIS2_PLACEMENT_3D('',#5904,#4862,#4863);
#3972=AXIS2_PLACEMENT_3D('',#5907,#4865,#4866);
#3973=AXIS2_PLACEMENT_3D('',#5908,#4867,#4868);
#3974=AXIS2_PLACEMENT_3D('',#5910,#4869,#4870);
#3975=AXIS2_PLACEMENT_3D('',#5913,#4872,#4873);
#3976=AXIS2_PLACEMENT_3D('',#5914,#4874,#4875);
#3977=AXIS2_PLACEMENT_3D('',#5916,#4876,#4877);
#3978=AXIS2_PLACEMENT_3D('',#5919,#4879,#4880);
#3979=AXIS2_PLACEMENT_3D('',#5920,#4881,#4882);
#3980=AXIS2_PLACEMENT_3D('',#5922,#4883,#4884);
#3981=AXIS2_PLACEMENT_3D('',#5925,#4886,#4887);
#3982=AXIS2_PLACEMENT_3D('',#5926,#4888,#4889);
#3983=AXIS2_PLACEMENT_3D('',#5928,#4890,#4891);
#3984=AXIS2_PLACEMENT_3D('',#5931,#4893,#4894);
#3985=AXIS2_PLACEMENT_3D('',#5932,#4895,#4896);
#3986=AXIS2_PLACEMENT_3D('',#5934,#4897,#4898);
#3987=AXIS2_PLACEMENT_3D('',#5937,#4900,#4901);
#3988=AXIS2_PLACEMENT_3D('',#5938,#4902,#4903);
#3989=AXIS2_PLACEMENT_3D('',#5940,#4904,#4905);
#3990=AXIS2_PLACEMENT_3D('',#5943,#4907,#4908);
#3991=AXIS2_PLACEMENT_3D('',#5944,#4909,#4910);
#3992=AXIS2_PLACEMENT_3D('',#5946,#4911,#4912);
#3993=AXIS2_PLACEMENT_3D('',#5949,#4914,#4915);
#3994=AXIS2_PLACEMENT_3D('',#5950,#4916,#4917);
#3995=AXIS2_PLACEMENT_3D('',#5952,#4918,#4919);
#3996=AXIS2_PLACEMENT_3D('',#5955,#4921,#4922);
#3997=AXIS2_PLACEMENT_3D('',#5956,#4923,#4924);
#3998=AXIS2_PLACEMENT_3D('',#5965,#4929,#4930);
#3999=AXIS2_PLACEMENT_3D('',#5967,#4931,#4932);
#4000=AXIS2_PLACEMENT_3D('',#5970,#4934,#4935);
#4001=AXIS2_PLACEMENT_3D('',#5971,#4936,#4937);
#4002=AXIS2_PLACEMENT_3D('',#5977,#4941,#4942);
#4003=AXIS2_PLACEMENT_3D('',#5979,#4943,#4944);
#4004=AXIS2_PLACEMENT_3D('',#5982,#4946,#4947);
#4005=AXIS2_PLACEMENT_3D('',#5983,#4948,#4949);
#4006=AXIS2_PLACEMENT_3D('',#5989,#4953,#4954);
#4007=AXIS2_PLACEMENT_3D('',#5991,#4955,#4956);
#4008=AXIS2_PLACEMENT_3D('',#5994,#4958,#4959);
#4009=AXIS2_PLACEMENT_3D('',#5995,#4960,#4961);
#4010=AXIS2_PLACEMENT_3D('',#6001,#4965,#4966);
#4011=AXIS2_PLACEMENT_3D('',#6002,#4967,#4968);
#4012=AXIS2_PLACEMENT_3D('',#6003,#4969,#4970);
#4013=AXIS2_PLACEMENT_3D('',#6004,#4971,#4972);
#4014=AXIS2_PLACEMENT_3D('',#6006,#4973,#4974);
#4015=AXIS2_PLACEMENT_3D('',#6009,#4976,#4977);
#4016=AXIS2_PLACEMENT_3D('',#6010,#4978,#4979);
#4017=AXIS2_PLACEMENT_3D('',#6011,#4980,#4981);
#4018=AXIS2_PLACEMENT_3D('',#6013,#4982,#4983);
#4019=AXIS2_PLACEMENT_3D('',#6016,#4985,#4986);
#4020=AXIS2_PLACEMENT_3D('',#6017,#4987,#4988);
#4021=AXIS2_PLACEMENT_3D('',#6018,#4989,#4990);
#4022=AXIS2_PLACEMENT_3D('',#6020,#4991,#4992);
#4023=AXIS2_PLACEMENT_3D('',#6023,#4994,#4995);
#4024=AXIS2_PLACEMENT_3D('',#6024,#4996,#4997);
#4025=AXIS2_PLACEMENT_3D('',#6025,#4998,#4999);
#4026=AXIS2_PLACEMENT_3D('',#6027,#5000,#5001);
#4027=AXIS2_PLACEMENT_3D('',#6030,#5003,#5004);
#4028=AXIS2_PLACEMENT_3D('',#6031,#5005,#5006);
#4029=AXIS2_PLACEMENT_3D('',#6032,#5007,#5008);
#4030=AXIS2_PLACEMENT_3D('',#6035,#5009,#5010);
#4031=AXIS2_PLACEMENT_3D('',#6039,#5012,#5013);
#4032=AXIS2_PLACEMENT_3D('',#6041,#5015,#5016);
#4033=AXIS2_PLACEMENT_3D('',#6043,#5017,#5018);
#4034=AXIS2_PLACEMENT_3D('',#6045,#5019,#5020);
#4035=AXIS2_PLACEMENT_3D('',#6046,#5021,#5022);
#4036=AXIS2_PLACEMENT_3D('',#6047,#5023,#5024);
#4037=AXIS2_PLACEMENT_3D('',#6051,#5026,#5027);
#4038=AXIS2_PLACEMENT_3D('',#6053,#5029,#5030);
#4039=AXIS2_PLACEMENT_3D('',#6055,#5031,#5032);
#4040=AXIS2_PLACEMENT_3D('',#6057,#5033,#5034);
#4041=AXIS2_PLACEMENT_3D('',#6058,#5035,#5036);
#4042=AXIS2_PLACEMENT_3D('',#6059,#5037,#5038);
#4043=AXIS2_PLACEMENT_3D('',#6063,#5040,#5041);
#4044=AXIS2_PLACEMENT_3D('',#6065,#5043,#5044);
#4045=AXIS2_PLACEMENT_3D('',#6067,#5045,#5046);
#4046=AXIS2_PLACEMENT_3D('',#6069,#5047,#5048);
#4047=AXIS2_PLACEMENT_3D('',#6070,#5049,#5050);
#4048=AXIS2_PLACEMENT_3D('',#6071,#5051,#5052);
#4049=AXIS2_PLACEMENT_3D('',#6075,#5054,#5055);
#4050=AXIS2_PLACEMENT_3D('',#6077,#5057,#5058);
#4051=AXIS2_PLACEMENT_3D('',#6078,#5059,#5060);
#4052=AXIS2_PLACEMENT_3D('',#6079,#5061,#5062);
#4053=AXIS2_PLACEMENT_3D('',#6080,#5063,#5064);
#4054=AXIS2_PLACEMENT_3D('',#6086,#5068,#5069);
#4055=AXIS2_PLACEMENT_3D('',#6089,#5071,#5072);
#4056=AXIS2_PLACEMENT_3D('',#6090,#5073,#5074);
#4057=AXIS2_PLACEMENT_3D('',#6094,#5077,#5078);
#4058=AXIS2_PLACEMENT_3D('',#6097,#5080,#5081);
#4059=AXIS2_PLACEMENT_3D('',#6098,#5082,#5083);
#4060=AXIS2_PLACEMENT_3D('',#6102,#5086,#5087);
#4061=AXIS2_PLACEMENT_3D('',#6105,#5089,#5090);
#4062=AXIS2_PLACEMENT_3D('',#6106,#5091,#5092);
#4063=AXIS2_PLACEMENT_3D('',#6110,#5095,#5096);
#4064=AXIS2_PLACEMENT_3D('',#6111,#5097,#5098);
#4065=AXIS2_PLACEMENT_3D('',#6123,#5099,#5100);
#4066=AXIS2_PLACEMENT_3D('',#6125,#5101,#5102);
#4067=AXIS2_PLACEMENT_3D('',#6127,#5103,#5104);
#4068=AXIS2_PLACEMENT_3D('',#6128,#5105,#5106);
#4069=AXIS2_PLACEMENT_3D('',#6129,#5107,#5108);
#4070=AXIS2_PLACEMENT_3D('',#6132,#5109,#5110);
#4071=AXIS2_PLACEMENT_3D('',#6146,#5113,#5114);
#4072=AXIS2_PLACEMENT_3D('',#6147,#5115,#5116);
#4073=AXIS2_PLACEMENT_3D('',#6148,#5117,#5118);
#4074=AXIS2_PLACEMENT_3D('',#6149,#5119,#5120);
#4075=AXIS2_PLACEMENT_3D('',#6152,#5121,#5122);
#4076=AXIS2_PLACEMENT_3D('',#6166,#5125,#5126);
#4077=AXIS2_PLACEMENT_3D('',#6167,#5127,#5128);
#4078=AXIS2_PLACEMENT_3D('',#6168,#5129,#5130);
#4079=AXIS2_PLACEMENT_3D('',#6169,#5131,#5132);
#4080=AXIS2_PLACEMENT_3D('',#6172,#5133,#5134);
#4081=AXIS2_PLACEMENT_3D('',#6186,#5137,#5138);
#4082=AXIS2_PLACEMENT_3D('',#6187,#5139,#5140);
#4083=AXIS2_PLACEMENT_3D('',#6188,#5141,#5142);
#4084=AXIS2_PLACEMENT_3D('',#6189,#5143,#5144);
#4085=AXIS2_PLACEMENT_3D('',#6192,#5147,#5148);
#4086=AXIS2_PLACEMENT_3D('',#6198,#5152,#5153);
#4087=AXIS2_PLACEMENT_3D('',#6201,#5155,#5156);
#4088=AXIS2_PLACEMENT_3D('',#6202,#5157,#5158);
#4089=AXIS2_PLACEMENT_3D('',#6206,#5161,#5162);
#4090=AXIS2_PLACEMENT_3D('',#6209,#5164,#5165);
#4091=AXIS2_PLACEMENT_3D('',#6210,#5166,#5167);
#4092=AXIS2_PLACEMENT_3D('',#6211,#5168,#5169);
#4093=AXIS2_PLACEMENT_3D('',#6213,#5170,#5171);
#4094=AXIS2_PLACEMENT_3D('',#6217,#5173,#5174);
#4095=AXIS2_PLACEMENT_3D('',#6224,#5178,#5179);
#4096=AXIS2_PLACEMENT_3D('',#6229,#5182,#5183);
#4097=AXIS2_PLACEMENT_3D('',#6233,#5185,#5186);
#4098=AXIS2_PLACEMENT_3D('',#6237,#5189,#5190);
#4099=AXIS2_PLACEMENT_3D('',#6238,#5191,#5192);
#4100=AXIS2_PLACEMENT_3D('',#6241,#5193,#5194);
#4101=AXIS2_PLACEMENT_3D('',#6245,#5196,#5197);
#4102=AXIS2_PLACEMENT_3D('',#6249,#5199,#5200);
#4103=AXIS2_PLACEMENT_3D('',#6253,#5202,#5203);
#4104=AXIS2_PLACEMENT_3D('',#6255,#5205,#5206);
#4105=AXIS2_PLACEMENT_3D('',#6258,#5209,#5210);
#4106=AXIS2_PLACEMENT_3D('',#6260,#5212,#5213);
#4107=AXIS2_PLACEMENT_3D('',#6262,#5215,#5216);
#4108=AXIS2_PLACEMENT_3D('',#6264,#5218,#5219);
#4109=AXIS2_PLACEMENT_3D('',#6266,#5221,#5222);
#4110=AXIS2_PLACEMENT_3D('',#6268,#5224,#5225);
#4111=AXIS2_PLACEMENT_3D('',#6270,#5227,#5228);
#4112=AXIS2_PLACEMENT_3D('',#6271,#5229,#5230);
#4113=AXIS2_PLACEMENT_3D('',#6273,#5232,#5233);
#4114=AXIS2_PLACEMENT_3D('',#6275,#5235,#5236);
#4115=AXIS2_PLACEMENT_3D('',#6277,#5238,#5239);
#4116=DIRECTION('axis',(0.,0.,1.));
#4117=DIRECTION('refdir',(1.,0.,0.));
#4118=DIRECTION('center_axis',(0.,1.,0.));
#4119=DIRECTION('ref_axis',(0.,0.,1.));
#4120=DIRECTION('center_axis',(0.,-1.,0.));
#4121=DIRECTION('ref_axis',(0.,0.,1.));
#4122=DIRECTION('',(-1.04972719113862E-16,-0.515038074910054,0.857167300702112));
#4123=DIRECTION('center_axis',(0.,-1.,0.));
#4124=DIRECTION('ref_axis',(0.,0.,1.));
#4125=DIRECTION('center_axis',(0.,-1.,0.));
#4126=DIRECTION('ref_axis',(0.,0.,1.));
#4127=DIRECTION('',(0.,-1.,0.));
#4128=DIRECTION('center_axis',(0.,1.,0.));
#4129=DIRECTION('ref_axis',(0.,0.,1.));
#4130=DIRECTION('center_axis',(0.,-1.,0.));
#4131=DIRECTION('ref_axis',(0.,0.,1.));
#4132=DIRECTION('',(-1.04972719113862E-16,-0.515038074910054,0.857167300702112));
#4133=DIRECTION('center_axis',(0.,-1.,0.));
#4134=DIRECTION('ref_axis',(0.,0.,1.));
#4135=DIRECTION('center_axis',(0.,-1.,0.));
#4136=DIRECTION('ref_axis',(0.,0.,1.));
#4137=DIRECTION('',(0.,-1.,0.));
#4138=DIRECTION('center_axis',(0.,-1.,0.));
#4139=DIRECTION('ref_axis',(1.,0.,0.));
#4140=DIRECTION('',(-1.,0.,-1.14455981920119E-16));
#4141=DIRECTION('',(0.,0.,1.));
#4142=DIRECTION('',(1.,0.,0.));
#4143=DIRECTION('',(0.,0.,1.));
#4144=DIRECTION('center_axis',(0.,0.,1.));
#4145=DIRECTION('ref_axis',(-1.,-2.96059473233377E-15,0.));
#4146=DIRECTION('center_axis',(1.14455981920119E-16,0.,-1.));
#4147=DIRECTION('ref_axis',(-1.,-2.96059473233377E-15,0.));
#4148=DIRECTION('center_axis',(0.,0.,1.));
#4149=DIRECTION('ref_axis',(-1.,-2.96059473233377E-15,0.));
#4150=DIRECTION('',(0.,0.,1.));
#4151=DIRECTION('center_axis',(-1.,-1.48029736616687E-15,0.));
#4152=DIRECTION('ref_axis',(1.48029736616687E-15,-1.,0.));
#4153=DIRECTION('',(-1.48029736616687E-15,1.,-1.69428888578395E-31));
#4154=DIRECTION('',(1.48029736616687E-15,-1.,0.));
#4155=DIRECTION('',(0.,0.,1.));
#4156=DIRECTION('center_axis',(0.,0.,1.));
#4157=DIRECTION('ref_axis',(8.88178419700134E-15,1.,0.));
#4158=DIRECTION('center_axis',(1.14455981920119E-16,0.,-1.));
#4159=DIRECTION('ref_axis',(8.88178419700134E-15,1.,0.));
#4160=DIRECTION('center_axis',(0.,0.,1.));
#4161=DIRECTION('ref_axis',(8.88178419700134E-15,1.,0.));
#4162=DIRECTION('',(0.,0.,1.));
#4163=DIRECTION('center_axis',(0.,0.,1.));
#4164=DIRECTION('ref_axis',(1.,2.96059473233377E-15,0.));
#4165=DIRECTION('center_axis',(1.14455981920119E-16,0.,-1.));
#4166=DIRECTION('ref_axis',(1.,2.96059473233377E-15,0.));
#4167=DIRECTION('',(0.,0.,1.));
#4168=DIRECTION('center_axis',(0.,0.,1.));
#4169=DIRECTION('ref_axis',(1.,2.96059473233377E-15,0.));
#4170=DIRECTION('',(0.,0.,1.));
#4171=DIRECTION('center_axis',(1.,0.,0.));
#4172=DIRECTION('ref_axis',(0.,1.,0.));
#4173=DIRECTION('',(0.,-1.,0.));
#4174=DIRECTION('',(0.,1.,0.));
#4175=DIRECTION('',(0.,0.,1.));
#4176=DIRECTION('center_axis',(0.,0.,1.));
#4177=DIRECTION('ref_axis',(2.96059473233377E-15,-1.,0.));
#4178=DIRECTION('center_axis',(1.14455981920119E-16,0.,-1.));
#4179=DIRECTION('ref_axis',(2.96059473233377E-15,-1.,0.));
#4180=DIRECTION('center_axis',(0.,0.,1.));
#4181=DIRECTION('ref_axis',(2.96059473233377E-15,-1.,0.));
#4182=DIRECTION('center_axis',(0.,0.,1.));
#4183=DIRECTION('ref_axis',(1.,0.,0.));
#4184=DIRECTION('',(-1.,0.,0.));
#4185=DIRECTION('center_axis',(0.,-1.,0.));
#4186=DIRECTION('ref_axis',(-1.,0.,0.));
#4187=DIRECTION('center_axis',(0.,-1.,0.));
#4188=DIRECTION('ref_axis',(-1.,0.,0.));
#4189=DIRECTION('',(0.,-1.,0.));
#4190=DIRECTION('center_axis',(0.,-1.,0.));
#4191=DIRECTION('ref_axis',(-1.,0.,0.));
#4192=DIRECTION('center_axis',(0.,1.,0.));
#4193=DIRECTION('ref_axis',(-1.,0.,0.));
#4194=DIRECTION('center_axis',(0.,-1.,0.));
#4195=DIRECTION('ref_axis',(-1.,0.,0.));
#4196=DIRECTION('center_axis',(0.,-1.,0.));
#4197=DIRECTION('ref_axis',(-1.,0.,0.));
#4198=DIRECTION('',(0.,-1.,0.));
#4199=DIRECTION('center_axis',(0.,-1.,0.));
#4200=DIRECTION('ref_axis',(-1.,0.,0.));
#4201=DIRECTION('center_axis',(0.,1.,0.));
#4202=DIRECTION('ref_axis',(-1.,0.,0.));
#4203=DIRECTION('center_axis',(0.,-1.,0.));
#4204=DIRECTION('ref_axis',(0.,0.,-1.));
#4205=DIRECTION('',(0.,0.,1.));
#4206=DIRECTION('',(1.,0.,0.));
#4207=DIRECTION('',(0.,0.,-1.));
#4208=DIRECTION('',(1.,0.,0.));
#4209=DIRECTION('center_axis',(1.,0.,0.));
#4210=DIRECTION('ref_axis',(0.,-2.96059473233374E-15,1.));
#4211=DIRECTION('center_axis',(-1.,0.,0.));
#4212=DIRECTION('ref_axis',(0.,-2.96059473233374E-15,1.));
#4213=DIRECTION('center_axis',(1.,0.,0.));
#4214=DIRECTION('ref_axis',(0.,-2.96059473233374E-15,1.));
#4215=DIRECTION('',(1.,0.,0.));
#4216=DIRECTION('center_axis',(0.,-1.48029736616688E-15,1.));
#4217=DIRECTION('ref_axis',(0.,-1.,-1.48029736616688E-15));
#4218=DIRECTION('',(0.,1.,1.48029736616688E-15));
#4219=DIRECTION('',(0.,-1.,-1.48029736616688E-15));
#4220=DIRECTION('',(1.,0.,0.));
#4221=DIRECTION('center_axis',(1.,0.,0.));
#4222=DIRECTION('ref_axis',(0.,1.,0.));
#4223=DIRECTION('center_axis',(-1.,0.,0.));
#4224=DIRECTION('ref_axis',(0.,1.,0.));
#4225=DIRECTION('center_axis',(1.,0.,0.));
#4226=DIRECTION('ref_axis',(0.,1.,0.));
#4227=DIRECTION('',(1.,0.,0.));
#4228=DIRECTION('center_axis',(1.,0.,0.));
#4229=DIRECTION('ref_axis',(0.,2.96059473233374E-15,-1.));
#4230=DIRECTION('center_axis',(-1.,0.,0.));
#4231=DIRECTION('ref_axis',(0.,2.96059473233374E-15,-1.));
#4232=DIRECTION('',(1.,0.,0.));
#4233=DIRECTION('center_axis',(1.,0.,0.));
#4234=DIRECTION('ref_axis',(0.,2.96059473233374E-15,-1.));
#4235=DIRECTION('',(1.,0.,0.));
#4236=DIRECTION('center_axis',(0.,0.,-1.));
#4237=DIRECTION('ref_axis',(0.,1.,0.));
#4238=DIRECTION('',(0.,-1.,0.));
#4239=DIRECTION('',(0.,1.,0.));
#4240=DIRECTION('',(1.,0.,0.));
#4241=DIRECTION('center_axis',(1.,0.,0.));
#4242=DIRECTION('ref_axis',(0.,-1.,-2.96059473233374E-15));
#4243=DIRECTION('center_axis',(-1.,0.,0.));
#4244=DIRECTION('ref_axis',(0.,-1.,-2.96059473233374E-15));
#4245=DIRECTION('center_axis',(1.,0.,0.));
#4246=DIRECTION('ref_axis',(0.,-1.,-2.96059473233374E-15));
#4247=DIRECTION('center_axis',(1.,0.,0.));
#4248=DIRECTION('ref_axis',(0.,0.,-1.));
#4249=DIRECTION('',(0.,0.,1.));
#4250=DIRECTION('center_axis',(0.,0.,1.));
#4251=DIRECTION('ref_axis',(0.,1.,0.));
#4252=DIRECTION('',(0.,-1.,0.));
#4253=DIRECTION('',(-1.,0.,0.));
#4254=DIRECTION('',(0.,1.,0.));
#4255=DIRECTION('',(-1.,0.,0.));
#4256=DIRECTION('center_axis',(-1.,0.,0.));
#4257=DIRECTION('ref_axis',(0.,-1.,-5.92118946466754E-15));
#4258=DIRECTION('center_axis',(1.,0.,-2.28911963840239E-16));
#4259=DIRECTION('ref_axis',(0.,-1.,-5.92118946466754E-15));
#4260=DIRECTION('center_axis',(-1.,0.,0.));
#4261=DIRECTION('ref_axis',(0.,-1.,-5.92118946466754E-15));
#4262=DIRECTION('',(-1.,0.,0.));
#4263=DIRECTION('center_axis',(0.,-1.,-1.48029736616687E-15));
#4264=DIRECTION('ref_axis',(0.,-1.48029736616687E-15,1.));
#4265=DIRECTION('',(-2.28911963840239E-16,1.48029736616687E-15,-1.));
#4266=DIRECTION('',(0.,-1.48029736616687E-15,1.));
#4267=DIRECTION('',(-1.,0.,0.));
#4268=DIRECTION('center_axis',(-1.,0.,0.));
#4269=DIRECTION('ref_axis',(0.,-5.9211894646675E-15,-1.));
#4270=DIRECTION('center_axis',(1.,0.,-2.28911963840239E-16));
#4271=DIRECTION('ref_axis',(0.,-5.9211894646675E-15,-1.));
#4272=DIRECTION('center_axis',(-1.,0.,0.));
#4273=DIRECTION('ref_axis',(0.,-5.9211894646675E-15,-1.));
#4274=DIRECTION('',(-1.,0.,0.));
#4275=DIRECTION('center_axis',(0.,2.96059473233373E-15,-1.));
#4276=DIRECTION('ref_axis',(0.,-1.,-2.96059473233373E-15));
#4277=DIRECTION('',(6.7771555431358E-31,1.,2.96059473233373E-15));
#4278=DIRECTION('',(0.,-1.,-2.96059473233373E-15));
#4279=DIRECTION('',(-1.,0.,0.));
#4280=DIRECTION('center_axis',(-1.,0.,0.));
#4281=DIRECTION('ref_axis',(0.,1.,2.96059473233378E-15));
#4282=DIRECTION('center_axis',(1.,0.,-2.28911963840239E-16));
#4283=DIRECTION('ref_axis',(0.,1.,2.96059473233378E-15));
#4284=DIRECTION('center_axis',(-1.,0.,0.));
#4285=DIRECTION('ref_axis',(0.,1.,2.96059473233378E-15));
#4286=DIRECTION('',(-1.,0.,0.));
#4287=DIRECTION('center_axis',(-1.,0.,0.));
#4288=DIRECTION('ref_axis',(0.,0.,1.));
#4289=DIRECTION('center_axis',(1.,0.,-2.28911963840239E-16));
#4290=DIRECTION('ref_axis',(0.,0.,1.));
#4291=DIRECTION('',(-1.,0.,0.));
#4292=DIRECTION('center_axis',(-1.,0.,0.));
#4293=DIRECTION('ref_axis',(0.,0.,1.));
#4294=DIRECTION('center_axis',(-1.,0.,0.));
#4295=DIRECTION('ref_axis',(0.,0.,1.));
#4296=DIRECTION('',(0.,1.48029736616687E-15,-1.));
#4297=DIRECTION('center_axis',(1.,0.,0.));
#4298=DIRECTION('ref_axis',(0.,0.,1.));
#4299=DIRECTION('center_axis',(1.,0.,0.));
#4300=DIRECTION('ref_axis',(0.,0.,1.));
#4301=DIRECTION('',(1.,0.,0.));
#4302=DIRECTION('center_axis',(1.,0.,0.));
#4303=DIRECTION('ref_axis',(0.,0.,1.));
#4304=DIRECTION('center_axis',(-1.,0.,0.));
#4305=DIRECTION('ref_axis',(0.,0.,1.));
#4306=DIRECTION('center_axis',(-1.,0.,0.));
#4307=DIRECTION('ref_axis',(0.,0.,-1.));
#4308=DIRECTION('center_axis',(-1.,0.,0.));
#4309=DIRECTION('ref_axis',(0.,0.,-1.));
#4310=DIRECTION('',(-1.,0.,0.));
#4311=DIRECTION('center_axis',(-1.,0.,0.));
#4312=DIRECTION('ref_axis',(0.,0.,-1.));
#4313=DIRECTION('center_axis',(1.,0.,0.));
#4314=DIRECTION('ref_axis',(0.,0.,-1.));
#4315=DIRECTION('center_axis',(0.,0.,1.));
#4316=DIRECTION('ref_axis',(0.,-1.,0.));
#4317=DIRECTION('',(0.,-1.,0.));
#4318=DIRECTION('',(1.,0.,0.));
#4319=DIRECTION('',(0.,1.,0.));
#4320=DIRECTION('',(1.,0.,0.));
#4321=DIRECTION('center_axis',(0.,1.,0.));
#4322=DIRECTION('ref_axis',(0.,0.,1.));
#4323=DIRECTION('',(0.,0.,1.));
#4324=DIRECTION('',(1.,0.,0.));
#4325=DIRECTION('',(0.,0.,-1.));
#4326=DIRECTION('center_axis',(0.,0.,-1.));
#4327=DIRECTION('ref_axis',(0.,1.,0.));
#4328=DIRECTION('',(0.,1.,0.));
#4329=DIRECTION('',(1.,0.,0.));
#4330=DIRECTION('',(0.,-1.,0.));
#4331=DIRECTION('center_axis',(0.,-1.,0.));
#4332=DIRECTION('ref_axis',(0.,0.,-1.));
#4333=DIRECTION('',(0.,0.,-1.));
#4334=DIRECTION('',(0.,0.,1.));
#4335=DIRECTION('center_axis',(0.,0.,1.));
#4336=DIRECTION('ref_axis',(-1.,0.,0.));
#4337=DIRECTION('center_axis',(0.,0.,1.));
#4338=DIRECTION('ref_axis',(-1.,0.,0.));
#4339=DIRECTION('',(0.,0.,1.));
#4340=DIRECTION('center_axis',(1.14455981920119E-16,0.,-1.));
#4341=DIRECTION('ref_axis',(-1.,0.,0.));
#4342=DIRECTION('center_axis',(0.,0.,1.));
#4343=DIRECTION('ref_axis',(-1.,0.,0.));
#4344=DIRECTION('center_axis',(0.,0.,1.));
#4345=DIRECTION('ref_axis',(-1.,0.,0.));
#4346=DIRECTION('',(0.,0.,1.));
#4347=DIRECTION('center_axis',(1.14455981920119E-16,0.,-1.));
#4348=DIRECTION('ref_axis',(-1.,0.,0.));
#4349=DIRECTION('center_axis',(0.,0.,1.));
#4350=DIRECTION('ref_axis',(-1.,0.,0.));
#4351=DIRECTION('center_axis',(0.,0.,1.));
#4352=DIRECTION('ref_axis',(-1.,0.,0.));
#4353=DIRECTION('',(0.,0.,1.));
#4354=DIRECTION('center_axis',(1.14455981920119E-16,0.,-1.));
#4355=DIRECTION('ref_axis',(-1.,0.,0.));
#4356=DIRECTION('center_axis',(0.,0.,1.));
#4357=DIRECTION('ref_axis',(-1.,0.,0.));
#4358=DIRECTION('center_axis',(0.,0.,1.));
#4359=DIRECTION('ref_axis',(-1.,0.,0.));
#4360=DIRECTION('',(0.,0.,1.));
#4361=DIRECTION('center_axis',(1.14455981920119E-16,0.,-1.));
#4362=DIRECTION('ref_axis',(-1.,0.,0.));
#4363=DIRECTION('center_axis',(0.,0.,1.));
#4364=DIRECTION('ref_axis',(-1.,0.,0.));
#4365=DIRECTION('center_axis',(0.,0.,1.));
#4366=DIRECTION('ref_axis',(-1.,0.,0.));
#4367=DIRECTION('',(0.,0.,1.));
#4368=DIRECTION('center_axis',(1.14455981920119E-16,0.,-1.));
#4369=DIRECTION('ref_axis',(-1.,0.,0.));
#4370=DIRECTION('center_axis',(0.,0.,1.));
#4371=DIRECTION('ref_axis',(-1.,0.,0.));
#4372=DIRECTION('center_axis',(0.,0.,1.));
#4373=DIRECTION('ref_axis',(-1.,0.,0.));
#4374=DIRECTION('',(0.,0.,1.));
#4375=DIRECTION('center_axis',(1.14455981920119E-16,0.,-1.));
#4376=DIRECTION('ref_axis',(-1.,0.,0.));
#4377=DIRECTION('center_axis',(0.,0.,1.));
#4378=DIRECTION('ref_axis',(-1.,0.,0.));
#4379=DIRECTION('center_axis',(0.,0.,1.));
#4380=DIRECTION('ref_axis',(-1.,0.,0.));
#4381=DIRECTION('',(0.,0.,1.));
#4382=DIRECTION('center_axis',(1.14455981920119E-16,0.,-1.));
#4383=DIRECTION('ref_axis',(-1.,0.,0.));
#4384=DIRECTION('center_axis',(0.,0.,1.));
#4385=DIRECTION('ref_axis',(-1.,0.,0.));
#4386=DIRECTION('center_axis',(0.,0.,1.));
#4387=DIRECTION('ref_axis',(-1.,0.,0.));
#4388=DIRECTION('',(0.,0.,1.));
#4389=DIRECTION('center_axis',(1.14455981920119E-16,0.,-1.));
#4390=DIRECTION('ref_axis',(-1.,0.,0.));
#4391=DIRECTION('center_axis',(0.,0.,1.));
#4392=DIRECTION('ref_axis',(-1.,0.,0.));
#4393=DIRECTION('center_axis',(0.,0.,1.));
#4394=DIRECTION('ref_axis',(-1.,0.,0.));
#4395=DIRECTION('',(0.,0.,1.));
#4396=DIRECTION('center_axis',(1.14455981920119E-16,0.,-1.));
#4397=DIRECTION('ref_axis',(-1.,0.,0.));
#4398=DIRECTION('center_axis',(0.,0.,1.));
#4399=DIRECTION('ref_axis',(-1.,0.,0.));
#4400=DIRECTION('center_axis',(0.,0.,1.));
#4401=DIRECTION('ref_axis',(-1.,0.,0.));
#4402=DIRECTION('',(0.,0.,1.));
#4403=DIRECTION('center_axis',(1.14455981920119E-16,0.,-1.));
#4404=DIRECTION('ref_axis',(-1.,0.,0.));
#4405=DIRECTION('center_axis',(0.,0.,1.));
#4406=DIRECTION('ref_axis',(-1.,0.,0.));
#4407=DIRECTION('center_axis',(0.,0.,1.));
#4408=DIRECTION('ref_axis',(-1.,0.,0.));
#4409=DIRECTION('',(0.,0.,1.));
#4410=DIRECTION('center_axis',(1.14455981920119E-16,0.,-1.));
#4411=DIRECTION('ref_axis',(-1.,0.,0.));
#4412=DIRECTION('center_axis',(0.,0.,1.));
#4413=DIRECTION('ref_axis',(-1.,0.,0.));
#4414=DIRECTION('center_axis',(0.,0.,1.));
#4415=DIRECTION('ref_axis',(-1.,0.,0.));
#4416=DIRECTION('',(0.,0.,1.));
#4417=DIRECTION('center_axis',(1.14455981920119E-16,0.,-1.));
#4418=DIRECTION('ref_axis',(-1.,0.,0.));
#4419=DIRECTION('center_axis',(0.,0.,1.));
#4420=DIRECTION('ref_axis',(-1.,0.,0.));
#4421=DIRECTION('center_axis',(0.,0.,1.));
#4422=DIRECTION('ref_axis',(-1.,0.,0.));
#4423=DIRECTION('',(0.,0.,1.));
#4424=DIRECTION('center_axis',(1.14455981920119E-16,0.,-1.));
#4425=DIRECTION('ref_axis',(-1.,0.,0.));
#4426=DIRECTION('center_axis',(0.,0.,1.));
#4427=DIRECTION('ref_axis',(-1.,0.,0.));
#4428=DIRECTION('center_axis',(0.,0.,1.));
#4429=DIRECTION('ref_axis',(-1.,0.,0.));
#4430=DIRECTION('',(0.,0.,1.));
#4431=DIRECTION('center_axis',(1.14455981920119E-16,0.,-1.));
#4432=DIRECTION('ref_axis',(-1.,0.,0.));
#4433=DIRECTION('center_axis',(0.,0.,1.));
#4434=DIRECTION('ref_axis',(-1.,0.,0.));
#4435=DIRECTION('center_axis',(0.,0.,1.));
#4436=DIRECTION('ref_axis',(-1.,0.,0.));
#4437=DIRECTION('',(0.,0.,1.));
#4438=DIRECTION('center_axis',(1.14455981920119E-16,0.,-1.));
#4439=DIRECTION('ref_axis',(-1.,0.,0.));
#4440=DIRECTION('center_axis',(0.,0.,1.));
#4441=DIRECTION('ref_axis',(-1.,0.,0.));
#4442=DIRECTION('center_axis',(0.,0.,1.));
#4443=DIRECTION('ref_axis',(-1.,0.,0.));
#4444=DIRECTION('',(0.,0.,1.));
#4445=DIRECTION('center_axis',(1.14455981920119E-16,0.,-1.));
#4446=DIRECTION('ref_axis',(-1.,0.,0.));
#4447=DIRECTION('center_axis',(0.,0.,1.));
#4448=DIRECTION('ref_axis',(-1.,0.,0.));
#4449=DIRECTION('center_axis',(0.,0.,1.));
#4450=DIRECTION('ref_axis',(-1.,0.,0.));
#4451=DIRECTION('',(0.,0.,1.));
#4452=DIRECTION('center_axis',(1.14455981920119E-16,0.,-1.));
#4453=DIRECTION('ref_axis',(-1.,0.,0.));
#4454=DIRECTION('center_axis',(0.,0.,1.));
#4455=DIRECTION('ref_axis',(-1.,0.,0.));
#4456=DIRECTION('center_axis',(0.,0.,1.));
#4457=DIRECTION('ref_axis',(-1.,0.,0.));
#4458=DIRECTION('',(0.,0.,1.));
#4459=DIRECTION('center_axis',(1.14455981920119E-16,0.,-1.));
#4460=DIRECTION('ref_axis',(-1.,0.,0.));
#4461=DIRECTION('center_axis',(0.,0.,1.));
#4462=DIRECTION('ref_axis',(-1.,0.,0.));
#4463=DIRECTION('center_axis',(0.,0.,1.));
#4464=DIRECTION('ref_axis',(-1.,0.,0.));
#4465=DIRECTION('',(0.,0.,1.));
#4466=DIRECTION('center_axis',(1.14455981920119E-16,0.,-1.));
#4467=DIRECTION('ref_axis',(-1.,0.,0.));
#4468=DIRECTION('center_axis',(0.,0.,1.));
#4469=DIRECTION('ref_axis',(-1.,0.,0.));
#4470=DIRECTION('center_axis',(0.,0.,1.));
#4471=DIRECTION('ref_axis',(-1.,0.,0.));
#4472=DIRECTION('',(0.,0.,1.));
#4473=DIRECTION('center_axis',(1.14455981920119E-16,0.,-1.));
#4474=DIRECTION('ref_axis',(-1.,0.,0.));
#4475=DIRECTION('center_axis',(0.,0.,1.));
#4476=DIRECTION('ref_axis',(-1.,0.,0.));
#4477=DIRECTION('center_axis',(0.,0.,1.));
#4478=DIRECTION('ref_axis',(-1.,0.,0.));
#4479=DIRECTION('',(0.,0.,1.));
#4480=DIRECTION('center_axis',(1.14455981920119E-16,0.,-1.));
#4481=DIRECTION('ref_axis',(-1.,0.,0.));
#4482=DIRECTION('center_axis',(0.,0.,1.));
#4483=DIRECTION('ref_axis',(-1.,0.,0.));
#4484=DIRECTION('center_axis',(0.,0.,1.));
#4485=DIRECTION('ref_axis',(-1.,0.,0.));
#4486=DIRECTION('',(0.,0.,1.));
#4487=DIRECTION('center_axis',(1.14455981920119E-16,0.,-1.));
#4488=DIRECTION('ref_axis',(-1.,0.,0.));
#4489=DIRECTION('center_axis',(0.,0.,1.));
#4490=DIRECTION('ref_axis',(-1.,0.,0.));
#4491=DIRECTION('center_axis',(0.,0.,1.));
#4492=DIRECTION('ref_axis',(-1.,0.,0.));
#4493=DIRECTION('',(0.,0.,1.));
#4494=DIRECTION('center_axis',(1.14455981920119E-16,0.,-1.));
#4495=DIRECTION('ref_axis',(-1.,0.,0.));
#4496=DIRECTION('center_axis',(0.,0.,1.));
#4497=DIRECTION('ref_axis',(-1.,0.,0.));
#4498=DIRECTION('center_axis',(0.,0.,1.));
#4499=DIRECTION('ref_axis',(-1.,0.,0.));
#4500=DIRECTION('',(0.,0.,1.));
#4501=DIRECTION('center_axis',(1.14455981920119E-16,0.,-1.));
#4502=DIRECTION('ref_axis',(-1.,0.,0.));
#4503=DIRECTION('center_axis',(0.,0.,1.));
#4504=DIRECTION('ref_axis',(-1.,0.,0.));
#4505=DIRECTION('center_axis',(0.,0.,1.));
#4506=DIRECTION('ref_axis',(-1.,0.,0.));
#4507=DIRECTION('',(0.,0.,1.));
#4508=DIRECTION('center_axis',(1.14455981920119E-16,0.,-1.));
#4509=DIRECTION('ref_axis',(-1.,0.,0.));
#4510=DIRECTION('center_axis',(0.,0.,1.));
#4511=DIRECTION('ref_axis',(-1.,0.,0.));
#4512=DIRECTION('center_axis',(0.,0.,1.));
#4513=DIRECTION('ref_axis',(-1.,0.,0.));
#4514=DIRECTION('',(0.,0.,1.));
#4515=DIRECTION('center_axis',(1.14455981920119E-16,0.,-1.));
#4516=DIRECTION('ref_axis',(-1.,0.,0.));
#4517=DIRECTION('center_axis',(0.,0.,1.));
#4518=DIRECTION('ref_axis',(-1.,0.,0.));
#4519=DIRECTION('center_axis',(0.,0.,1.));
#4520=DIRECTION('ref_axis',(-1.,0.,0.));
#4521=DIRECTION('',(0.,0.,1.));
#4522=DIRECTION('center_axis',(1.14455981920119E-16,0.,-1.));
#4523=DIRECTION('ref_axis',(-1.,0.,0.));
#4524=DIRECTION('center_axis',(0.,0.,1.));
#4525=DIRECTION('ref_axis',(-1.,0.,0.));
#4526=DIRECTION('center_axis',(0.,0.,1.));
#4527=DIRECTION('ref_axis',(-1.,0.,0.));
#4528=DIRECTION('',(0.,0.,1.));
#4529=DIRECTION('center_axis',(1.14455981920119E-16,0.,-1.));
#4530=DIRECTION('ref_axis',(-1.,0.,0.));
#4531=DIRECTION('center_axis',(0.,0.,1.));
#4532=DIRECTION('ref_axis',(-1.,0.,0.));
#4533=DIRECTION('center_axis',(0.,0.,1.));
#4534=DIRECTION('ref_axis',(-1.,0.,0.));
#4535=DIRECTION('',(0.,0.,1.));
#4536=DIRECTION('center_axis',(1.14455981920119E-16,0.,-1.));
#4537=DIRECTION('ref_axis',(-1.,0.,0.));
#4538=DIRECTION('center_axis',(0.,0.,1.));
#4539=DIRECTION('ref_axis',(-1.,0.,0.));
#4540=DIRECTION('center_axis',(0.,0.,1.));
#4541=DIRECTION('ref_axis',(-1.,0.,0.));
#4542=DIRECTION('',(0.,0.,1.));
#4543=DIRECTION('center_axis',(1.14455981920119E-16,0.,-1.));
#4544=DIRECTION('ref_axis',(-1.,0.,0.));
#4545=DIRECTION('center_axis',(0.,0.,1.));
#4546=DIRECTION('ref_axis',(-1.,0.,0.));
#4547=DIRECTION('center_axis',(0.,0.,1.));
#4548=DIRECTION('ref_axis',(-1.,0.,0.));
#4549=DIRECTION('',(0.,0.,1.));
#4550=DIRECTION('center_axis',(1.14455981920119E-16,0.,-1.));
#4551=DIRECTION('ref_axis',(-1.,0.,0.));
#4552=DIRECTION('center_axis',(0.,0.,1.));
#4553=DIRECTION('ref_axis',(-1.,0.,0.));
#4554=DIRECTION('center_axis',(0.,0.,1.));
#4555=DIRECTION('ref_axis',(-1.,0.,0.));
#4556=DIRECTION('',(0.,0.,1.));
#4557=DIRECTION('center_axis',(1.14455981920119E-16,0.,-1.));
#4558=DIRECTION('ref_axis',(-1.,0.,0.));
#4559=DIRECTION('center_axis',(0.,0.,1.));
#4560=DIRECTION('ref_axis',(-1.,0.,0.));
#4561=DIRECTION('center_axis',(0.,0.,1.));
#4562=DIRECTION('ref_axis',(-1.,0.,0.));
#4563=DIRECTION('',(0.,0.,1.));
#4564=DIRECTION('center_axis',(1.14455981920119E-16,0.,-1.));
#4565=DIRECTION('ref_axis',(-1.,0.,0.));
#4566=DIRECTION('center_axis',(0.,0.,1.));
#4567=DIRECTION('ref_axis',(-1.,0.,0.));
#4568=DIRECTION('center_axis',(0.,0.,1.));
#4569=DIRECTION('ref_axis',(-1.,0.,0.));
#4570=DIRECTION('',(0.,0.,1.));
#4571=DIRECTION('center_axis',(1.14455981920119E-16,0.,-1.));
#4572=DIRECTION('ref_axis',(-1.,0.,0.));
#4573=DIRECTION('center_axis',(0.,0.,1.));
#4574=DIRECTION('ref_axis',(-1.,0.,0.));
#4575=DIRECTION('center_axis',(0.,0.,1.));
#4576=DIRECTION('ref_axis',(-1.,0.,0.));
#4577=DIRECTION('',(0.,0.,1.));
#4578=DIRECTION('center_axis',(1.14455981920119E-16,0.,-1.));
#4579=DIRECTION('ref_axis',(-1.,0.,0.));
#4580=DIRECTION('center_axis',(0.,0.,1.));
#4581=DIRECTION('ref_axis',(-1.,0.,0.));
#4582=DIRECTION('center_axis',(0.,0.,1.));
#4583=DIRECTION('ref_axis',(-1.,0.,0.));
#4584=DIRECTION('',(0.,0.,1.));
#4585=DIRECTION('center_axis',(1.14455981920119E-16,0.,-1.));
#4586=DIRECTION('ref_axis',(-1.,0.,0.));
#4587=DIRECTION('center_axis',(0.,0.,1.));
#4588=DIRECTION('ref_axis',(-1.,0.,0.));
#4589=DIRECTION('center_axis',(0.,0.,1.));
#4590=DIRECTION('ref_axis',(-1.,0.,0.));
#4591=DIRECTION('',(0.,0.,1.));
#4592=DIRECTION('center_axis',(1.14455981920119E-16,0.,-1.));
#4593=DIRECTION('ref_axis',(-1.,0.,0.));
#4594=DIRECTION('center_axis',(0.,0.,1.));
#4595=DIRECTION('ref_axis',(-1.,0.,0.));
#4596=DIRECTION('center_axis',(0.,0.,1.));
#4597=DIRECTION('ref_axis',(-1.,0.,0.));
#4598=DIRECTION('',(0.,0.,1.));
#4599=DIRECTION('center_axis',(1.14455981920119E-16,0.,-1.));
#4600=DIRECTION('ref_axis',(-1.,0.,0.));
#4601=DIRECTION('center_axis',(0.,0.,1.));
#4602=DIRECTION('ref_axis',(-1.,0.,0.));
#4603=DIRECTION('center_axis',(0.,0.,1.));
#4604=DIRECTION('ref_axis',(-1.,0.,0.));
#4605=DIRECTION('',(0.,0.,1.));
#4606=DIRECTION('center_axis',(1.14455981920119E-16,0.,-1.));
#4607=DIRECTION('ref_axis',(-1.,0.,0.));
#4608=DIRECTION('center_axis',(0.,0.,1.));
#4609=DIRECTION('ref_axis',(-1.,0.,0.));
#4610=DIRECTION('center_axis',(0.,0.,1.));
#4611=DIRECTION('ref_axis',(-1.,0.,0.));
#4612=DIRECTION('',(0.,0.,1.));
#4613=DIRECTION('center_axis',(1.14455981920119E-16,0.,-1.));
#4614=DIRECTION('ref_axis',(-1.,0.,0.));
#4615=DIRECTION('center_axis',(0.,0.,1.));
#4616=DIRECTION('ref_axis',(-1.,0.,0.));
#4617=DIRECTION('center_axis',(0.,0.,1.));
#4618=DIRECTION('ref_axis',(-1.,0.,0.));
#4619=DIRECTION('',(0.,0.,1.));
#4620=DIRECTION('center_axis',(1.14455981920119E-16,0.,-1.));
#4621=DIRECTION('ref_axis',(-1.,0.,0.));
#4622=DIRECTION('center_axis',(0.,0.,1.));
#4623=DIRECTION('ref_axis',(-1.,0.,0.));
#4624=DIRECTION('center_axis',(0.,0.,1.));
#4625=DIRECTION('ref_axis',(-1.,0.,0.));
#4626=DIRECTION('',(0.,0.,1.));
#4627=DIRECTION('center_axis',(1.14455981920119E-16,0.,-1.));
#4628=DIRECTION('ref_axis',(-1.,0.,0.));
#4629=DIRECTION('center_axis',(0.,0.,1.));
#4630=DIRECTION('ref_axis',(-1.,0.,0.));
#4631=DIRECTION('center_axis',(0.,0.,1.));
#4632=DIRECTION('ref_axis',(-1.,0.,0.));
#4633=DIRECTION('',(0.,0.,1.));
#4634=DIRECTION('center_axis',(1.14455981920119E-16,0.,-1.));
#4635=DIRECTION('ref_axis',(-1.,0.,0.));
#4636=DIRECTION('center_axis',(0.,0.,1.));
#4637=DIRECTION('ref_axis',(-1.,0.,0.));
#4638=DIRECTION('center_axis',(0.,0.,1.));
#4639=DIRECTION('ref_axis',(-1.,0.,0.));
#4640=DIRECTION('',(0.,0.,1.));
#4641=DIRECTION('center_axis',(1.14455981920119E-16,0.,-1.));
#4642=DIRECTION('ref_axis',(-1.,0.,0.));
#4643=DIRECTION('center_axis',(0.,0.,1.));
#4644=DIRECTION('ref_axis',(-1.,0.,0.));
#4645=DIRECTION('center_axis',(0.,0.,1.));
#4646=DIRECTION('ref_axis',(-1.,0.,0.));
#4647=DIRECTION('',(0.,0.,1.));
#4648=DIRECTION('center_axis',(1.14455981920119E-16,0.,-1.));
#4649=DIRECTION('ref_axis',(-1.,0.,0.));
#4650=DIRECTION('center_axis',(0.,0.,1.));
#4651=DIRECTION('ref_axis',(-1.,0.,0.));
#4652=DIRECTION('center_axis',(0.,0.,1.));
#4653=DIRECTION('ref_axis',(-1.,0.,0.));
#4654=DIRECTION('',(0.,0.,1.));
#4655=DIRECTION('center_axis',(1.14455981920119E-16,0.,-1.));
#4656=DIRECTION('ref_axis',(-1.,0.,0.));
#4657=DIRECTION('center_axis',(0.,0.,1.));
#4658=DIRECTION('ref_axis',(-1.,0.,0.));
#4659=DIRECTION('center_axis',(0.,0.,1.));
#4660=DIRECTION('ref_axis',(-1.,0.,0.));
#4661=DIRECTION('',(0.,0.,1.));
#4662=DIRECTION('center_axis',(1.14455981920119E-16,0.,-1.));
#4663=DIRECTION('ref_axis',(-1.,0.,0.));
#4664=DIRECTION('center_axis',(0.,0.,1.));
#4665=DIRECTION('ref_axis',(-1.,0.,0.));
#4666=DIRECTION('center_axis',(0.,0.,1.));
#4667=DIRECTION('ref_axis',(-1.,0.,0.));
#4668=DIRECTION('',(0.,0.,1.));
#4669=DIRECTION('center_axis',(1.14455981920119E-16,0.,-1.));
#4670=DIRECTION('ref_axis',(-1.,0.,0.));
#4671=DIRECTION('center_axis',(0.,0.,1.));
#4672=DIRECTION('ref_axis',(-1.,0.,0.));
#4673=DIRECTION('center_axis',(0.,0.,1.));
#4674=DIRECTION('ref_axis',(-1.,0.,0.));
#4675=DIRECTION('',(0.,0.,1.));
#4676=DIRECTION('center_axis',(1.14455981920119E-16,0.,-1.));
#4677=DIRECTION('ref_axis',(-1.,0.,0.));
#4678=DIRECTION('center_axis',(0.,0.,1.));
#4679=DIRECTION('ref_axis',(-1.,0.,0.));
#4680=DIRECTION('center_axis',(0.,0.,1.));
#4681=DIRECTION('ref_axis',(-1.,0.,0.));
#4682=DIRECTION('',(0.,0.,1.));
#4683=DIRECTION('center_axis',(1.14455981920119E-16,0.,-1.));
#4684=DIRECTION('ref_axis',(-1.,0.,0.));
#4685=DIRECTION('center_axis',(0.,0.,1.));
#4686=DIRECTION('ref_axis',(-1.,0.,0.));
#4687=DIRECTION('center_axis',(0.,0.,1.));
#4688=DIRECTION('ref_axis',(-1.,0.,0.));
#4689=DIRECTION('',(0.,0.,1.));
#4690=DIRECTION('center_axis',(1.14455981920119E-16,0.,-1.));
#4691=DIRECTION('ref_axis',(-1.,0.,0.));
#4692=DIRECTION('center_axis',(0.,0.,1.));
#4693=DIRECTION('ref_axis',(-1.,0.,0.));
#4694=DIRECTION('center_axis',(0.,0.,1.));
#4695=DIRECTION('ref_axis',(-1.,0.,0.));
#4696=DIRECTION('',(0.,0.,1.));
#4697=DIRECTION('center_axis',(1.14455981920119E-16,0.,-1.));
#4698=DIRECTION('ref_axis',(-1.,0.,0.));
#4699=DIRECTION('center_axis',(0.,0.,1.));
#4700=DIRECTION('ref_axis',(-1.,0.,0.));
#4701=DIRECTION('center_axis',(0.,0.,1.));
#4702=DIRECTION('ref_axis',(-1.,0.,0.));
#4703=DIRECTION('',(0.,0.,1.));
#4704=DIRECTION('center_axis',(1.14455981920119E-16,0.,-1.));
#4705=DIRECTION('ref_axis',(-1.,0.,0.));
#4706=DIRECTION('center_axis',(0.,0.,1.));
#4707=DIRECTION('ref_axis',(-1.,0.,0.));
#4708=DIRECTION('center_axis',(0.,0.,1.));
#4709=DIRECTION('ref_axis',(-1.,0.,0.));
#4710=DIRECTION('',(0.,0.,1.));
#4711=DIRECTION('center_axis',(1.14455981920119E-16,0.,-1.));
#4712=DIRECTION('ref_axis',(-1.,0.,0.));
#4713=DIRECTION('center_axis',(0.,0.,1.));
#4714=DIRECTION('ref_axis',(-1.,0.,0.));
#4715=DIRECTION('center_axis',(0.,0.,1.));
#4716=DIRECTION('ref_axis',(-1.,0.,0.));
#4717=DIRECTION('',(0.,0.,1.));
#4718=DIRECTION('center_axis',(1.14455981920119E-16,0.,-1.));
#4719=DIRECTION('ref_axis',(-1.,0.,0.));
#4720=DIRECTION('center_axis',(0.,0.,1.));
#4721=DIRECTION('ref_axis',(-1.,0.,0.));
#4722=DIRECTION('center_axis',(0.,0.,1.));
#4723=DIRECTION('ref_axis',(-1.,0.,0.));
#4724=DIRECTION('',(0.,0.,1.));
#4725=DIRECTION('center_axis',(1.14455981920119E-16,0.,-1.));
#4726=DIRECTION('ref_axis',(-1.,0.,0.));
#4727=DIRECTION('center_axis',(0.,0.,1.));
#4728=DIRECTION('ref_axis',(-1.,0.,0.));
#4729=DIRECTION('center_axis',(0.,0.,1.));
#4730=DIRECTION('ref_axis',(-1.,0.,0.));
#4731=DIRECTION('',(0.,0.,1.));
#4732=DIRECTION('center_axis',(1.14455981920119E-16,0.,-1.));
#4733=DIRECTION('ref_axis',(-1.,0.,0.));
#4734=DIRECTION('center_axis',(0.,0.,1.));
#4735=DIRECTION('ref_axis',(-1.,0.,0.));
#4736=DIRECTION('center_axis',(0.,0.,1.));
#4737=DIRECTION('ref_axis',(-1.,0.,0.));
#4738=DIRECTION('',(0.,0.,1.));
#4739=DIRECTION('center_axis',(1.14455981920119E-16,0.,-1.));
#4740=DIRECTION('ref_axis',(-1.,0.,0.));
#4741=DIRECTION('center_axis',(0.,0.,1.));
#4742=DIRECTION('ref_axis',(-1.,0.,0.));
#4743=DIRECTION('center_axis',(0.,0.,1.));
#4744=DIRECTION('ref_axis',(-1.,0.,0.));
#4745=DIRECTION('',(0.,0.,1.));
#4746=DIRECTION('center_axis',(1.14455981920119E-16,0.,-1.));
#4747=DIRECTION('ref_axis',(-1.,0.,0.));
#4748=DIRECTION('center_axis',(0.,0.,1.));
#4749=DIRECTION('ref_axis',(-1.,0.,0.));
#4750=DIRECTION('center_axis',(0.,0.,1.));
#4751=DIRECTION('ref_axis',(-1.,0.,0.));
#4752=DIRECTION('',(0.,0.,1.));
#4753=DIRECTION('center_axis',(1.14455981920119E-16,0.,-1.));
#4754=DIRECTION('ref_axis',(-1.,0.,0.));
#4755=DIRECTION('center_axis',(0.,0.,1.));
#4756=DIRECTION('ref_axis',(-1.,0.,0.));
#4757=DIRECTION('center_axis',(0.,0.,1.));
#4758=DIRECTION('ref_axis',(-1.,0.,0.));
#4759=DIRECTION('',(0.,0.,1.));
#4760=DIRECTION('center_axis',(1.14455981920119E-16,0.,-1.));
#4761=DIRECTION('ref_axis',(-1.,0.,0.));
#4762=DIRECTION('center_axis',(0.,0.,1.));
#4763=DIRECTION('ref_axis',(-1.,0.,0.));
#4764=DIRECTION('center_axis',(0.,0.,1.));
#4765=DIRECTION('ref_axis',(-1.,0.,0.));
#4766=DIRECTION('',(0.,0.,1.));
#4767=DIRECTION('center_axis',(1.14455981920119E-16,0.,-1.));
#4768=DIRECTION('ref_axis',(-1.,0.,0.));
#4769=DIRECTION('center_axis',(0.,0.,1.));
#4770=DIRECTION('ref_axis',(-1.,0.,0.));
#4771=DIRECTION('center_axis',(0.,0.,1.));
#4772=DIRECTION('ref_axis',(-1.,0.,0.));
#4773=DIRECTION('',(0.,0.,1.));
#4774=DIRECTION('center_axis',(1.14455981920119E-16,0.,-1.));
#4775=DIRECTION('ref_axis',(-1.,0.,0.));
#4776=DIRECTION('center_axis',(0.,0.,1.));
#4777=DIRECTION('ref_axis',(-1.,0.,0.));
#4778=DIRECTION('center_axis',(0.,0.,1.));
#4779=DIRECTION('ref_axis',(-1.,0.,0.));
#4780=DIRECTION('',(0.,0.,1.));
#4781=DIRECTION('center_axis',(1.14455981920119E-16,0.,-1.));
#4782=DIRECTION('ref_axis',(-1.,0.,0.));
#4783=DIRECTION('center_axis',(0.,0.,1.));
#4784=DIRECTION('ref_axis',(-1.,0.,0.));
#4785=DIRECTION('center_axis',(0.,0.,1.));
#4786=DIRECTION('ref_axis',(-1.,0.,0.));
#4787=DIRECTION('',(0.,0.,1.));
#4788=DIRECTION('center_axis',(1.14455981920119E-16,0.,-1.));
#4789=DIRECTION('ref_axis',(-1.,0.,0.));
#4790=DIRECTION('center_axis',(0.,0.,1.));
#4791=DIRECTION('ref_axis',(-1.,0.,0.));
#4792=DIRECTION('center_axis',(0.,0.,1.));
#4793=DIRECTION('ref_axis',(-1.,0.,0.));
#4794=DIRECTION('',(0.,0.,1.));
#4795=DIRECTION('center_axis',(1.14455981920119E-16,0.,-1.));
#4796=DIRECTION('ref_axis',(-1.,0.,0.));
#4797=DIRECTION('center_axis',(0.,0.,1.));
#4798=DIRECTION('ref_axis',(-1.,0.,0.));
#4799=DIRECTION('center_axis',(0.,0.,1.));
#4800=DIRECTION('ref_axis',(-1.,0.,0.));
#4801=DIRECTION('',(0.,0.,1.));
#4802=DIRECTION('center_axis',(1.14455981920119E-16,0.,-1.));
#4803=DIRECTION('ref_axis',(-1.,0.,0.));
#4804=DIRECTION('center_axis',(0.,0.,1.));
#4805=DIRECTION('ref_axis',(-1.,0.,0.));
#4806=DIRECTION('center_axis',(0.,0.,1.));
#4807=DIRECTION('ref_axis',(-1.,0.,0.));
#4808=DIRECTION('',(0.,0.,1.));
#4809=DIRECTION('center_axis',(1.14455981920119E-16,0.,-1.));
#4810=DIRECTION('ref_axis',(-1.,0.,0.));
#4811=DIRECTION('center_axis',(0.,0.,1.));
#4812=DIRECTION('ref_axis',(-1.,0.,0.));
#4813=DIRECTION('center_axis',(0.,0.,1.));
#4814=DIRECTION('ref_axis',(-1.,0.,0.));
#4815=DIRECTION('',(0.,0.,1.));
#4816=DIRECTION('center_axis',(1.14455981920119E-16,0.,-1.));
#4817=DIRECTION('ref_axis',(-1.,0.,0.));
#4818=DIRECTION('center_axis',(0.,0.,1.));
#4819=DIRECTION('ref_axis',(-1.,0.,0.));
#4820=DIRECTION('center_axis',(0.,0.,1.));
#4821=DIRECTION('ref_axis',(-1.,0.,0.));
#4822=DIRECTION('',(0.,0.,1.));
#4823=DIRECTION('center_axis',(1.14455981920119E-16,0.,-1.));
#4824=DIRECTION('ref_axis',(-1.,0.,0.));
#4825=DIRECTION('center_axis',(0.,0.,1.));
#4826=DIRECTION('ref_axis',(-1.,0.,0.));
#4827=DIRECTION('center_axis',(0.,0.,1.));
#4828=DIRECTION('ref_axis',(-1.,0.,0.));
#4829=DIRECTION('',(0.,0.,1.));
#4830=DIRECTION('center_axis',(1.14455981920119E-16,0.,-1.));
#4831=DIRECTION('ref_axis',(-1.,0.,0.));
#4832=DIRECTION('center_axis',(0.,0.,1.));
#4833=DIRECTION('ref_axis',(-1.,0.,0.));
#4834=DIRECTION('center_axis',(0.,0.,1.));
#4835=DIRECTION('ref_axis',(-1.,0.,0.));
#4836=DIRECTION('',(0.,0.,1.));
#4837=DIRECTION('center_axis',(1.14455981920119E-16,0.,-1.));
#4838=DIRECTION('ref_axis',(-1.,0.,0.));
#4839=DIRECTION('center_axis',(0.,0.,1.));
#4840=DIRECTION('ref_axis',(-1.,0.,0.));
#4841=DIRECTION('center_axis',(0.,0.,1.));
#4842=DIRECTION('ref_axis',(-1.,0.,0.));
#4843=DIRECTION('',(0.,0.,1.));
#4844=DIRECTION('center_axis',(1.14455981920119E-16,0.,-1.));
#4845=DIRECTION('ref_axis',(-1.,0.,0.));
#4846=DIRECTION('center_axis',(0.,0.,1.));
#4847=DIRECTION('ref_axis',(-1.,0.,0.));
#4848=DIRECTION('center_axis',(0.,0.,1.));
#4849=DIRECTION('ref_axis',(-1.,0.,0.));
#4850=DIRECTION('',(0.,0.,1.));
#4851=DIRECTION('center_axis',(1.14455981920119E-16,0.,-1.));
#4852=DIRECTION('ref_axis',(-1.,0.,0.));
#4853=DIRECTION('center_axis',(0.,0.,1.));
#4854=DIRECTION('ref_axis',(-1.,0.,0.));
#4855=DIRECTION('center_axis',(0.,0.,1.));
#4856=DIRECTION('ref_axis',(-1.,0.,0.));
#4857=DIRECTION('',(0.,0.,1.));
#4858=DIRECTION('center_axis',(1.14455981920119E-16,0.,-1.));
#4859=DIRECTION('ref_axis',(-1.,0.,0.));
#4860=DIRECTION('center_axis',(0.,0.,1.));
#4861=DIRECTION('ref_axis',(-1.,0.,0.));
#4862=DIRECTION('center_axis',(0.,0.,1.));
#4863=DIRECTION('ref_axis',(-1.,0.,0.));
#4864=DIRECTION('',(0.,0.,1.));
#4865=DIRECTION('center_axis',(1.14455981920119E-16,0.,-1.));
#4866=DIRECTION('ref_axis',(-1.,0.,0.));
#4867=DIRECTION('center_axis',(0.,0.,1.));
#4868=DIRECTION('ref_axis',(-1.,0.,0.));
#4869=DIRECTION('center_axis',(0.,0.,1.));
#4870=DIRECTION('ref_axis',(-1.,0.,0.));
#4871=DIRECTION('',(0.,0.,1.));
#4872=DIRECTION('center_axis',(1.14455981920119E-16,0.,-1.));
#4873=DIRECTION('ref_axis',(-1.,0.,0.));
#4874=DIRECTION('center_axis',(0.,0.,1.));
#4875=DIRECTION('ref_axis',(-1.,0.,0.));
#4876=DIRECTION('center_axis',(0.,0.,1.));
#4877=DIRECTION('ref_axis',(-1.,0.,0.));
#4878=DIRECTION('',(0.,0.,1.));
#4879=DIRECTION('center_axis',(1.14455981920119E-16,0.,-1.));
#4880=DIRECTION('ref_axis',(-1.,0.,0.));
#4881=DIRECTION('center_axis',(0.,0.,1.));
#4882=DIRECTION('ref_axis',(-1.,0.,0.));
#4883=DIRECTION('center_axis',(0.,0.,1.));
#4884=DIRECTION('ref_axis',(-1.,0.,0.));
#4885=DIRECTION('',(0.,0.,1.));
#4886=DIRECTION('center_axis',(1.14455981920119E-16,0.,-1.));
#4887=DIRECTION('ref_axis',(-1.,0.,0.));
#4888=DIRECTION('center_axis',(0.,0.,1.));
#4889=DIRECTION('ref_axis',(-1.,0.,0.));
#4890=DIRECTION('center_axis',(0.,0.,1.));
#4891=DIRECTION('ref_axis',(-1.,0.,0.));
#4892=DIRECTION('',(0.,0.,1.));
#4893=DIRECTION('center_axis',(1.14455981920119E-16,0.,-1.));
#4894=DIRECTION('ref_axis',(-1.,0.,0.));
#4895=DIRECTION('center_axis',(0.,0.,1.));
#4896=DIRECTION('ref_axis',(-1.,0.,0.));
#4897=DIRECTION('center_axis',(0.,0.,1.));
#4898=DIRECTION('ref_axis',(-1.,0.,0.));
#4899=DIRECTION('',(0.,0.,1.));
#4900=DIRECTION('center_axis',(1.14455981920119E-16,0.,-1.));
#4901=DIRECTION('ref_axis',(-1.,0.,0.));
#4902=DIRECTION('center_axis',(0.,0.,1.));
#4903=DIRECTION('ref_axis',(-1.,0.,0.));
#4904=DIRECTION('center_axis',(0.,0.,1.));
#4905=DIRECTION('ref_axis',(-1.,0.,0.));
#4906=DIRECTION('',(0.,0.,1.));
#4907=DIRECTION('center_axis',(1.14455981920119E-16,0.,-1.));
#4908=DIRECTION('ref_axis',(-1.,0.,0.));
#4909=DIRECTION('center_axis',(0.,0.,1.));
#4910=DIRECTION('ref_axis',(-1.,0.,0.));
#4911=DIRECTION('center_axis',(0.,0.,1.));
#4912=DIRECTION('ref_axis',(-1.,0.,0.));
#4913=DIRECTION('',(0.,0.,1.));
#4914=DIRECTION('center_axis',(1.14455981920119E-16,0.,-1.));
#4915=DIRECTION('ref_axis',(-1.,0.,0.));
#4916=DIRECTION('center_axis',(0.,0.,1.));
#4917=DIRECTION('ref_axis',(-1.,0.,0.));
#4918=DIRECTION('center_axis',(0.,0.,1.));
#4919=DIRECTION('ref_axis',(-1.,0.,0.));
#4920=DIRECTION('',(0.,0.,1.));
#4921=DIRECTION('center_axis',(1.14455981920119E-16,0.,-1.));
#4922=DIRECTION('ref_axis',(-1.,0.,0.));
#4923=DIRECTION('center_axis',(0.,1.,0.));
#4924=DIRECTION('ref_axis',(0.,0.,-1.));
#4925=DIRECTION('',(0.,0.,-1.));
#4926=DIRECTION('',(-1.,0.,0.));
#4927=DIRECTION('',(2.28911963840239E-16,0.,1.));
#4928=DIRECTION('',(-1.,0.,0.));
#4929=DIRECTION('center_axis',(-1.,0.,0.));
#4930=DIRECTION('ref_axis',(0.,1.,-1.18423789293352E-14));
#4931=DIRECTION('center_axis',(-1.,0.,0.));
#4932=DIRECTION('ref_axis',(0.,1.,-1.18423789293352E-14));
#4933=DIRECTION('',(-1.,0.,0.));
#4934=DIRECTION('center_axis',(1.,0.,-2.28911963840239E-16));
#4935=DIRECTION('ref_axis',(0.,1.,-1.18423789293352E-14));
#4936=DIRECTION('center_axis',(0.,0.,1.));
#4937=DIRECTION('ref_axis',(0.,1.,0.));
#4938=DIRECTION('',(0.,1.,0.));
#4939=DIRECTION('',(-1.,0.,0.));
#4940=DIRECTION('',(0.,-1.,0.));
#4941=DIRECTION('center_axis',(-1.,0.,0.));
#4942=DIRECTION('ref_axis',(0.,0.,1.));
#4943=DIRECTION('center_axis',(-1.,0.,0.));
#4944=DIRECTION('ref_axis',(0.,0.,1.));
#4945=DIRECTION('',(-1.,0.,0.));
#4946=DIRECTION('center_axis',(1.,0.,-2.28911963840239E-16));
#4947=DIRECTION('ref_axis',(0.,0.,1.));
#4948=DIRECTION('center_axis',(0.,-1.,3.11539172737507E-16));
#4949=DIRECTION('ref_axis',(0.,3.11539172737507E-16,1.));
#4950=DIRECTION('',(0.,3.11539172737507E-16,1.));
#4951=DIRECTION('',(-1.,0.,0.));
#4952=DIRECTION('',(-2.28911963840239E-16,-3.11539172737507E-16,-1.));
#4953=DIRECTION('center_axis',(-1.,0.,0.));
#4954=DIRECTION('ref_axis',(0.,-1.,-5.92118946466746E-15));
#4955=DIRECTION('center_axis',(-1.,0.,0.));
#4956=DIRECTION('ref_axis',(0.,-1.,-5.92118946466746E-15));
#4957=DIRECTION('',(-1.,0.,0.));
#4958=DIRECTION('center_axis',(1.,0.,-2.28911963840239E-16));
#4959=DIRECTION('ref_axis',(0.,-1.,-5.92118946466746E-15));
#4960=DIRECTION('center_axis',(0.,0.,-1.));
#4961=DIRECTION('ref_axis',(0.,-1.,0.));
#4962=DIRECTION('',(0.,-1.,0.));
#4963=DIRECTION('',(-1.,0.,0.));
#4964=DIRECTION('',(0.,1.,0.));
#4965=DIRECTION('center_axis',(-1.,0.,0.));
#4966=DIRECTION('ref_axis',(0.,5.92118946466752E-15,-1.));
#4967=DIRECTION('center_axis',(-1.,0.,0.));
#4968=DIRECTION('ref_axis',(0.,5.92118946466752E-15,-1.));
#4969=DIRECTION('center_axis',(1.,0.,-2.28911963840239E-16));
#4970=DIRECTION('ref_axis',(0.,5.92118946466752E-15,-1.));
#4971=DIRECTION('center_axis',(0.,1.,0.));
#4972=DIRECTION('ref_axis',(-1.,0.,0.));
#4973=DIRECTION('center_axis',(0.,1.,0.));
#4974=DIRECTION('ref_axis',(-1.,0.,0.));
#4975=DIRECTION('',(0.,-1.,0.));
#4976=DIRECTION('center_axis',(0.,-1.,0.));
#4977=DIRECTION('ref_axis',(-1.,0.,0.));
#4978=DIRECTION('center_axis',(0.,1.,0.));
#4979=DIRECTION('ref_axis',(-1.,0.,0.));
#4980=DIRECTION('center_axis',(0.,1.,0.));
#4981=DIRECTION('ref_axis',(-1.,0.,0.));
#4982=DIRECTION('center_axis',(0.,1.,0.));
#4983=DIRECTION('ref_axis',(-1.,0.,0.));
#4984=DIRECTION('',(0.,-1.,0.));
#4985=DIRECTION('center_axis',(0.,-1.,0.));
#4986=DIRECTION('ref_axis',(-1.,0.,0.));
#4987=DIRECTION('center_axis',(0.,1.,0.));
#4988=DIRECTION('ref_axis',(-1.,0.,0.));
#4989=DIRECTION('center_axis',(0.,1.,0.));
#4990=DIRECTION('ref_axis',(-1.,0.,0.));
#4991=DIRECTION('center_axis',(0.,1.,0.));
#4992=DIRECTION('ref_axis',(-1.,0.,0.));
#4993=DIRECTION('',(0.,-1.,0.));
#4994=DIRECTION('center_axis',(0.,-1.,0.));
#4995=DIRECTION('ref_axis',(-1.,0.,0.));
#4996=DIRECTION('center_axis',(0.,1.,0.));
#4997=DIRECTION('ref_axis',(-1.,0.,0.));
#4998=DIRECTION('center_axis',(0.,1.,0.));
#4999=DIRECTION('ref_axis',(-1.,0.,0.));
#5000=DIRECTION('center_axis',(0.,1.,0.));
#5001=DIRECTION('ref_axis',(-1.,0.,0.));
#5002=DIRECTION('',(0.,-1.,0.));
#5003=DIRECTION('center_axis',(0.,-1.,0.));
#5004=DIRECTION('ref_axis',(-1.,0.,0.));
#5005=DIRECTION('center_axis',(0.,1.,0.));
#5006=DIRECTION('ref_axis',(-1.,0.,0.));
#5007=DIRECTION('center_axis',(-2.09476042382105E-16,-1.,0.));
#5008=DIRECTION('ref_axis',(-0.707106781186549,0.,0.707106781186546));
#5009=DIRECTION('center_axis',(0.,-1.,0.));
#5010=DIRECTION('ref_axis',(0.,0.,1.));
#5011=DIRECTION('',(2.09476042382105E-16,1.,-2.39757861195843E-31));
#5012=DIRECTION('center_axis',(0.,1.,0.));
#5013=DIRECTION('ref_axis',(-1.,0.,0.));
#5014=DIRECTION('',(0.,1.,0.));
#5015=DIRECTION('center_axis',(0.,0.,1.));
#5016=DIRECTION('ref_axis',(1.,0.,0.));
#5017=DIRECTION('center_axis',(-1.14455981920119E-15,0.,-1.));
#5018=DIRECTION('ref_axis',(-1.,0.,0.));
#5019=DIRECTION('center_axis',(-1.,0.,0.));
#5020=DIRECTION('ref_axis',(0.,-1.,0.));
#5021=DIRECTION('center_axis',(0.,0.,-1.));
#5022=DIRECTION('ref_axis',(-1.,0.,0.));
#5023=DIRECTION('center_axis',(1.,0.,0.));
#5024=DIRECTION('ref_axis',(0.,-0.707106781186549,0.707106781186546));
#5025=DIRECTION('',(-1.,0.,1.14455981920119E-15));
#5026=DIRECTION('center_axis',(-1.,0.,0.));
#5027=DIRECTION('ref_axis',(0.,-1.,0.));
#5028=DIRECTION('',(-1.,0.,0.));
#5029=DIRECTION('center_axis',(0.,0.,1.));
#5030=DIRECTION('ref_axis',(1.,0.,0.));
#5031=DIRECTION('center_axis',(-1.14455981920119E-15,0.,-1.));
#5032=DIRECTION('ref_axis',(0.,-1.,0.));
#5033=DIRECTION('center_axis',(0.,-1.,0.));
#5034=DIRECTION('ref_axis',(1.,0.,0.));
#5035=DIRECTION('center_axis',(0.,0.,-1.));
#5036=DIRECTION('ref_axis',(0.,-1.,0.));
#5037=DIRECTION('center_axis',(0.,1.,0.));
#5038=DIRECTION('ref_axis',(0.707106781186548,0.,0.707106781186548));
#5039=DIRECTION('',(0.,-1.,0.));
#5040=DIRECTION('center_axis',(0.,-1.,0.));
#5041=DIRECTION('ref_axis',(1.,0.,0.));
#5042=DIRECTION('',(0.,-1.,0.));
#5043=DIRECTION('center_axis',(0.,0.,1.));
#5044=DIRECTION('ref_axis',(1.,0.,0.));
#5045=DIRECTION('center_axis',(-1.14455981920119E-15,0.,-1.));
#5046=DIRECTION('ref_axis',(1.,5.32907051820073E-15,0.));
#5047=DIRECTION('center_axis',(1.,0.,8.88178419700128E-15));
#5048=DIRECTION('ref_axis',(0.,1.,0.));
#5049=DIRECTION('center_axis',(0.,0.,-1.));
#5050=DIRECTION('ref_axis',(1.,8.88178419700118E-15,0.));
#5051=DIRECTION('center_axis',(-1.,0.,0.));
#5052=DIRECTION('ref_axis',(0.,0.707106781186548,0.707106781186548));
#5053=DIRECTION('',(1.,0.,-1.14455981920119E-15));
#5054=DIRECTION('center_axis',(1.,0.,0.));
#5055=DIRECTION('ref_axis',(0.,1.,0.));
#5056=DIRECTION('',(1.,0.,0.));
#5057=DIRECTION('center_axis',(0.,0.,1.));
#5058=DIRECTION('ref_axis',(1.,0.,0.));
#5059=DIRECTION('center_axis',(-1.14455981920119E-15,0.,-1.));
#5060=DIRECTION('ref_axis',(0.,1.,0.));
#5061=DIRECTION('center_axis',(0.,0.,-1.));
#5062=DIRECTION('ref_axis',(0.,1.,0.));
#5063=DIRECTION('center_axis',(1.,0.,0.));
#5064=DIRECTION('ref_axis',(0.,-1.,0.));
#5065=DIRECTION('',(0.,0.,-1.));
#5066=DIRECTION('',(0.,1.,0.));
#5067=DIRECTION('',(0.,0.,1.));
#5068=DIRECTION('center_axis',(0.,0.,-1.));
#5069=DIRECTION('ref_axis',(1.,8.88178419700118E-15,0.));
#5070=DIRECTION('',(0.,0.,-1.));
#5071=DIRECTION('center_axis',(9.15647855360954E-16,0.,1.));
#5072=DIRECTION('ref_axis',(1.,8.88178419700118E-15,0.));
#5073=DIRECTION('center_axis',(0.,1.,0.));
#5074=DIRECTION('ref_axis',(1.,0.,0.));
#5075=DIRECTION('',(0.,0.,-1.));
#5076=DIRECTION('',(-1.,0.,9.15647855360954E-16));
#5077=DIRECTION('center_axis',(0.,0.,-1.));
#5078=DIRECTION('ref_axis',(0.,1.,0.));
#5079=DIRECTION('',(0.,0.,-1.));
#5080=DIRECTION('center_axis',(9.15647855360954E-16,0.,1.));
#5081=DIRECTION('ref_axis',(0.,1.,0.));
#5082=DIRECTION('center_axis',(-1.,0.,0.));
#5083=DIRECTION('ref_axis',(0.,1.,0.));
#5084=DIRECTION('',(0.,0.,-1.));
#5085=DIRECTION('',(0.,-1.,0.));
#5086=DIRECTION('center_axis',(0.,0.,-1.));
#5087=DIRECTION('ref_axis',(-1.,0.,0.));
#5088=DIRECTION('',(0.,0.,-1.));
#5089=DIRECTION('center_axis',(9.15647855360954E-16,0.,1.));
#5090=DIRECTION('ref_axis',(-1.,0.,0.));
#5091=DIRECTION('center_axis',(0.,-1.,0.));
#5092=DIRECTION('ref_axis',(-1.,0.,0.));
#5093=DIRECTION('',(0.,0.,-1.));
#5094=DIRECTION('',(1.,0.,-9.15647855360954E-16));
#5095=DIRECTION('center_axis',(0.,0.,-1.));
#5096=DIRECTION('ref_axis',(0.,-1.,0.));
#5097=DIRECTION('center_axis',(9.15647855360954E-16,0.,1.));
#5098=DIRECTION('ref_axis',(0.,-1.,0.));
#5099=DIRECTION('center_axis',(0.,0.,1.));
#5100=DIRECTION('ref_axis',(-1.,0.,0.));
#5101=DIRECTION('center_axis',(0.,1.,0.));
#5102=DIRECTION('ref_axis',(-0.707106781186548,0.,0.707106781186548));
#5103=DIRECTION('center_axis',(-1.,0.,0.));
#5104=DIRECTION('ref_axis',(0.,-1.,0.));
#5105=DIRECTION('center_axis',(0.,-1.,0.));
#5106=DIRECTION('ref_axis',(-0.707106781186548,0.,0.707106781186548));
#5107=DIRECTION('center_axis',(-1.,0.,1.14455981920119E-15));
#5108=DIRECTION('ref_axis',(1.39563774105224E-15,-0.707106781186547,0.707106781186548));
#5109=DIRECTION('center_axis',(-1.,0.,0.));
#5110=DIRECTION('ref_axis',(0.,-1.,0.));
#5111=DIRECTION('',(-1.,0.,1.14455981920119E-15));
#5112=DIRECTION('',(1.,0.,-1.14455981920119E-15));
#5113=DIRECTION('center_axis',(0.,0.,1.));
#5114=DIRECTION('ref_axis',(0.,-1.,0.));
#5115=DIRECTION('center_axis',(0.,-1.,0.));
#5116=DIRECTION('ref_axis',(0.707106781186547,0.,0.707106781186547));
#5117=DIRECTION('center_axis',(0.,1.,0.));
#5118=DIRECTION('ref_axis',(0.707106781186548,0.,0.707106781186548));
#5119=DIRECTION('center_axis',(0.,0.,1.));
#5120=DIRECTION('ref_axis',(0.707106781186548,-0.707106781186547,0.));
#5121=DIRECTION('center_axis',(0.,0.,1.));
#5122=DIRECTION('ref_axis',(0.,-1.,0.));
#5123=DIRECTION('',(0.,0.,1.));
#5124=DIRECTION('',(0.,0.,-1.));
#5125=DIRECTION('center_axis',(1.,0.,0.));
#5126=DIRECTION('ref_axis',(0.,-1.,0.));
#5127=DIRECTION('center_axis',(0.,-1.,0.));
#5128=DIRECTION('ref_axis',(0.707106781186548,0.,-0.707106781186547));
#5129=DIRECTION('center_axis',(0.,1.,0.));
#5130=DIRECTION('ref_axis',(0.707106781186548,0.,-0.707106781186547));
#5131=DIRECTION('center_axis',(1.,0.,0.));
#5132=DIRECTION('ref_axis',(0.,-0.707106781186548,-0.707106781186547));
#5133=DIRECTION('center_axis',(1.,0.,0.));
#5134=DIRECTION('ref_axis',(0.,-1.,0.));
#5135=DIRECTION('',(1.,0.,0.));
#5136=DIRECTION('',(-1.,0.,0.));
#5137=DIRECTION('center_axis',(0.,0.,-1.));
#5138=DIRECTION('ref_axis',(0.,-1.,0.));
#5139=DIRECTION('center_axis',(0.,-1.,0.));
#5140=DIRECTION('ref_axis',(-0.707106781186548,0.,-0.707106781186548));
#5141=DIRECTION('center_axis',(0.,1.,0.));
#5142=DIRECTION('ref_axis',(-0.707106781186548,0.,-0.707106781186548));
#5143=DIRECTION('center_axis',(0.,0.,-1.));
#5144=DIRECTION('ref_axis',(-0.707106781186547,-0.707106781186548,0.));
#5145=DIRECTION('',(0.,0.,1.));
#5146=DIRECTION('',(0.,0.,-1.));
#5147=DIRECTION('center_axis',(0.,0.,-1.));
#5148=DIRECTION('ref_axis',(-1.,0.,0.));
#5149=DIRECTION('',(0.,1.,0.));
#5150=DIRECTION('',(-1.,0.,0.));
#5151=DIRECTION('',(0.,1.,0.));
#5152=DIRECTION('center_axis',(0.,1.,0.));
#5153=DIRECTION('ref_axis',(0.,0.,-1.));
#5154=DIRECTION('',(0.,1.,0.));
#5155=DIRECTION('center_axis',(0.,1.,0.));
#5156=DIRECTION('ref_axis',(0.,0.,-1.));
#5157=DIRECTION('center_axis',(-1.,0.,0.));
#5158=DIRECTION('ref_axis',(0.,0.,1.));
#5159=DIRECTION('',(0.,1.,0.));
#5160=DIRECTION('',(0.,0.,1.));
#5161=DIRECTION('center_axis',(0.,1.,0.));
#5162=DIRECTION('ref_axis',(-1.,0.,0.));
#5163=DIRECTION('',(0.,1.,0.));
#5164=DIRECTION('center_axis',(0.,1.,0.));
#5165=DIRECTION('ref_axis',(-1.,0.,0.));
#5166=DIRECTION('center_axis',(0.,1.,0.));
#5167=DIRECTION('ref_axis',(1.,0.,0.));
#5168=DIRECTION('center_axis',(0.,1.,0.));
#5169=DIRECTION('ref_axis',(-1.,0.,0.));
#5170=DIRECTION('center_axis',(0.,1.,0.));
#5171=DIRECTION('ref_axis',(1.,0.,-7.40148683083438E-16));
#5172=DIRECTION('',(1.,0.,-1.14455981920119E-15));
#5173=DIRECTION('center_axis',(0.,1.,0.));
#5174=DIRECTION('ref_axis',(0.,0.,1.));
#5175=DIRECTION('',(-2.28911963840239E-16,0.,-1.));
#5176=DIRECTION('',(1.,0.,1.14455981920119E-16));
#5177=DIRECTION('',(1.,0.,1.14455981920119E-16));
#5178=DIRECTION('center_axis',(0.,-1.,0.));
#5179=DIRECTION('ref_axis',(1.,0.,-4.67462326157961E-16));
#5180=DIRECTION('',(2.28911963840239E-16,0.,1.));
#5181=DIRECTION('',(2.28911963840239E-16,0.,1.));
#5182=DIRECTION('center_axis',(0.,-1.,0.));
#5183=DIRECTION('ref_axis',(0.,0.,1.));
#5184=DIRECTION('',(-1.,0.,9.15647855360954E-16));
#5185=DIRECTION('center_axis',(0.,-1.,0.));
#5186=DIRECTION('ref_axis',(-1.,0.,0.));
#5187=DIRECTION('',(0.,0.,-1.));
#5188=DIRECTION('',(0.,0.,-1.));
#5189=DIRECTION('center_axis',(0.,-1.,0.));
#5190=DIRECTION('ref_axis',(0.,0.,-1.));
#5191=DIRECTION('center_axis',(0.,1.,0.));
#5192=DIRECTION('ref_axis',(-1.,0.,0.));
#5193=DIRECTION('center_axis',(0.,1.,0.));
#5194=DIRECTION('ref_axis',(0.,0.,-1.));
#5195=DIRECTION('',(0.,0.,1.));
#5196=DIRECTION('center_axis',(0.,1.,0.));
#5197=DIRECTION('ref_axis',(-1.,0.,0.));
#5198=DIRECTION('',(1.,0.,-9.15647855360954E-16));
#5199=DIRECTION('center_axis',(0.,1.,0.));
#5200=DIRECTION('ref_axis',(0.,0.,1.));
#5201=DIRECTION('',(-2.28911963840239E-16,0.,-1.));
#5202=DIRECTION('center_axis',(0.,1.,0.));
#5203=DIRECTION('ref_axis',(1.,0.,-4.67462326157961E-16));
#5204=DIRECTION('',(-1.,0.,-1.14455981920119E-16));
#5205=DIRECTION('center_axis',(0.,1.,0.));
#5206=DIRECTION('ref_axis',(0.,0.,-1.));
#5207=DIRECTION('',(0.,1.,0.));
#5208=DIRECTION('',(0.,1.,0.));
#5209=DIRECTION('center_axis',(1.,0.,0.));
#5210=DIRECTION('ref_axis',(0.,0.,-1.));
#5211=DIRECTION('',(0.,1.,0.));
#5212=DIRECTION('center_axis',(0.,1.,0.));
#5213=DIRECTION('ref_axis',(-1.,0.,0.));
#5214=DIRECTION('',(0.,1.,0.));
#5215=DIRECTION('center_axis',(-9.15647855360954E-16,0.,-1.));
#5216=DIRECTION('ref_axis',(-1.,0.,9.15647855360954E-16));
#5217=DIRECTION('',(0.,1.,0.));
#5218=DIRECTION('center_axis',(0.,1.,0.));
#5219=DIRECTION('ref_axis',(0.,0.,1.));
#5220=DIRECTION('',(0.,1.,0.));
#5221=DIRECTION('center_axis',(-1.,0.,2.28911963840239E-16));
#5222=DIRECTION('ref_axis',(2.28911963840239E-16,0.,1.));
#5223=DIRECTION('',(0.,1.,0.));
#5224=DIRECTION('center_axis',(0.,1.,0.));
#5225=DIRECTION('ref_axis',(1.,0.,-4.67462326157961E-16));
#5226=DIRECTION('',(0.,1.,0.));
#5227=DIRECTION('center_axis',(-1.14455981920119E-16,0.,1.));
#5228=DIRECTION('ref_axis',(1.,0.,1.14455981920119E-16));
#5229=DIRECTION('center_axis',(1.14455981920119E-15,0.,1.));
#5230=DIRECTION('ref_axis',(1.,0.,-1.14455981920119E-15));
#5231=DIRECTION('',(0.,1.,0.));
#5232=DIRECTION('center_axis',(0.,1.,0.));
#5233=DIRECTION('ref_axis',(1.,0.,0.));
#5234=DIRECTION('',(0.,1.,0.));
#5235=DIRECTION('center_axis',(1.,0.,0.));
#5236=DIRECTION('ref_axis',(0.,0.,-1.));
#5237=DIRECTION('',(0.,1.,0.));
#5238=DIRECTION('center_axis',(0.,1.,0.));
#5239=DIRECTION('ref_axis',(0.,0.,1.));
#5240=CARTESIAN_POINT('',(0.,0.,0.));
#5241=CARTESIAN_POINT('Origin',(71.1173696506761,2.69956969048622,51.4729999999999));
#5242=CARTESIAN_POINT('',(71.1173696506761,3.,50.4729999999999));
#5243=CARTESIAN_POINT('Origin',(71.1173696506761,3.,51.4729999999999));
#5244=CARTESIAN_POINT('',(71.1173696506761,2.39913938097244,51.4729999999999));
#5245=CARTESIAN_POINT('',(71.1173696506761,2.69956969048622,50.9729999999999));
#5246=CARTESIAN_POINT('Origin',(71.1173696506761,5.5,51.4729999999999));
#5247=CARTESIAN_POINT('',(71.1173696506761,8.,50.4729999999999));
#5248=CARTESIAN_POINT('Origin',(71.1173696506761,8.,51.4729999999999));
#5249=CARTESIAN_POINT('',(71.1173696506761,5.5,50.4729999999999));
#5250=CARTESIAN_POINT('Origin',(71.1173696506761,2.69956969048622,80.0830011771917));
#5251=CARTESIAN_POINT('',(71.1173696506761,3.,79.0830011771917));
#5252=CARTESIAN_POINT('Origin',(71.1173696506761,3.,80.0830011771917));
#5253=CARTESIAN_POINT('',(71.1173696506761,2.39913938097244,80.0830011771917));
#5254=CARTESIAN_POINT('',(71.1173696506761,2.69956969048622,79.5830011771917));
#5255=CARTESIAN_POINT('Origin',(71.1173696506761,5.5,80.0830011771917));
#5256=CARTESIAN_POINT('',(71.1173696506761,8.,79.0830011771917));
#5257=CARTESIAN_POINT('Origin',(71.1173696506761,8.,80.0830011771917));
#5258=CARTESIAN_POINT('',(71.1173696506761,5.5,79.0830011771917));
#5259=CARTESIAN_POINT('Origin',(62.8,68.,17.5));
#5260=CARTESIAN_POINT('',(68.8,68.,17.5));
#5261=CARTESIAN_POINT('',(62.8,68.,17.5));
#5262=CARTESIAN_POINT('',(44.9,68.,17.5));
#5263=CARTESIAN_POINT('',(68.8,68.,27.5));
#5264=CARTESIAN_POINT('',(68.8,68.,17.5));
#5265=CARTESIAN_POINT('',(62.8,68.,27.5));
#5266=CARTESIAN_POINT('',(68.8,68.,27.5));
#5267=CARTESIAN_POINT('',(62.8,68.,17.5));
#5268=CARTESIAN_POINT('Origin',(62.8,71.,17.5));
#5269=CARTESIAN_POINT('',(59.8,71.,17.5));
#5270=CARTESIAN_POINT('Origin',(62.8,71.,17.5));
#5271=CARTESIAN_POINT('',(59.8,71.,27.5));
#5272=CARTESIAN_POINT('Origin',(62.8,71.,27.5));
#5273=CARTESIAN_POINT('',(59.8,71.,17.5));
#5274=CARTESIAN_POINT('Origin',(59.8,77.,17.5));
#5275=CARTESIAN_POINT('',(59.8,77.,17.5));
#5276=CARTESIAN_POINT('',(59.8,40.,17.5));
#5277=CARTESIAN_POINT('',(59.8,77.,27.5));
#5278=CARTESIAN_POINT('',(59.8,71.,27.5));
#5279=CARTESIAN_POINT('',(59.8,77.,17.5));
#5280=CARTESIAN_POINT('Origin',(62.8,77.,17.5));
#5281=CARTESIAN_POINT('',(62.8,80.,17.5));
#5282=CARTESIAN_POINT('Origin',(62.8,77.,17.5));
#5283=CARTESIAN_POINT('',(62.8,80.,27.5));
#5284=CARTESIAN_POINT('Origin',(62.8,77.,27.5));
#5285=CARTESIAN_POINT('',(62.8,80.,17.5));
#5286=CARTESIAN_POINT('Origin',(68.8,77.,17.5));
#5287=CARTESIAN_POINT('',(68.8,80.,17.5));
#5288=CARTESIAN_POINT('',(71.8,77.,17.5));
#5289=CARTESIAN_POINT('Origin',(68.8,77.,17.5));
#5290=CARTESIAN_POINT('',(68.8,80.,27.5));
#5291=CARTESIAN_POINT('',(68.8,80.,17.5));
#5292=CARTESIAN_POINT('',(71.8,77.,27.5));
#5293=CARTESIAN_POINT('Origin',(68.8,77.,27.5));
#5294=CARTESIAN_POINT('',(71.8,77.,17.5));
#5295=CARTESIAN_POINT('Origin',(71.8,71.,17.5));
#5296=CARTESIAN_POINT('',(71.8,71.,17.5));
#5297=CARTESIAN_POINT('',(71.8,37.,17.5));
#5298=CARTESIAN_POINT('',(71.8,71.,27.5));
#5299=CARTESIAN_POINT('',(71.8,77.,27.5));
#5300=CARTESIAN_POINT('',(71.8,71.,17.5));
#5301=CARTESIAN_POINT('Origin',(68.8,71.,17.5));
#5302=CARTESIAN_POINT('Origin',(68.8,71.,17.5));
#5303=CARTESIAN_POINT('Origin',(68.8,71.,27.5));
#5304=CARTESIAN_POINT('Origin',(65.8,74.,27.5));
#5305=CARTESIAN_POINT('',(62.8,80.,27.5));
#5306=CARTESIAN_POINT('Origin',(109.1,80.,65.7999999999999));
#5307=CARTESIAN_POINT('',(110.2,80.,65.7999999999999));
#5308=CARTESIAN_POINT('Origin',(109.1,80.,65.7999999999999));
#5309=CARTESIAN_POINT('',(110.2,73.,65.7999999999999));
#5310=CARTESIAN_POINT('',(110.2,80.,65.7999999999999));
#5311=CARTESIAN_POINT('Origin',(109.1,73.,65.7999999999999));
#5312=CARTESIAN_POINT('Origin',(109.1,73.,65.7999999999999));
#5313=CARTESIAN_POINT('Origin',(22.5,80.,65.8));
#5314=CARTESIAN_POINT('',(23.6,80.,65.8));
#5315=CARTESIAN_POINT('Origin',(22.5,80.,65.8));
#5316=CARTESIAN_POINT('',(23.6,73.,65.8));
#5317=CARTESIAN_POINT('',(23.6,80.,65.8));
#5318=CARTESIAN_POINT('Origin',(22.5,73.,65.8));
#5319=CARTESIAN_POINT('Origin',(22.5,73.,65.8));
#5320=CARTESIAN_POINT('Origin',(17.5,68.,68.7999999999999));
#5321=CARTESIAN_POINT('',(17.5,68.,62.8));
#5322=CARTESIAN_POINT('',(17.5,68.,68.7999999999999));
#5323=CARTESIAN_POINT('',(17.5,68.,86.6999999999999));
#5324=CARTESIAN_POINT('',(27.5,68.,62.8));
#5325=CARTESIAN_POINT('',(17.5,68.,62.8));
#5326=CARTESIAN_POINT('',(27.5,68.,68.7999999999999));
#5327=CARTESIAN_POINT('',(27.5,68.,62.8));
#5328=CARTESIAN_POINT('',(17.5,68.,68.7999999999999));
#5329=CARTESIAN_POINT('Origin',(17.5,71.,68.7999999999999));
#5330=CARTESIAN_POINT('',(17.5,71.,71.7999999999999));
#5331=CARTESIAN_POINT('Origin',(17.5,71.,68.7999999999999));
#5332=CARTESIAN_POINT('',(27.5,71.,71.7999999999999));
#5333=CARTESIAN_POINT('Origin',(27.5,71.,68.7999999999999));
#5334=CARTESIAN_POINT('',(17.5,71.,71.7999999999999));
#5335=CARTESIAN_POINT('Origin',(17.5,77.,71.8));
#5336=CARTESIAN_POINT('',(17.5,77.,71.8));
#5337=CARTESIAN_POINT('',(17.5,40.,71.7999999999999));
#5338=CARTESIAN_POINT('',(27.5,77.,71.8));
#5339=CARTESIAN_POINT('',(27.5,71.,71.7999999999999));
#5340=CARTESIAN_POINT('',(17.5,77.,71.8));
#5341=CARTESIAN_POINT('Origin',(17.5,77.,68.8));
#5342=CARTESIAN_POINT('',(17.5,80.,68.8));
#5343=CARTESIAN_POINT('Origin',(17.5,77.,68.8));
#5344=CARTESIAN_POINT('',(27.5,80.,68.8));
#5345=CARTESIAN_POINT('Origin',(27.5,77.,68.8));
#5346=CARTESIAN_POINT('',(17.5,80.,68.8));
#5347=CARTESIAN_POINT('Origin',(17.5,77.,62.8));
#5348=CARTESIAN_POINT('',(17.5,80.,62.8));
#5349=CARTESIAN_POINT('',(17.5,77.,59.8));
#5350=CARTESIAN_POINT('Origin',(17.5,77.,62.8));
#5351=CARTESIAN_POINT('',(27.5,80.,62.8));
#5352=CARTESIAN_POINT('',(17.5,80.,62.8));
#5353=CARTESIAN_POINT('',(27.5,77.,59.8));
#5354=CARTESIAN_POINT('Origin',(27.5,77.,62.8));
#5355=CARTESIAN_POINT('',(17.5,77.,59.8));
#5356=CARTESIAN_POINT('Origin',(17.5,71.,59.8));
#5357=CARTESIAN_POINT('',(17.5,71.,59.8));
#5358=CARTESIAN_POINT('',(17.5,37.,59.8));
#5359=CARTESIAN_POINT('',(27.5,71.,59.8));
#5360=CARTESIAN_POINT('',(27.5,77.,59.8));
#5361=CARTESIAN_POINT('',(17.5,71.,59.8));
#5362=CARTESIAN_POINT('Origin',(17.5,71.,62.8));
#5363=CARTESIAN_POINT('Origin',(17.5,71.,62.8));
#5364=CARTESIAN_POINT('Origin',(27.5,71.,62.8));
#5365=CARTESIAN_POINT('Origin',(27.5,74.,65.8));
#5366=CARTESIAN_POINT('',(27.5,80.,68.8));
#5367=CARTESIAN_POINT('Origin',(114.1,71.,71.8));
#5368=CARTESIAN_POINT('',(114.1,77.,71.8));
#5369=CARTESIAN_POINT('',(114.1,71.,71.8));
#5370=CARTESIAN_POINT('',(114.1,37.,71.8));
#5371=CARTESIAN_POINT('',(104.1,77.,71.8));
#5372=CARTESIAN_POINT('',(114.1,77.,71.8));
#5373=CARTESIAN_POINT('',(104.1,71.,71.8));
#5374=CARTESIAN_POINT('',(104.1,71.,71.8));
#5375=CARTESIAN_POINT('',(114.1,71.,71.8));
#5376=CARTESIAN_POINT('Origin',(114.1,71.,68.8));
#5377=CARTESIAN_POINT('',(114.1,68.,68.8));
#5378=CARTESIAN_POINT('Origin',(114.1,71.,68.8));
#5379=CARTESIAN_POINT('',(104.1,68.,68.8));
#5380=CARTESIAN_POINT('Origin',(104.1,71.,68.8));
#5381=CARTESIAN_POINT('',(114.1,68.,68.8));
#5382=CARTESIAN_POINT('Origin',(114.1,68.,62.8));
#5383=CARTESIAN_POINT('',(114.1,68.,62.8));
#5384=CARTESIAN_POINT('',(114.1,68.,44.9));
#5385=CARTESIAN_POINT('',(104.1,68.,62.8));
#5386=CARTESIAN_POINT('',(104.1,68.,62.8));
#5387=CARTESIAN_POINT('',(114.1,68.,62.8));
#5388=CARTESIAN_POINT('Origin',(114.1,71.,62.8));
#5389=CARTESIAN_POINT('',(114.1,71.,59.8));
#5390=CARTESIAN_POINT('Origin',(114.1,71.,62.8));
#5391=CARTESIAN_POINT('',(104.1,71.,59.8));
#5392=CARTESIAN_POINT('Origin',(104.1,71.,62.8));
#5393=CARTESIAN_POINT('',(114.1,71.,59.8));
#5394=CARTESIAN_POINT('Origin',(114.1,77.,59.8));
#5395=CARTESIAN_POINT('',(114.1,77.,59.8));
#5396=CARTESIAN_POINT('',(114.1,40.,59.7999999999999));
#5397=CARTESIAN_POINT('',(104.1,77.,59.8));
#5398=CARTESIAN_POINT('',(104.1,77.,59.8));
#5399=CARTESIAN_POINT('',(114.1,77.,59.8));
#5400=CARTESIAN_POINT('Origin',(114.1,77.,62.7999999999999));
#5401=CARTESIAN_POINT('',(114.1,80.,62.8));
#5402=CARTESIAN_POINT('Origin',(114.1,77.,62.7999999999999));
#5403=CARTESIAN_POINT('',(104.1,80.,62.8));
#5404=CARTESIAN_POINT('Origin',(104.1,77.,62.7999999999999));
#5405=CARTESIAN_POINT('',(114.1,80.,62.8));
#5406=CARTESIAN_POINT('Origin',(114.1,77.,68.8));
#5407=CARTESIAN_POINT('',(114.1,80.,68.8));
#5408=CARTESIAN_POINT('Origin',(114.1,77.,68.8));
#5409=CARTESIAN_POINT('',(104.1,80.,68.8));
#5410=CARTESIAN_POINT('',(114.1,80.,68.8));
#5411=CARTESIAN_POINT('Origin',(104.1,77.,68.8));
#5412=CARTESIAN_POINT('Origin',(104.1,74.,65.8));
#5413=CARTESIAN_POINT('',(104.1,80.,68.8));
#5414=CARTESIAN_POINT('Origin',(15.,58.,84.5999999999999));
#5415=CARTESIAN_POINT('',(15.,58.,73.0999999999999));
#5416=CARTESIAN_POINT('Origin',(15.,58.,84.5999999999999));
#5417=CARTESIAN_POINT('',(16.,58.,73.0999999999999));
#5418=CARTESIAN_POINT('',(15.,58.,73.0999999999999));
#5419=CARTESIAN_POINT('Origin',(16.,58.,84.5999999999999));
#5420=CARTESIAN_POINT('Origin',(16.,58.,84.5999999999999));
#5421=CARTESIAN_POINT('Origin',(116.6,58.,84.5999999999999));
#5422=CARTESIAN_POINT('',(116.6,58.,96.0999999999999));
#5423=CARTESIAN_POINT('Origin',(116.6,58.,84.5999999999999));
#5424=CARTESIAN_POINT('',(115.6,58.,96.0999999999999));
#5425=CARTESIAN_POINT('',(116.6,58.,96.0999999999999));
#5426=CARTESIAN_POINT('Origin',(115.6,58.,84.5999999999999));
#5427=CARTESIAN_POINT('Origin',(115.6,58.,84.5999999999999));
#5428=CARTESIAN_POINT('Origin',(15.,14.0000002086163,65.5));
#5429=CARTESIAN_POINT('',(15.,14.0000002086163,65.5));
#5430=CARTESIAN_POINT('',(15.,10.3000002086163,65.5));
#5431=CARTESIAN_POINT('',(15.,7.00000010430813,65.5));
#5432=CARTESIAN_POINT('',(17.5,14.0000002086163,65.5));
#5433=CARTESIAN_POINT('',(15.,14.0000002086163,65.5));
#5434=CARTESIAN_POINT('',(17.5,10.3000002086163,65.5));
#5435=CARTESIAN_POINT('',(17.5,8.50000010430813,65.5));
#5436=CARTESIAN_POINT('',(15.,10.3000002086163,65.5));
#5437=CARTESIAN_POINT('Origin',(15.,14.0000002086163,57.));
#5438=CARTESIAN_POINT('',(15.,14.0000002086163,57.));
#5439=CARTESIAN_POINT('',(15.,14.0000002086163,42.));
#5440=CARTESIAN_POINT('',(17.5,14.0000002086163,57.));
#5441=CARTESIAN_POINT('',(15.,14.0000002086163,57.));
#5442=CARTESIAN_POINT('',(17.5,14.0000002086163,80.8));
#5443=CARTESIAN_POINT('Origin',(15.,10.3000002086163,57.));
#5444=CARTESIAN_POINT('',(15.,10.3000002086163,57.));
#5445=CARTESIAN_POINT('',(15.,5.15000010430813,57.));
#5446=CARTESIAN_POINT('',(17.5,10.3000002086163,57.));
#5447=CARTESIAN_POINT('',(15.,10.3000002086163,57.));
#5448=CARTESIAN_POINT('',(17.5,6.65000010430813,57.));
#5449=CARTESIAN_POINT('Origin',(15.,10.3000002086163,65.5));
#5450=CARTESIAN_POINT('',(15.,10.3000002086163,46.25));
#5451=CARTESIAN_POINT('',(17.5,10.3000002086163,85.05));
#5452=CARTESIAN_POINT('Origin',(75.6525554624369,51.3503394703916,15.));
#5453=CARTESIAN_POINT('',(76.6525554624369,51.3503394703916,15.));
#5454=CARTESIAN_POINT('Origin',(75.6525554624369,51.3503394703916,15.));
#5455=CARTESIAN_POINT('',(76.6525554624369,51.3503394703916,17.5));
#5456=CARTESIAN_POINT('',(76.6525554624369,51.3503394703916,15.));
#5457=CARTESIAN_POINT('Origin',(75.6525554624369,51.3503394703916,17.5));
#5458=CARTESIAN_POINT('Origin',(69.733079790118,30.0248183650579,15.));
#5459=CARTESIAN_POINT('',(70.733079790118,30.0248183650579,15.));
#5460=CARTESIAN_POINT('Origin',(69.733079790118,30.0248183650579,15.));
#5461=CARTESIAN_POINT('',(70.733079790118,30.0248183650579,17.5));
#5462=CARTESIAN_POINT('',(70.733079790118,30.0248183650579,15.));
#5463=CARTESIAN_POINT('Origin',(69.733079790118,30.0248183650579,17.5));
#5464=CARTESIAN_POINT('Origin',(73.4389965088923,53.754497951652,15.));
#5465=CARTESIAN_POINT('',(74.4389965088923,53.754497951652,15.));
#5466=CARTESIAN_POINT('Origin',(73.4389965088923,53.754497951652,15.));
#5467=CARTESIAN_POINT('',(74.4389965088923,53.754497951652,17.5));
#5468=CARTESIAN_POINT('',(74.4389965088923,53.754497951652,15.));
#5469=CARTESIAN_POINT('Origin',(73.4389965088923,53.754497951652,17.5));
#5470=CARTESIAN_POINT('Origin',(68.3522106907395,46.076775377178,15.));
#5471=CARTESIAN_POINT('',(69.3522106907396,46.076775377178,15.));
#5472=CARTESIAN_POINT('Origin',(68.3522106907395,46.076775377178,15.));
#5473=CARTESIAN_POINT('',(69.3522106907396,46.076775377178,17.5));
#5474=CARTESIAN_POINT('',(69.3522106907396,46.076775377178,15.));
#5475=CARTESIAN_POINT('Origin',(68.3522106907395,46.076775377178,17.5));
#5476=CARTESIAN_POINT('Origin',(71.6850908025052,43.3313656490293,15.));
#5477=CARTESIAN_POINT('',(72.6850908025052,43.3313656490293,15.));
#5478=CARTESIAN_POINT('Origin',(71.6850908025052,43.3313656490293,15.));
#5479=CARTESIAN_POINT('',(72.6850908025052,43.3313656490293,17.5));
#5480=CARTESIAN_POINT('',(72.6850908025052,43.3313656490293,15.));
#5481=CARTESIAN_POINT('Origin',(71.6850908025052,43.3313656490293,17.5));
#5482=CARTESIAN_POINT('Origin',(51.3248183650579,40.566920209882,15.));
#5483=CARTESIAN_POINT('',(52.3248183650579,40.566920209882,15.));
#5484=CARTESIAN_POINT('Origin',(51.3248183650579,40.566920209882,15.));
#5485=CARTESIAN_POINT('',(52.3248183650579,40.566920209882,17.5));
#5486=CARTESIAN_POINT('',(52.3248183650579,40.566920209882,15.));
#5487=CARTESIAN_POINT('Origin',(51.3248183650579,40.566920209882,17.5));
#5488=CARTESIAN_POINT('Origin',(68.9561043086789,36.0715359885244,15.));
#5489=CARTESIAN_POINT('',(69.9561043086789,36.0715359885244,15.));
#5490=CARTESIAN_POINT('Origin',(68.9561043086789,36.0715359885244,15.));
#5491=CARTESIAN_POINT('',(69.9561043086789,36.0715359885244,17.5));
#5492=CARTESIAN_POINT('',(69.9561043086789,36.0715359885244,15.));
#5493=CARTESIAN_POINT('Origin',(68.9561043086789,36.0715359885244,17.5));
#5494=CARTESIAN_POINT('Origin',(73.6354284028327,40.0721267244779,15.));
#5495=CARTESIAN_POINT('',(74.6354284028327,40.0721267244779,15.));
#5496=CARTESIAN_POINT('Origin',(73.6354284028327,40.0721267244779,15.));
#5497=CARTESIAN_POINT('',(74.6354284028327,40.0721267244779,17.5));
#5498=CARTESIAN_POINT('',(74.6354284028327,40.0721267244779,15.));
#5499=CARTESIAN_POINT('Origin',(73.6354284028327,40.0721267244779,17.5));
#5500=CARTESIAN_POINT('Origin',(65.883063460076,35.5003833158517,15.));
#5501=CARTESIAN_POINT('',(66.883063460076,35.5003833158517,15.));
#5502=CARTESIAN_POINT('Origin',(65.883063460076,35.5003833158517,15.));
#5503=CARTESIAN_POINT('',(66.883063460076,35.5003833158517,17.5));
#5504=CARTESIAN_POINT('',(66.883063460076,35.5003833158517,15.));
#5505=CARTESIAN_POINT('Origin',(65.883063460076,35.5003833158517,17.5));
#5506=CARTESIAN_POINT('Origin',(59.9515276014837,51.3407141881381,15.));
#5507=CARTESIAN_POINT('',(60.9515276014837,51.3407141881381,15.));
#5508=CARTESIAN_POINT('Origin',(59.9515276014837,51.3407141881381,15.));
#5509=CARTESIAN_POINT('',(60.9515276014837,51.3407141881381,17.5));
#5510=CARTESIAN_POINT('',(60.9515276014837,51.3407141881381,15.));
#5511=CARTESIAN_POINT('Origin',(59.9515276014837,51.3407141881381,17.5));
#5512=CARTESIAN_POINT('Origin',(65.7105778126718,47.4986669825797,15.));
#5513=CARTESIAN_POINT('',(66.7105778126719,47.4986669825797,15.));
#5514=CARTESIAN_POINT('Origin',(65.7105778126718,47.4986669825797,15.));
#5515=CARTESIAN_POINT('',(66.7105778126719,47.4986669825797,17.5));
#5516=CARTESIAN_POINT('',(66.7105778126719,47.4986669825797,15.));
#5517=CARTESIAN_POINT('Origin',(65.7105778126718,47.4986669825797,17.5));
#5518=CARTESIAN_POINT('Origin',(68.4416328780677,43.0781083945983,15.));
#5519=CARTESIAN_POINT('',(69.4416328780677,43.0781083945983,15.));
#5520=CARTESIAN_POINT('Origin',(68.4416328780677,43.0781083945983,15.));
#5521=CARTESIAN_POINT('',(69.4416328780677,43.0781083945983,17.5));
#5522=CARTESIAN_POINT('',(69.4416328780677,43.0781083945983,15.));
#5523=CARTESIAN_POINT('Origin',(68.4416328780677,43.0781083945983,17.5));
#5524=CARTESIAN_POINT('Origin',(64.2505011437753,56.3995400455042,15.));
#5525=CARTESIAN_POINT('',(65.2505011437753,56.3995400455042,15.));
#5526=CARTESIAN_POINT('Origin',(64.2505011437753,56.3995400455042,15.));
#5527=CARTESIAN_POINT('',(65.2505011437753,56.3995400455042,17.5));
#5528=CARTESIAN_POINT('',(65.2505011437753,56.3995400455042,15.));
#5529=CARTESIAN_POINT('Origin',(64.2505011437753,56.3995400455042,17.5));
#5530=CARTESIAN_POINT('Origin',(58.0476350572433,39.9282565913738,15.));
#5531=CARTESIAN_POINT('',(59.0476350572433,39.9282565913738,15.));
#5532=CARTESIAN_POINT('Origin',(58.0476350572433,39.9282565913738,15.));
#5533=CARTESIAN_POINT('',(59.0476350572433,39.9282565913738,17.5));
#5534=CARTESIAN_POINT('',(59.0476350572433,39.9282565913738,15.));
#5535=CARTESIAN_POINT('Origin',(58.0476350572433,39.9282565913738,17.5));
#5536=CARTESIAN_POINT('Origin',(71.962007585397,34.2029294205823,15.));
#5537=CARTESIAN_POINT('',(72.962007585397,34.2029294205823,15.));
#5538=CARTESIAN_POINT('Origin',(71.962007585397,34.2029294205823,15.));
#5539=CARTESIAN_POINT('',(72.962007585397,34.2029294205823,17.5));
#5540=CARTESIAN_POINT('',(72.962007585397,34.2029294205823,15.));
#5541=CARTESIAN_POINT('Origin',(71.962007585397,34.2029294205823,17.5));
#5542=CARTESIAN_POINT('Origin',(68.9553872340441,32.9222829796531,15.));
#5543=CARTESIAN_POINT('',(69.9553872340441,32.9222829796531,15.));
#5544=CARTESIAN_POINT('Origin',(68.9553872340441,32.9222829796531,15.));
#5545=CARTESIAN_POINT('',(69.9553872340441,32.9222829796531,17.5));
#5546=CARTESIAN_POINT('',(69.9553872340441,32.9222829796531,15.));
#5547=CARTESIAN_POINT('Origin',(68.9553872340441,32.9222829796531,17.5));
#5548=CARTESIAN_POINT('Origin',(52.7833935164853,51.9543917024344,15.));
#5549=CARTESIAN_POINT('',(53.7833935164853,51.9543917024344,15.));
#5550=CARTESIAN_POINT('Origin',(52.7833935164853,51.9543917024344,15.));
#5551=CARTESIAN_POINT('',(53.7833935164853,51.9543917024344,17.5));
#5552=CARTESIAN_POINT('',(53.7833935164853,51.9543917024344,15.));
#5553=CARTESIAN_POINT('Origin',(52.7833935164853,51.9543917024344,17.5));
#5554=CARTESIAN_POINT('Origin',(80.7999077370062,44.5526106576893,15.));
#5555=CARTESIAN_POINT('',(81.7999077370062,44.5526106576893,15.));
#5556=CARTESIAN_POINT('Origin',(80.7999077370062,44.5526106576893,15.));
#5557=CARTESIAN_POINT('',(81.7999077370062,44.5526106576893,17.5));
#5558=CARTESIAN_POINT('',(81.7999077370062,44.5526106576893,15.));
#5559=CARTESIAN_POINT('Origin',(80.7999077370062,44.5526106576893,17.5));
#5560=CARTESIAN_POINT('Origin',(80.2751816349421,48.433079790118,15.));
#5561=CARTESIAN_POINT('',(81.2751816349421,48.433079790118,15.));
#5562=CARTESIAN_POINT('Origin',(80.2751816349421,48.433079790118,15.));
#5563=CARTESIAN_POINT('',(81.2751816349421,48.433079790118,17.5));
#5564=CARTESIAN_POINT('',(81.2751816349421,48.433079790118,15.));
#5565=CARTESIAN_POINT('Origin',(80.2751816349421,48.433079790118,17.5));
#5566=CARTESIAN_POINT('Origin',(58.2932680894711,53.8621031837642,15.));
#5567=CARTESIAN_POINT('',(59.2932680894711,53.8621031837642,15.));
#5568=CARTESIAN_POINT('Origin',(58.2932680894711,53.8621031837642,15.));
#5569=CARTESIAN_POINT('',(59.2932680894711,53.8621031837642,17.5));
#5570=CARTESIAN_POINT('',(59.2932680894711,53.8621031837642,15.));
#5571=CARTESIAN_POINT('Origin',(58.2932680894711,53.8621031837642,17.5));
#5572=CARTESIAN_POINT('Origin',(61.0975032820848,55.5402230329825,15.));
#5573=CARTESIAN_POINT('',(62.0975032820848,55.5402230329825,15.));
#5574=CARTESIAN_POINT('Origin',(61.0975032820848,55.5402230329825,15.));
#5575=CARTESIAN_POINT('',(62.0975032820848,55.5402230329825,17.5));
#5576=CARTESIAN_POINT('',(62.0975032820848,55.5402230329825,15.));
#5577=CARTESIAN_POINT('Origin',(61.0975032820848,55.5402230329825,17.5));
#5578=CARTESIAN_POINT('Origin',(65.716936539924,53.4996166841483,15.));
#5579=CARTESIAN_POINT('',(66.716936539924,53.4996166841483,15.));
#5580=CARTESIAN_POINT('Origin',(65.716936539924,53.4996166841483,15.));
#5581=CARTESIAN_POINT('',(66.716936539924,53.4996166841483,17.5));
#5582=CARTESIAN_POINT('',(66.716936539924,53.4996166841483,15.));
#5583=CARTESIAN_POINT('Origin',(65.716936539924,53.4996166841483,17.5));
#5584=CARTESIAN_POINT('Origin',(54.5217040380563,48.5987852096449,15.));
#5585=CARTESIAN_POINT('',(55.5217040380563,48.5987852096449,15.));
#5586=CARTESIAN_POINT('Origin',(54.5217040380563,48.5987852096449,15.));
#5587=CARTESIAN_POINT('',(55.5217040380563,48.5987852096449,17.5));
#5588=CARTESIAN_POINT('',(55.5217040380563,48.5987852096449,15.));
#5589=CARTESIAN_POINT('Origin',(54.5217040380563,48.5987852096449,17.5));
#5590=CARTESIAN_POINT('Origin',(76.3693351251948,55.1437378308244,15.));
#5591=CARTESIAN_POINT('',(77.3693351251948,55.1437378308244,15.));
#5592=CARTESIAN_POINT('Origin',(76.3693351251948,55.1437378308244,15.));
#5593=CARTESIAN_POINT('',(77.3693351251948,55.1437378308244,17.5));
#5594=CARTESIAN_POINT('',(77.3693351251948,55.1437378308244,15.));
#5595=CARTESIAN_POINT('Origin',(76.3693351251948,55.1437378308244,17.5));
#5596=CARTESIAN_POINT('Origin',(76.4437378308244,33.9306648748052,15.));
#5597=CARTESIAN_POINT('',(77.4437378308244,33.9306648748052,15.));
#5598=CARTESIAN_POINT('Origin',(76.4437378308244,33.9306648748052,15.));
#5599=CARTESIAN_POINT('',(77.4437378308244,33.9306648748052,17.5));
#5600=CARTESIAN_POINT('',(77.4437378308244,33.9306648748052,15.));
#5601=CARTESIAN_POINT('Origin',(76.4437378308244,33.9306648748052,17.5));
#5602=CARTESIAN_POINT('Origin',(51.2975850846872,48.3314438041177,15.));
#5603=CARTESIAN_POINT('',(52.2975850846872,48.3314438041177,15.));
#5604=CARTESIAN_POINT('Origin',(51.2975850846872,48.3314438041177,15.));
#5605=CARTESIAN_POINT('',(52.2975850846872,48.3314438041177,17.5));
#5606=CARTESIAN_POINT('',(52.2975850846872,48.3314438041177,15.));
#5607=CARTESIAN_POINT('Origin',(51.2975850846872,48.3314438041177,17.5));
#5608=CARTESIAN_POINT('Origin',(62.8000039323019,36.0147172354838,15.));
#5609=CARTESIAN_POINT('',(63.8000039323019,36.0147172354838,15.));
#5610=CARTESIAN_POINT('Origin',(62.8000039323019,36.0147172354838,15.));
#5611=CARTESIAN_POINT('',(63.8000039323019,36.0147172354838,17.5));
#5612=CARTESIAN_POINT('',(63.8000039323019,36.0147172354838,15.));
#5613=CARTESIAN_POINT('Origin',(62.8000039323019,36.0147172354838,17.5));
#5614=CARTESIAN_POINT('Origin',(64.6313656490293,38.6149091974948,15.));
#5615=CARTESIAN_POINT('',(65.6313656490293,38.6149091974948,15.));
#5616=CARTESIAN_POINT('Origin',(64.6313656490293,38.6149091974948,15.));
#5617=CARTESIAN_POINT('',(65.6313656490293,38.6149091974948,17.5));
#5618=CARTESIAN_POINT('',(65.6313656490293,38.6149091974948,15.));
#5619=CARTESIAN_POINT('Origin',(64.6313656490293,38.6149091974948,17.5));
#5620=CARTESIAN_POINT('Origin',(68.7999960676981,52.9852827645162,15.));
#5621=CARTESIAN_POINT('',(69.7999960676981,52.9852827645162,15.));
#5622=CARTESIAN_POINT('Origin',(68.7999960676981,52.9852827645162,15.));
#5623=CARTESIAN_POINT('',(69.7999960676981,52.9852827645162,17.5));
#5624=CARTESIAN_POINT('',(69.7999960676981,52.9852827645162,15.));
#5625=CARTESIAN_POINT('Origin',(68.7999960676981,52.9852827645162,17.5));
#5626=CARTESIAN_POINT('Origin',(61.866920209882,58.9751816349421,15.));
#5627=CARTESIAN_POINT('',(62.866920209882,58.9751816349421,15.));
#5628=CARTESIAN_POINT('Origin',(61.866920209882,58.9751816349421,15.));
#5629=CARTESIAN_POINT('',(62.866920209882,58.9751816349421,17.5));
#5630=CARTESIAN_POINT('',(62.866920209882,58.9751816349421,15.));
#5631=CARTESIAN_POINT('Origin',(61.866920209882,58.9751816349421,17.5));
#5632=CARTESIAN_POINT('Origin',(61.9685561958823,29.9975850846872,15.));
#5633=CARTESIAN_POINT('',(62.9685561958823,29.9975850846872,15.));
#5634=CARTESIAN_POINT('Origin',(61.9685561958823,29.9975850846872,15.));
#5635=CARTESIAN_POINT('',(62.9685561958823,29.9975850846872,17.5));
#5636=CARTESIAN_POINT('',(62.9685561958823,29.9975850846872,15.));
#5637=CARTESIAN_POINT('Origin',(61.9685561958823,29.9975850846872,17.5));
#5638=CARTESIAN_POINT('Origin',(65.8,44.5,15.));
#5639=CARTESIAN_POINT('',(66.8,44.5,15.));
#5640=CARTESIAN_POINT('Origin',(65.8,44.5,15.));
#5641=CARTESIAN_POINT('',(66.8,44.5,17.5));
#5642=CARTESIAN_POINT('',(66.8,44.5,15.));
#5643=CARTESIAN_POINT('Origin',(65.8,44.5,17.5));
#5644=CARTESIAN_POINT('Origin',(61.2876790369377,48.4546124369284,15.));
#5645=CARTESIAN_POINT('',(62.2876790369377,48.4546124369284,15.));
#5646=CARTESIAN_POINT('Origin',(61.2876790369377,48.4546124369284,15.));
#5647=CARTESIAN_POINT('',(62.2876790369377,48.4546124369284,17.5));
#5648=CARTESIAN_POINT('',(62.2876790369377,48.4546124369284,15.));
#5649=CARTESIAN_POINT('Origin',(61.2876790369377,48.4546124369284,17.5));
#5650=CARTESIAN_POINT('Origin',(59.4923074919643,34.2915223846026,15.));
#5651=CARTESIAN_POINT('',(60.4923074919643,34.2915223846026,15.));
#5652=CARTESIAN_POINT('Origin',(59.4923074919643,34.2915223846026,15.));
#5653=CARTESIAN_POINT('',(60.4923074919643,34.2915223846026,17.5));
#5654=CARTESIAN_POINT('',(60.4923074919643,34.2915223846026,15.));
#5655=CARTESIAN_POINT('Origin',(59.4923074919643,34.2915223846026,17.5));
#5656=CARTESIAN_POINT('Origin',(66.9686343509707,50.3850908025052,15.));
#5657=CARTESIAN_POINT('',(67.9686343509707,50.3850908025052,15.));
#5658=CARTESIAN_POINT('Origin',(66.9686343509707,50.3850908025052,15.));
#5659=CARTESIAN_POINT('',(67.9686343509707,50.3850908025052,17.5));
#5660=CARTESIAN_POINT('',(67.9686343509707,50.3850908025052,15.));
#5661=CARTESIAN_POINT('Origin',(66.9686343509707,50.3850908025052,17.5));
#5662=CARTESIAN_POINT('Origin',(74.6773161031602,43.0190345025716,15.));
#5663=CARTESIAN_POINT('',(75.6773161031602,43.0190345025716,15.));
#5664=CARTESIAN_POINT('Origin',(74.6773161031602,43.0190345025716,15.));
#5665=CARTESIAN_POINT('',(75.6773161031602,43.0190345025716,17.5));
#5666=CARTESIAN_POINT('',(75.6773161031602,43.0190345025716,15.));
#5667=CARTESIAN_POINT('Origin',(74.6773161031602,43.0190345025716,17.5));
#5668=CARTESIAN_POINT('Origin',(69.7546124369284,49.0123209630623,15.));
#5669=CARTESIAN_POINT('',(70.7546124369284,49.0123209630623,15.));
#5670=CARTESIAN_POINT('Origin',(69.7546124369284,49.0123209630623,15.));
#5671=CARTESIAN_POINT('',(70.7546124369284,49.0123209630623,17.5));
#5672=CARTESIAN_POINT('',(70.7546124369284,49.0123209630623,15.));
#5673=CARTESIAN_POINT('Origin',(69.7546124369284,49.0123209630623,17.5));
#5674=CARTESIAN_POINT('Origin',(71.480955314033,46.4304783655768,15.));
#5675=CARTESIAN_POINT('',(72.480955314033,46.4304783655768,15.));
#5676=CARTESIAN_POINT('Origin',(71.480955314033,46.4304783655768,15.));
#5677=CARTESIAN_POINT('',(72.480955314033,46.4304783655768,17.5));
#5678=CARTESIAN_POINT('',(72.480955314033,46.4304783655768,15.));
#5679=CARTESIAN_POINT('Origin',(71.480955314033,46.4304783655768,17.5));
#5680=CARTESIAN_POINT('Origin',(70.3123209630623,40.5453875630716,15.));
#5681=CARTESIAN_POINT('',(71.3123209630623,40.5453875630716,15.));
#5682=CARTESIAN_POINT('Origin',(70.3123209630623,40.5453875630716,15.));
#5683=CARTESIAN_POINT('',(71.3123209630623,40.5453875630716,17.5));
#5684=CARTESIAN_POINT('',(71.3123209630623,40.5453875630716,15.));
#5685=CARTESIAN_POINT('Origin',(70.3123209630623,40.5453875630716,17.5));
#5686=CARTESIAN_POINT('Origin',(67.5184182471463,56.3763226096244,15.));
#5687=CARTESIAN_POINT('',(68.5184182471463,56.3763226096244,15.));
#5688=CARTESIAN_POINT('Origin',(67.5184182471463,56.3763226096244,15.));
#5689=CARTESIAN_POINT('',(68.5184182471463,56.3763226096244,17.5));
#5690=CARTESIAN_POINT('',(68.5184182471463,56.3763226096244,15.));
#5691=CARTESIAN_POINT('Origin',(67.5184182471463,56.3763226096244,17.5));
#5692=CARTESIAN_POINT('Origin',(70.6588881303669,55.4722926563494,15.));
#5693=CARTESIAN_POINT('',(71.6588881303669,55.4722926563494,15.));
#5694=CARTESIAN_POINT('Origin',(70.6588881303669,55.4722926563494,15.));
#5695=CARTESIAN_POINT('',(71.6588881303669,55.4722926563494,17.5));
#5696=CARTESIAN_POINT('',(71.6588881303669,55.4722926563494,15.));
#5697=CARTESIAN_POINT('Origin',(70.6588881303669,55.4722926563494,17.5));
#5698=CARTESIAN_POINT('Origin',(63.2477893092605,42.923224622822,15.));
#5699=CARTESIAN_POINT('',(64.2477893092605,42.923224622822,15.));
#5700=CARTESIAN_POINT('Origin',(63.2477893092605,42.923224622822,15.));
#5701=CARTESIAN_POINT('',(64.2477893092605,42.923224622822,17.5));
#5702=CARTESIAN_POINT('',(64.2477893092605,42.923224622822,15.));
#5703=CARTESIAN_POINT('Origin',(63.2477893092605,42.923224622822,17.5));
#5704=CARTESIAN_POINT('Origin',(77.5313671520985,41.9751188656368,15.));
#5705=CARTESIAN_POINT('',(78.5313671520985,41.9751188656368,15.));
#5706=CARTESIAN_POINT('Origin',(77.5313671520985,41.9751188656368,15.));
#5707=CARTESIAN_POINT('',(78.5313671520985,41.9751188656368,17.5));
#5708=CARTESIAN_POINT('',(78.5313671520985,41.9751188656368,15.));
#5709=CARTESIAN_POINT('Origin',(77.5313671520985,41.9751188656368,17.5));
#5710=CARTESIAN_POINT('Origin',(65.8894221873282,41.5013330174203,15.));
#5711=CARTESIAN_POINT('',(66.8894221873282,41.5013330174203,15.));
#5712=CARTESIAN_POINT('Origin',(65.8894221873282,41.5013330174203,15.));
#5713=CARTESIAN_POINT('',(66.8894221873282,41.5013330174203,17.5));
#5714=CARTESIAN_POINT('',(66.8894221873282,41.5013330174203,15.));
#5715=CARTESIAN_POINT('Origin',(65.8894221873282,41.5013330174203,17.5));
#5716=CARTESIAN_POINT('Origin',(76.4151314573733,38.9036633283296,15.));
#5717=CARTESIAN_POINT('',(77.4151314573733,38.9036633283296,15.));
#5718=CARTESIAN_POINT('Origin',(76.4151314573733,38.9036633283296,15.));
#5719=CARTESIAN_POINT('',(77.4151314573733,38.9036633283296,17.5));
#5720=CARTESIAN_POINT('',(77.4151314573733,38.9036633283296,15.));
#5721=CARTESIAN_POINT('Origin',(76.4151314573733,38.9036633283296,17.5));
#5722=CARTESIAN_POINT('Origin',(62.4804281398012,32.9682853545114,15.));
#5723=CARTESIAN_POINT('',(63.4804281398012,32.9682853545114,15.));
#5724=CARTESIAN_POINT('Origin',(62.4804281398012,32.9682853545114,15.));
#5725=CARTESIAN_POINT('',(63.4804281398012,32.9682853545114,17.5));
#5726=CARTESIAN_POINT('',(63.4804281398012,32.9682853545114,15.));
#5727=CARTESIAN_POINT('Origin',(62.4804281398012,32.9682853545114,17.5));
#5728=CARTESIAN_POINT('Origin',(52.8360041741745,36.9544839654282,15.));
#5729=CARTESIAN_POINT('',(53.8360041741746,36.9544839654282,15.));
#5730=CARTESIAN_POINT('Origin',(52.8360041741745,36.9544839654282,15.));
#5731=CARTESIAN_POINT('',(53.8360041741746,36.9544839654282,17.5));
#5732=CARTESIAN_POINT('',(53.8360041741746,36.9544839654282,15.));
#5733=CARTESIAN_POINT('Origin',(52.8360041741745,36.9544839654282,17.5));
#5734=CARTESIAN_POINT('Origin',(67.7304783655768,38.819044685967,15.));
#5735=CARTESIAN_POINT('',(68.7304783655768,38.819044685967,15.));
#5736=CARTESIAN_POINT('Origin',(67.7304783655768,38.819044685967,15.));
#5737=CARTESIAN_POINT('',(68.7304783655768,38.819044685967,17.5));
#5738=CARTESIAN_POINT('',(68.7304783655768,38.819044685967,15.));
#5739=CARTESIAN_POINT('Origin',(67.7304783655768,38.819044685967,17.5));
#5740=CARTESIAN_POINT('Origin',(54.0339420703229,42.1420600526134,15.));
#5741=CARTESIAN_POINT('',(55.0339420703229,42.1420600526134,15.));
#5742=CARTESIAN_POINT('Origin',(54.0339420703229,42.1420600526134,15.));
#5743=CARTESIAN_POINT('',(55.0339420703229,42.1420600526134,17.5));
#5744=CARTESIAN_POINT('',(55.0339420703229,42.1420600526134,15.));
#5745=CARTESIAN_POINT('Origin',(54.0339420703229,42.1420600526134,17.5));
#5746=CARTESIAN_POINT('Origin',(74.6484684662143,46.1445685763782,15.));
#5747=CARTESIAN_POINT('',(75.6484684662143,46.1445685763782,15.));
#5748=CARTESIAN_POINT('Origin',(74.6484684662143,46.1445685763782,15.));
#5749=CARTESIAN_POINT('',(75.6484684662143,46.1445685763782,17.5));
#5750=CARTESIAN_POINT('',(75.6484684662143,46.1445685763782,15.));
#5751=CARTESIAN_POINT('Origin',(74.6484684662143,46.1445685763782,17.5));
#5752=CARTESIAN_POINT('Origin',(56.9719995416752,36.3718754987502,15.));
#5753=CARTESIAN_POINT('',(57.9719995416752,36.3718754987502,15.));
#5754=CARTESIAN_POINT('Origin',(56.9719995416752,36.3718754987502,15.));
#5755=CARTESIAN_POINT('',(57.9719995416752,36.3718754987502,17.5));
#5756=CARTESIAN_POINT('',(57.9719995416752,36.3718754987502,15.));
#5757=CARTESIAN_POINT('Origin',(56.9719995416752,36.3718754987502,17.5));
#5758=CARTESIAN_POINT('Origin',(62.6438956913211,52.9284640114756,15.));
#5759=CARTESIAN_POINT('',(63.6438956913211,52.9284640114756,15.));
#5760=CARTESIAN_POINT('Origin',(62.6438956913211,52.9284640114756,15.));
#5761=CARTESIAN_POINT('',(63.6438956913211,52.9284640114756,17.5));
#5762=CARTESIAN_POINT('',(63.6438956913211,52.9284640114756,15.));
#5763=CARTESIAN_POINT('Origin',(62.6438956913211,52.9284640114756,17.5));
#5764=CARTESIAN_POINT('Origin',(63.8695216344232,50.180955314033,15.));
#5765=CARTESIAN_POINT('',(64.8695216344232,50.180955314033,15.));
#5766=CARTESIAN_POINT('Origin',(63.8695216344232,50.180955314033,15.));
#5767=CARTESIAN_POINT('',(64.8695216344232,50.180955314033,17.5));
#5768=CARTESIAN_POINT('',(64.8695216344232,50.180955314033,15.));
#5769=CARTESIAN_POINT('Origin',(63.8695216344232,50.180955314033,17.5));
#5770=CARTESIAN_POINT('Origin',(65.8526106576893,29.5000922629938,15.));
#5771=CARTESIAN_POINT('',(66.8526106576893,29.5000922629938,15.));
#5772=CARTESIAN_POINT('Origin',(65.8526106576893,29.5000922629938,15.));
#5773=CARTESIAN_POINT('',(66.8526106576893,29.5000922629938,17.5));
#5774=CARTESIAN_POINT('',(66.8526106576893,29.5000922629938,15.));
#5775=CARTESIAN_POINT('Origin',(65.8526106576893,29.5000922629938,17.5));
#5776=CARTESIAN_POINT('Origin',(53.8340948311912,45.4039433008068,15.));
#5777=CARTESIAN_POINT('',(54.8340948311911,45.4039433008068,15.));
#5778=CARTESIAN_POINT('Origin',(53.8340948311912,45.4039433008068,15.));
#5779=CARTESIAN_POINT('',(54.8340948311911,45.4039433008068,17.5));
#5780=CARTESIAN_POINT('',(54.8340948311911,45.4039433008068,15.));
#5781=CARTESIAN_POINT('Origin',(53.8340948311912,45.4039433008068,17.5));
#5782=CARTESIAN_POINT('Origin',(74.5116200234499,36.2472624804234,15.));
#5783=CARTESIAN_POINT('',(75.5116200234499,36.2472624804234,15.));
#5784=CARTESIAN_POINT('Origin',(74.5116200234499,36.2472624804234,15.));
#5785=CARTESIAN_POINT('',(75.5116200234499,36.2472624804234,17.5));
#5786=CARTESIAN_POINT('',(75.5116200234499,36.2472624804234,15.));
#5787=CARTESIAN_POINT('Origin',(74.5116200234499,36.2472624804234,17.5));
#5788=CARTESIAN_POINT('Origin',(56.9515315337857,42.8554314236219,15.));
#5789=CARTESIAN_POINT('',(57.9515315337857,42.8554314236219,15.));
#5790=CARTESIAN_POINT('Origin',(56.9515315337857,42.8554314236219,15.));
#5791=CARTESIAN_POINT('',(57.9515315337857,42.8554314236219,17.5));
#5792=CARTESIAN_POINT('',(57.9515315337857,42.8554314236219,15.));
#5793=CARTESIAN_POINT('Origin',(56.9515315337857,42.8554314236219,17.5));
#5794=CARTESIAN_POINT('Origin',(71.5212117944813,51.4474985140472,15.));
#5795=CARTESIAN_POINT('',(72.5212117944813,51.4474985140472,15.));
#5796=CARTESIAN_POINT('Origin',(71.5212117944813,51.4474985140472,15.));
#5797=CARTESIAN_POINT('',(72.5212117944813,51.4474985140472,17.5));
#5798=CARTESIAN_POINT('',(72.5212117944813,51.4474985140472,15.));
#5799=CARTESIAN_POINT('Origin',(71.5212117944813,51.4474985140472,17.5));
#5800=CARTESIAN_POINT('Origin',(55.1562621691756,55.0693351251948,15.));
#5801=CARTESIAN_POINT('',(56.1562621691756,55.0693351251948,15.));
#5802=CARTESIAN_POINT('Origin',(55.1562621691756,55.0693351251948,15.));
#5803=CARTESIAN_POINT('',(56.1562621691756,55.0693351251948,17.5));
#5804=CARTESIAN_POINT('',(56.1562621691756,55.0693351251948,15.));
#5805=CARTESIAN_POINT('Origin',(55.1562621691756,55.0693351251948,17.5));
#5806=CARTESIAN_POINT('Origin',(80.3024149153128,40.6685561958823,15.));
#5807=CARTESIAN_POINT('',(81.3024149153128,40.6685561958823,15.));
#5808=CARTESIAN_POINT('Origin',(80.3024149153128,40.6685561958823,15.));
#5809=CARTESIAN_POINT('',(81.3024149153128,40.6685561958823,17.5));
#5810=CARTESIAN_POINT('',(81.3024149153128,40.6685561958823,15.));
#5811=CARTESIAN_POINT('Origin',(80.3024149153128,40.6685561958823,17.5));
#5812=CARTESIAN_POINT('Origin',(78.7639958258254,52.0455160345718,15.));
#5813=CARTESIAN_POINT('',(79.7639958258255,52.0455160345718,15.));
#5814=CARTESIAN_POINT('Origin',(78.7639958258254,52.0455160345718,15.));
#5815=CARTESIAN_POINT('',(79.7639958258255,52.0455160345718,17.5));
#5816=CARTESIAN_POINT('',(79.7639958258255,52.0455160345718,15.));
#5817=CARTESIAN_POINT('Origin',(78.7639958258254,52.0455160345718,17.5));
#5818=CARTESIAN_POINT('Origin',(73.2543917024344,57.5166064835147,15.));
#5819=CARTESIAN_POINT('',(74.2543917024344,57.5166064835147,15.));
#5820=CARTESIAN_POINT('Origin',(73.2543917024344,57.5166064835147,15.));
#5821=CARTESIAN_POINT('',(74.2543917024344,57.5166064835147,17.5));
#5822=CARTESIAN_POINT('',(74.2543917024344,57.5166064835147,15.));
#5823=CARTESIAN_POINT('Origin',(73.2543917024344,57.5166064835147,17.5));
#5824=CARTESIAN_POINT('Origin',(56.9226838968398,45.9809654974284,15.));
#5825=CARTESIAN_POINT('',(57.9226838968398,45.9809654974284,15.));
#5826=CARTESIAN_POINT('Origin',(56.9226838968398,45.9809654974284,15.));
#5827=CARTESIAN_POINT('',(57.9226838968398,45.9809654974284,17.5));
#5828=CARTESIAN_POINT('',(57.9226838968398,45.9809654974284,15.));
#5829=CARTESIAN_POINT('Origin',(56.9226838968398,45.9809654974284,17.5));
#5830=CARTESIAN_POINT('Origin',(69.6314438041177,59.0024149153128,15.));
#5831=CARTESIAN_POINT('',(70.6314438041177,59.0024149153128,15.));
#5832=CARTESIAN_POINT('Origin',(69.6314438041177,59.0024149153128,15.));
#5833=CARTESIAN_POINT('',(70.6314438041177,59.0024149153128,17.5));
#5834=CARTESIAN_POINT('',(70.6314438041177,59.0024149153128,15.));
#5835=CARTESIAN_POINT('Origin',(69.6314438041177,59.0024149153128,17.5));
#5836=CARTESIAN_POINT('Origin',(56.0457728616479,51.4896389701783,15.));
#5837=CARTESIAN_POINT('',(57.0457728616479,51.4896389701783,15.));
#5838=CARTESIAN_POINT('Origin',(56.0457728616479,51.4896389701783,15.));
#5839=CARTESIAN_POINT('',(57.0457728616479,51.4896389701783,17.5));
#5840=CARTESIAN_POINT('',(57.0457728616479,51.4896389701783,15.));
#5841=CARTESIAN_POINT('Origin',(56.0457728616479,51.4896389701783,17.5));
#5842=CARTESIAN_POINT('Origin',(78.8166064835147,37.0456082975656,15.));
#5843=CARTESIAN_POINT('',(79.8166064835147,37.0456082975656,15.));
#5844=CARTESIAN_POINT('Origin',(78.8166064835147,37.0456082975656,15.));
#5845=CARTESIAN_POINT('',(79.8166064835147,37.0456082975656,17.5));
#5846=CARTESIAN_POINT('',(79.8166064835147,37.0456082975656,15.));
#5847=CARTESIAN_POINT('Origin',(78.8166064835147,37.0456082975656,17.5));
#5848=CARTESIAN_POINT('Origin',(65.7473893423107,59.4999077370062,15.));
#5849=CARTESIAN_POINT('',(66.7473893423107,59.4999077370062,15.));
#5850=CARTESIAN_POINT('Origin',(65.7473893423107,59.4999077370062,15.));
#5851=CARTESIAN_POINT('',(66.7473893423107,59.4999077370062,17.5));
#5852=CARTESIAN_POINT('',(66.7473893423107,59.4999077370062,15.));
#5853=CARTESIAN_POINT('Origin',(65.7473893423107,59.4999077370062,17.5));
#5854=CARTESIAN_POINT('Origin',(50.8000922629938,44.4473893423107,15.));
#5855=CARTESIAN_POINT('',(51.8000922629938,44.4473893423107,15.));
#5856=CARTESIAN_POINT('Origin',(50.8000922629938,44.4473893423107,15.));
#5857=CARTESIAN_POINT('',(51.8000922629938,44.4473893423107,17.5));
#5858=CARTESIAN_POINT('',(51.8000922629938,44.4473893423107,15.));
#5859=CARTESIAN_POINT('Origin',(50.8000922629938,44.4473893423107,17.5));
#5860=CARTESIAN_POINT('Origin',(61.8453875630716,39.9876790369377,15.));
#5861=CARTESIAN_POINT('',(62.8453875630716,39.9876790369377,15.));
#5862=CARTESIAN_POINT('Origin',(61.8453875630716,39.9876790369377,15.));
#5863=CARTESIAN_POINT('',(62.8453875630716,39.9876790369377,17.5));
#5864=CARTESIAN_POINT('',(62.8453875630716,39.9876790369377,15.));
#5865=CARTESIAN_POINT('Origin',(61.8453875630716,39.9876790369377,17.5));
#5866=CARTESIAN_POINT('Origin',(60.119044685967,42.5695216344232,15.));
#5867=CARTESIAN_POINT('',(61.119044685967,42.5695216344232,15.));
#5868=CARTESIAN_POINT('Origin',(60.119044685967,42.5695216344232,15.));
#5869=CARTESIAN_POINT('',(61.119044685967,42.5695216344232,17.5));
#5870=CARTESIAN_POINT('',(61.119044685967,42.5695216344232,15.));
#5871=CARTESIAN_POINT('Origin',(60.119044685967,42.5695216344232,17.5));
#5872=CARTESIAN_POINT('Origin',(60.0787882055187,37.5525014859528,15.));
#5873=CARTESIAN_POINT('',(61.0787882055187,37.5525014859528,15.));
#5874=CARTESIAN_POINT('Origin',(60.0787882055187,37.5525014859528,15.));
#5875=CARTESIAN_POINT('',(61.0787882055187,37.5525014859528,17.5));
#5876=CARTESIAN_POINT('',(61.0787882055187,37.5525014859528,15.));
#5877=CARTESIAN_POINT('Origin',(60.0787882055187,37.5525014859528,17.5));
#5878=CARTESIAN_POINT('Origin',(58.2544839654282,57.4639958258255,15.));
#5879=CARTESIAN_POINT('',(59.2544839654282,57.4639958258255,15.));
#5880=CARTESIAN_POINT('Origin',(58.2544839654282,57.4639958258255,15.));
#5881=CARTESIAN_POINT('',(59.2544839654282,57.4639958258255,17.5));
#5882=CARTESIAN_POINT('',(59.2544839654282,57.4639958258255,15.));
#5883=CARTESIAN_POINT('Origin',(58.2544839654282,57.4639958258255,17.5));
#5884=CARTESIAN_POINT('Origin',(59.9149091974948,45.6686343509707,15.));
#5885=CARTESIAN_POINT('',(60.9149091974948,45.6686343509707,15.));
#5886=CARTESIAN_POINT('Origin',(59.9149091974948,45.6686343509707,15.));
#5887=CARTESIAN_POINT('',(60.9149091974948,45.6686343509707,17.5));
#5888=CARTESIAN_POINT('',(60.9149091974948,45.6686343509707,15.));
#5889=CARTESIAN_POINT('Origin',(59.9149091974948,45.6686343509707,17.5));
#5890=CARTESIAN_POINT('Origin',(57.9645715971673,48.9278732755221,15.));
#5891=CARTESIAN_POINT('',(58.9645715971673,48.9278732755221,15.));
#5892=CARTESIAN_POINT('Origin',(57.9645715971673,48.9278732755221,15.));
#5893=CARTESIAN_POINT('',(58.9645715971673,48.9278732755221,17.5));
#5894=CARTESIAN_POINT('',(58.9645715971673,48.9278732755221,15.));
#5895=CARTESIAN_POINT('Origin',(57.9645715971673,48.9278732755221,17.5));
#5896=CARTESIAN_POINT('Origin',(63.1583671219323,45.9218916054017,15.));
#5897=CARTESIAN_POINT('',(64.1583671219323,45.9218916054017,15.));
#5898=CARTESIAN_POINT('Origin',(63.1583671219323,45.9218916054017,15.));
#5899=CARTESIAN_POINT('',(64.1583671219323,45.9218916054017,17.5));
#5900=CARTESIAN_POINT('',(64.1583671219323,45.9218916054017,15.));
#5901=CARTESIAN_POINT('Origin',(63.1583671219323,45.9218916054017,17.5));
#5902=CARTESIAN_POINT('Origin',(71.6484723985163,37.6592858118619,15.));
#5903=CARTESIAN_POINT('',(72.6484723985162,37.6592858118619,15.));
#5904=CARTESIAN_POINT('Origin',(71.6484723985163,37.6592858118619,15.));
#5905=CARTESIAN_POINT('',(72.6484723985162,37.6592858118619,17.5));
#5906=CARTESIAN_POINT('',(72.6484723985162,37.6592858118619,15.));
#5907=CARTESIAN_POINT('Origin',(71.6484723985163,37.6592858118619,17.5));
#5908=CARTESIAN_POINT('Origin',(55.1064239999653,39.05505442346,15.));
#5909=CARTESIAN_POINT('',(56.1064239999653,39.05505442346,15.));
#5910=CARTESIAN_POINT('Origin',(55.1064239999653,39.05505442346,15.));
#5911=CARTESIAN_POINT('',(56.1064239999653,39.05505442346,17.5));
#5912=CARTESIAN_POINT('',(56.1064239999653,39.05505442346,15.));
#5913=CARTESIAN_POINT('Origin',(55.1064239999653,39.05505442346,17.5));
#5914=CARTESIAN_POINT('Origin',(73.5523649427567,49.0717434086262,15.));
#5915=CARTESIAN_POINT('',(74.5523649427567,49.0717434086262,15.));
#5916=CARTESIAN_POINT('Origin',(73.5523649427567,49.0717434086262,15.));
#5917=CARTESIAN_POINT('',(74.5523649427567,49.0717434086262,17.5));
#5918=CARTESIAN_POINT('',(74.5523649427567,49.0717434086262,15.));
#5919=CARTESIAN_POINT('Origin',(73.5523649427567,49.0717434086262,17.5));
#5920=CARTESIAN_POINT('Origin',(55.2306648748052,33.8562621691756,15.));
#5921=CARTESIAN_POINT('',(56.2306648748052,33.8562621691756,15.));
#5922=CARTESIAN_POINT('Origin',(55.2306648748052,33.8562621691756,15.));
#5923=CARTESIAN_POINT('',(56.2306648748052,33.8562621691756,17.5));
#5924=CARTESIAN_POINT('',(56.2306648748052,33.8562621691756,15.));
#5925=CARTESIAN_POINT('Origin',(55.2306648748052,33.8562621691756,17.5));
#5926=CARTESIAN_POINT('Origin',(65.7147462464783,32.5003028455919,15.));
#5927=CARTESIAN_POINT('',(66.7147462464783,32.5003028455919,15.));
#5928=CARTESIAN_POINT('Origin',(65.7147462464783,32.5003028455919,15.));
#5929=CARTESIAN_POINT('',(66.7147462464783,32.5003028455919,17.5));
#5930=CARTESIAN_POINT('',(66.7147462464783,32.5003028455919,15.));
#5931=CARTESIAN_POINT('Origin',(65.7147462464783,32.5003028455919,17.5));
#5932=CARTESIAN_POINT('Origin',(58.3456082975656,31.4833935164853,15.));
#5933=CARTESIAN_POINT('',(59.3456082975656,31.4833935164853,15.));
#5934=CARTESIAN_POINT('Origin',(58.3456082975656,31.4833935164853,15.));
#5935=CARTESIAN_POINT('',(59.3456082975656,31.4833935164853,17.5));
#5936=CARTESIAN_POINT('',(59.3456082975656,31.4833935164853,15.));
#5937=CARTESIAN_POINT('Origin',(58.3456082975656,31.4833935164853,17.5));
#5938=CARTESIAN_POINT('Origin',(77.1353954497746,48.43812264883,15.));
#5939=CARTESIAN_POINT('',(78.1353954497746,48.43812264883,15.));
#5940=CARTESIAN_POINT('Origin',(77.1353954497746,48.43812264883,15.));
#5941=CARTESIAN_POINT('',(78.1353954497746,48.43812264883,17.5));
#5942=CARTESIAN_POINT('',(78.1353954497746,48.43812264883,15.));
#5943=CARTESIAN_POINT('Origin',(77.1353954497746,48.43812264883,17.5));
#5944=CARTESIAN_POINT('Origin',(77.7775410125863,45.2338332861171,15.));
#5945=CARTESIAN_POINT('',(78.7775410125863,45.2338332861171,15.));
#5946=CARTESIAN_POINT('Origin',(77.7775410125863,45.2338332861171,15.));
#5947=CARTESIAN_POINT('',(78.7775410125863,45.2338332861171,17.5));
#5948=CARTESIAN_POINT('',(78.7775410125863,45.2338332861171,15.));
#5949=CARTESIAN_POINT('Origin',(77.7775410125863,45.2338332861171,17.5));
#5950=CARTESIAN_POINT('Origin',(73.3455160345718,31.5360041741746,15.));
#5951=CARTESIAN_POINT('',(74.3455160345718,31.5360041741746,15.));
#5952=CARTESIAN_POINT('Origin',(73.3455160345718,31.5360041741746,15.));
#5953=CARTESIAN_POINT('',(74.3455160345718,31.5360041741746,17.5));
#5954=CARTESIAN_POINT('',(74.3455160345718,31.5360041741746,15.));
#5955=CARTESIAN_POINT('Origin',(73.3455160345718,31.5360041741746,17.5));
#5956=CARTESIAN_POINT('Origin',(116.6,16.4626779764562,64.9337290077173));
#5957=CARTESIAN_POINT('',(116.6,16.4626779764562,64.9337290077173));
#5958=CARTESIAN_POINT('',(116.6,16.4626779764562,57.8063875894963));
#5959=CARTESIAN_POINT('',(116.6,16.4626779764562,84.7668645038586));
#5960=CARTESIAN_POINT('',(114.1,16.4626779764562,64.9337290077173));
#5961=CARTESIAN_POINT('',(116.6,16.4626779764562,64.9337290077173));
#5962=CARTESIAN_POINT('',(114.1,16.4626779764562,57.8063875894963));
#5963=CARTESIAN_POINT('',(114.1,16.4626779764562,45.9668645038586));
#5964=CARTESIAN_POINT('',(116.6,16.4626779764562,57.8063875894963));
#5965=CARTESIAN_POINT('Origin',(116.6,13.4626779764563,64.9337290077173));
#5966=CARTESIAN_POINT('',(116.6,13.4626779764562,67.9337290077172));
#5967=CARTESIAN_POINT('Origin',(116.6,13.4626779764563,64.9337290077173));
#5968=CARTESIAN_POINT('',(114.1,13.4626779764562,67.9337290077172));
#5969=CARTESIAN_POINT('',(116.6,13.4626779764562,67.9337290077172));
#5970=CARTESIAN_POINT('Origin',(114.1,13.4626779764563,64.9337290077173));
#5971=CARTESIAN_POINT('Origin',(116.6,12.0109596465468,67.9337290077172));
#5972=CARTESIAN_POINT('',(116.6,12.0109596465468,67.9337290077172));
#5973=CARTESIAN_POINT('',(116.6,6.00547982327342,67.9337290077172));
#5974=CARTESIAN_POINT('',(114.1,12.0109596465468,67.9337290077172));
#5975=CARTESIAN_POINT('',(116.6,12.0109596465468,67.9337290077172));
#5976=CARTESIAN_POINT('',(114.1,7.50547982327342,67.9337290077173));
#5977=CARTESIAN_POINT('Origin',(116.6,12.0109596465468,64.9337290077173));
#5978=CARTESIAN_POINT('',(116.6,9.01095964654685,64.9337290077173));
#5979=CARTESIAN_POINT('Origin',(116.6,12.0109596465468,64.9337290077173));
#5980=CARTESIAN_POINT('',(114.1,9.01095964654685,64.9337290077173));
#5981=CARTESIAN_POINT('',(116.6,9.01095964654685,64.9337290077173));
#5982=CARTESIAN_POINT('Origin',(114.1,12.0109596465468,64.9337290077173));
#5983=CARTESIAN_POINT('Origin',(116.6,9.01095964654685,57.8063875894963));
#5984=CARTESIAN_POINT('',(116.6,9.01095964654685,57.8063875894963));
#5985=CARTESIAN_POINT('',(116.6,9.01095964654686,81.2031937947481));
#5986=CARTESIAN_POINT('',(114.1,9.01095964654685,57.8063875894963));
#5987=CARTESIAN_POINT('',(116.6,9.01095964654685,57.8063875894963));
#5988=CARTESIAN_POINT('',(114.1,9.01095964654685,42.4031937947482));
#5989=CARTESIAN_POINT('Origin',(116.6,12.0109596465469,57.8063875894964));
#5990=CARTESIAN_POINT('',(116.6,12.0109596465469,54.8063875894963));
#5991=CARTESIAN_POINT('Origin',(116.6,12.0109596465469,57.8063875894964));
#5992=CARTESIAN_POINT('',(114.1,12.0109596465469,54.8063875894963));
#5993=CARTESIAN_POINT('',(116.6,12.0109596465469,54.8063875894963));
#5994=CARTESIAN_POINT('Origin',(114.1,12.0109596465469,57.8063875894964));
#5995=CARTESIAN_POINT('Origin',(116.6,13.4626779764562,54.8063875894964));
#5996=CARTESIAN_POINT('',(116.6,13.4626779764562,54.8063875894964));
#5997=CARTESIAN_POINT('',(116.6,6.73133898822811,54.8063875894964));
#5998=CARTESIAN_POINT('',(114.1,13.4626779764562,54.8063875894964));
#5999=CARTESIAN_POINT('',(116.6,13.4626779764562,54.8063875894964));
#6000=CARTESIAN_POINT('',(114.1,8.23133898822811,54.8063875894963));
#6001=CARTESIAN_POINT('Origin',(116.6,13.4626779764562,57.8063875894963));
#6002=CARTESIAN_POINT('Origin',(116.6,13.4626779764562,57.8063875894963));
#6003=CARTESIAN_POINT('Origin',(114.1,13.4626779764562,57.8063875894963));
#6004=CARTESIAN_POINT('Origin',(109.264405400928,3.,50.7626093444689));
#6005=CARTESIAN_POINT('',(110.764405400928,8.,50.7626093444689));
#6006=CARTESIAN_POINT('Origin',(109.264405400928,8.,50.7626093444689));
#6007=CARTESIAN_POINT('',(110.764405400928,3.,50.7626093444689));
#6008=CARTESIAN_POINT('',(110.764405400928,3.,50.7626093444689));
#6009=CARTESIAN_POINT('Origin',(109.264405400928,3.,50.7626093444689));
#6010=CARTESIAN_POINT('Origin',(109.264405400928,8.,50.7626093444689));
#6011=CARTESIAN_POINT('Origin',(109.038693232151,3.,80.7578433406534));
#6012=CARTESIAN_POINT('',(110.538693232151,8.,80.7578433406534));
#6013=CARTESIAN_POINT('Origin',(109.038693232151,8.,80.7578433406534));
#6014=CARTESIAN_POINT('',(110.538693232151,3.,80.7578433406534));
#6015=CARTESIAN_POINT('',(110.538693232151,3.,80.7578433406534));
#6016=CARTESIAN_POINT('Origin',(109.038693232151,3.,80.7578433406534));
#6017=CARTESIAN_POINT('Origin',(109.038693232151,8.,80.7578433406534));
#6018=CARTESIAN_POINT('Origin',(71.1173696506761,3.,80.0830011771917));
#6019=CARTESIAN_POINT('',(72.6173696506761,8.,80.0830011771917));
#6020=CARTESIAN_POINT('Origin',(71.1173696506761,8.,80.0830011771917));
#6021=CARTESIAN_POINT('',(72.6173696506761,3.,80.0830011771917));
#6022=CARTESIAN_POINT('',(72.6173696506761,3.,80.0830011771917));
#6023=CARTESIAN_POINT('Origin',(71.1173696506761,3.,80.0830011771917));
#6024=CARTESIAN_POINT('Origin',(71.1173696506761,8.,80.0830011771917));
#6025=CARTESIAN_POINT('Origin',(71.1173696506761,3.,51.4729999999999));
#6026=CARTESIAN_POINT('',(72.6173696506761,8.,51.4729999999999));
#6027=CARTESIAN_POINT('Origin',(71.1173696506761,8.,51.4729999999999));
#6028=CARTESIAN_POINT('',(72.6173696506761,3.,51.4729999999999));
#6029=CARTESIAN_POINT('',(72.6173696506761,3.,51.4729999999999));
#6030=CARTESIAN_POINT('Origin',(71.1173696506761,3.,51.4729999999999));
#6031=CARTESIAN_POINT('Origin',(71.1173696506761,8.,51.4729999999999));
#6032=CARTESIAN_POINT('Origin',(36.5694909499124,59.8,116.6));
#6033=CARTESIAN_POINT('',(36.5694909499124,65.1,118.6));
#6034=CARTESIAN_POINT('',(34.5694909499124,65.1,116.6));
#6035=CARTESIAN_POINT('Origin',(36.5694909499124,65.1,116.6));
#6036=CARTESIAN_POINT('',(34.5694909499124,43.9,116.6));
#6037=CARTESIAN_POINT('',(34.5694909499124,32.55,116.6));
#6038=CARTESIAN_POINT('',(36.5694909499124,43.9,118.6));
#6039=CARTESIAN_POINT('Origin',(36.5694909499124,43.9,116.6));
#6040=CARTESIAN_POINT('',(36.5694909499124,43.9,118.6));
#6041=CARTESIAN_POINT('Origin',(39.5694909499124,43.9,116.6));
#6042=CARTESIAN_POINT('',(39.5694909499124,38.9,116.6));
#6043=CARTESIAN_POINT('Origin',(39.5694909499124,43.9,116.6));
#6044=CARTESIAN_POINT('',(39.5694909499124,40.9,118.6));
#6045=CARTESIAN_POINT('Origin',(39.5694909499124,40.9,116.6));
#6046=CARTESIAN_POINT('Origin',(39.5694909499124,43.9,118.6));
#6047=CARTESIAN_POINT('Origin',(51.8194909499124,40.9,116.6));
#6048=CARTESIAN_POINT('',(88.5694909499124,38.9,116.6));
#6049=CARTESIAN_POINT('',(33.2847454749562,38.9,116.6));
#6050=CARTESIAN_POINT('',(88.5694909499124,40.9,118.6));
#6051=CARTESIAN_POINT('Origin',(88.5694909499124,40.9,116.6));
#6052=CARTESIAN_POINT('',(88.5694909499124,40.9,118.6));
#6053=CARTESIAN_POINT('Origin',(88.5694909499124,43.9,116.6));
#6054=CARTESIAN_POINT('',(93.5694909499124,43.9,116.6));
#6055=CARTESIAN_POINT('Origin',(88.5694909499124,43.9,116.6));
#6056=CARTESIAN_POINT('',(91.5694909499124,43.9,118.6));
#6057=CARTESIAN_POINT('Origin',(91.5694909499124,43.9,116.6));
#6058=CARTESIAN_POINT('Origin',(88.5694909499124,43.9,118.6));
#6059=CARTESIAN_POINT('Origin',(91.5694909499124,49.2,116.6));
#6060=CARTESIAN_POINT('',(93.5694909499124,65.1,116.6));
#6061=CARTESIAN_POINT('',(93.5694909499124,21.95,116.6));
#6062=CARTESIAN_POINT('',(91.5694909499124,65.1,118.6));
#6063=CARTESIAN_POINT('Origin',(91.5694909499124,65.1,116.6));
#6064=CARTESIAN_POINT('',(91.5694909499124,65.1,118.6));
#6065=CARTESIAN_POINT('Origin',(88.5694909499124,65.1,116.6));
#6066=CARTESIAN_POINT('',(88.5694909499124,70.1,116.6));
#6067=CARTESIAN_POINT('Origin',(88.5694909499124,65.1,116.6));
#6068=CARTESIAN_POINT('',(88.5694909499124,68.1,118.6));
#6069=CARTESIAN_POINT('Origin',(88.5694909499124,68.1,116.6));
#6070=CARTESIAN_POINT('Origin',(88.5694909499124,65.1,118.6));
#6071=CARTESIAN_POINT('Origin',(76.3194909499124,68.1,116.6));
#6072=CARTESIAN_POINT('',(39.5694909499124,70.1,116.6));
#6073=CARTESIAN_POINT('',(57.7847454749562,70.1,116.6));
#6074=CARTESIAN_POINT('',(39.5694909499124,68.1,118.6));
#6075=CARTESIAN_POINT('Origin',(39.5694909499124,68.1,116.6));
#6076=CARTESIAN_POINT('',(39.5694909499124,68.1,118.6));
#6077=CARTESIAN_POINT('Origin',(39.5694909499124,65.1,116.6));
#6078=CARTESIAN_POINT('Origin',(39.5694909499124,65.1,116.6));
#6079=CARTESIAN_POINT('Origin',(39.5694909499124,65.1,118.6));
#6080=CARTESIAN_POINT('Origin',(91.5694909499124,65.1,116.6));
#6081=CARTESIAN_POINT('',(91.5694909499124,65.1,114.1));
#6082=CARTESIAN_POINT('',(91.5694909499124,65.1,116.6));
#6083=CARTESIAN_POINT('',(91.5694909499124,43.9,114.1));
#6084=CARTESIAN_POINT('',(91.5694909499124,34.05,114.1));
#6085=CARTESIAN_POINT('',(91.5694909499124,43.9,116.6));
#6086=CARTESIAN_POINT('Origin',(88.5694909499124,65.1,116.6));
#6087=CARTESIAN_POINT('',(88.5694909499124,68.1,114.1));
#6088=CARTESIAN_POINT('',(88.5694909499124,68.1,116.6));
#6089=CARTESIAN_POINT('Origin',(88.5694909499124,65.1,114.1));
#6090=CARTESIAN_POINT('Origin',(39.5694909499124,68.1,116.6));
#6091=CARTESIAN_POINT('',(39.5694909499124,68.1,114.1));
#6092=CARTESIAN_POINT('',(39.5694909499124,68.1,116.6));
#6093=CARTESIAN_POINT('',(72.0847454749562,68.1,114.1));
#6094=CARTESIAN_POINT('Origin',(39.5694909499124,65.1,116.6));
#6095=CARTESIAN_POINT('',(36.5694909499124,65.1,114.1));
#6096=CARTESIAN_POINT('',(36.5694909499124,65.1,116.6));
#6097=CARTESIAN_POINT('Origin',(39.5694909499124,65.1,114.1));
#6098=CARTESIAN_POINT('Origin',(36.5694909499124,43.9,116.6));
#6099=CARTESIAN_POINT('',(36.5694909499124,43.9,114.1));
#6100=CARTESIAN_POINT('',(36.5694909499124,43.9,116.6));
#6101=CARTESIAN_POINT('',(36.5694909499124,23.45,114.1));
#6102=CARTESIAN_POINT('Origin',(39.5694909499124,43.9,116.6));
#6103=CARTESIAN_POINT('',(39.5694909499124,40.9,114.1));
#6104=CARTESIAN_POINT('',(39.5694909499124,40.9,116.6));
#6105=CARTESIAN_POINT('Origin',(39.5694909499124,43.9,114.1));
#6106=CARTESIAN_POINT('Origin',(88.5694909499124,40.9,116.6));
#6107=CARTESIAN_POINT('',(88.5694909499124,40.9,114.1));
#6108=CARTESIAN_POINT('',(88.5694909499124,40.9,116.6));
#6109=CARTESIAN_POINT('',(96.5847454749562,40.9,114.1));
#6110=CARTESIAN_POINT('Origin',(88.5694909499124,43.9,116.6));
#6111=CARTESIAN_POINT('Origin',(88.5694909499124,43.9,114.1));
#6112=CARTESIAN_POINT('Ctrl Pts',(24.,0.,104.6));
#6113=CARTESIAN_POINT('Ctrl Pts',(24.,0.,107.6));
#6114=CARTESIAN_POINT('Ctrl Pts',(27.,0.,107.6));
#6115=CARTESIAN_POINT('Ctrl Pts',(15.,-3.33066907387547E-15,104.6));
#6116=CARTESIAN_POINT('Ctrl Pts',(15.,-3.38819045145486E-15,116.6));
#6117=CARTESIAN_POINT('Ctrl Pts',(27.,-3.38819045145486E-15,116.6));
#6118=CARTESIAN_POINT('Ctrl Pts',(15.,9.,104.6));
#6119=CARTESIAN_POINT('Ctrl Pts',(15.,9.,116.6));
#6120=CARTESIAN_POINT('Ctrl Pts',(27.,9.,116.6));
#6121=CARTESIAN_POINT('',(15.,9.,104.6));
#6122=CARTESIAN_POINT('',(24.,0.,104.6));
#6123=CARTESIAN_POINT('Origin',(24.,9.,104.6));
#6124=CARTESIAN_POINT('',(27.,0.,107.6));
#6125=CARTESIAN_POINT('Origin',(27.,0.,104.6));
#6126=CARTESIAN_POINT('',(27.,9.,116.6));
#6127=CARTESIAN_POINT('Origin',(27.,9.,107.6));
#6128=CARTESIAN_POINT('Origin',(27.,9.,104.6));
#6129=CARTESIAN_POINT('Origin',(46.4,9.,107.6));
#6130=CARTESIAN_POINT('',(104.6,0.,107.6));
#6131=CARTESIAN_POINT('',(104.6,9.,116.6));
#6132=CARTESIAN_POINT('Origin',(104.6,9.,107.6));
#6133=CARTESIAN_POINT('',(46.4,9.,116.6));
#6134=CARTESIAN_POINT('',(46.4,0.,107.6));
#6135=CARTESIAN_POINT('Ctrl Pts',(104.6,0.,107.6));
#6136=CARTESIAN_POINT('Ctrl Pts',(107.6,0.,107.6));
#6137=CARTESIAN_POINT('Ctrl Pts',(107.6,0.,104.6));
#6138=CARTESIAN_POINT('Ctrl Pts',(104.6,-3.38819045145486E-15,116.6));
#6139=CARTESIAN_POINT('Ctrl Pts',(116.6,-3.38819045145486E-15,116.6));
#6140=CARTESIAN_POINT('Ctrl Pts',(116.6,-3.33066907387547E-15,104.6));
#6141=CARTESIAN_POINT('Ctrl Pts',(104.6,9.,116.6));
#6142=CARTESIAN_POINT('Ctrl Pts',(116.6,9.,116.6));
#6143=CARTESIAN_POINT('Ctrl Pts',(116.6,9.,104.6));
#6144=CARTESIAN_POINT('',(107.6,0.,104.6));
#6145=CARTESIAN_POINT('',(116.6,9.,104.6));
#6146=CARTESIAN_POINT('Origin',(107.6,9.,104.6));
#6147=CARTESIAN_POINT('Origin',(104.6,9.,104.6));
#6148=CARTESIAN_POINT('Origin',(104.6,0.,104.6));
#6149=CARTESIAN_POINT('Origin',(107.6,9.,85.2));
#6150=CARTESIAN_POINT('',(107.6,0.,27.));
#6151=CARTESIAN_POINT('',(116.6,9.,27.));
#6152=CARTESIAN_POINT('Origin',(107.6,9.,27.));
#6153=CARTESIAN_POINT('',(116.6,9.,85.2));
#6154=CARTESIAN_POINT('',(107.6,0.,85.2));
#6155=CARTESIAN_POINT('Ctrl Pts',(107.6,0.,27.));
#6156=CARTESIAN_POINT('Ctrl Pts',(107.6,0.,24.));
#6157=CARTESIAN_POINT('Ctrl Pts',(104.6,0.,24.));
#6158=CARTESIAN_POINT('Ctrl Pts',(116.6,-7.7715611723761E-15,27.));
#6159=CARTESIAN_POINT('Ctrl Pts',(116.6,-7.93608439972173E-15,15.));
#6160=CARTESIAN_POINT('Ctrl Pts',(104.6,-7.93608439972173E-15,15.));
#6161=CARTESIAN_POINT('Ctrl Pts',(116.6,9.,27.));
#6162=CARTESIAN_POINT('Ctrl Pts',(116.6,9.,15.));
#6163=CARTESIAN_POINT('Ctrl Pts',(104.6,9.,15.));
#6164=CARTESIAN_POINT('',(104.6,0.,24.));
#6165=CARTESIAN_POINT('',(104.6,9.,15.));
#6166=CARTESIAN_POINT('Origin',(104.6,9.,24.));
#6167=CARTESIAN_POINT('Origin',(104.6,9.,27.));
#6168=CARTESIAN_POINT('Origin',(104.6,0.,27.));
#6169=CARTESIAN_POINT('Origin',(85.2,9.,24.));
#6170=CARTESIAN_POINT('',(27.,0.,24.));
#6171=CARTESIAN_POINT('',(27.,9.,15.));
#6172=CARTESIAN_POINT('Origin',(27.,9.,24.));
#6173=CARTESIAN_POINT('',(85.2,9.,15.));
#6174=CARTESIAN_POINT('',(85.2,0.,24.));
#6175=CARTESIAN_POINT('Ctrl Pts',(27.,0.,24.));
#6176=CARTESIAN_POINT('Ctrl Pts',(24.,0.,24.));
#6177=CARTESIAN_POINT('Ctrl Pts',(24.,0.,27.));
#6178=CARTESIAN_POINT('Ctrl Pts',(27.,-3.27314769629608E-15,15.));
#6179=CARTESIAN_POINT('Ctrl Pts',(15.,-3.27314769629608E-15,15.));
#6180=CARTESIAN_POINT('Ctrl Pts',(15.,-3.33066907387547E-15,27.));
#6181=CARTESIAN_POINT('Ctrl Pts',(27.,9.,15.));
#6182=CARTESIAN_POINT('Ctrl Pts',(15.,9.,15.));
#6183=CARTESIAN_POINT('Ctrl Pts',(15.,9.,27.));
#6184=CARTESIAN_POINT('',(24.,0.,27.));
#6185=CARTESIAN_POINT('',(15.,9.,27.));
#6186=CARTESIAN_POINT('Origin',(24.,9.,27.));
#6187=CARTESIAN_POINT('Origin',(27.,9.,27.));
#6188=CARTESIAN_POINT('Origin',(27.,0.,27.));
#6189=CARTESIAN_POINT('Origin',(24.,9.,46.4));
#6190=CARTESIAN_POINT('',(24.,0.,46.4));
#6191=CARTESIAN_POINT('',(15.,9.,46.4));
#6192=CARTESIAN_POINT('Origin',(104.6,0.,15.));
#6193=CARTESIAN_POINT('',(27.,80.,15.));
#6194=CARTESIAN_POINT('',(27.,0.,15.));
#6195=CARTESIAN_POINT('',(104.6,80.,15.));
#6196=CARTESIAN_POINT('',(104.6,80.,15.));
#6197=CARTESIAN_POINT('',(104.6,0.,15.));
#6198=CARTESIAN_POINT('Origin',(27.,0.,27.));
#6199=CARTESIAN_POINT('',(15.,80.,27.));
#6200=CARTESIAN_POINT('',(15.,0.,27.));
#6201=CARTESIAN_POINT('Origin',(27.,80.,27.));
#6202=CARTESIAN_POINT('Origin',(15.,0.,27.));
#6203=CARTESIAN_POINT('',(15.,80.,104.6));
#6204=CARTESIAN_POINT('',(15.,0.,104.6));
#6205=CARTESIAN_POINT('',(15.,80.,27.));
#6206=CARTESIAN_POINT('Origin',(27.,0.,104.6));
#6207=CARTESIAN_POINT('',(27.,80.,116.6));
#6208=CARTESIAN_POINT('',(27.,0.,116.6));
#6209=CARTESIAN_POINT('Origin',(27.,80.,104.6));
#6210=CARTESIAN_POINT('Origin',(65.8,0.,65.8));
#6211=CARTESIAN_POINT('Origin',(65.8,80.,65.8));
#6212=CARTESIAN_POINT('',(116.6,80.,27.));
#6213=CARTESIAN_POINT('Origin',(104.6,80.,27.));
#6214=CARTESIAN_POINT('',(104.6,80.,116.6));
#6215=CARTESIAN_POINT('',(27.,80.,116.6));
#6216=CARTESIAN_POINT('',(116.6,80.,104.6));
#6217=CARTESIAN_POINT('Origin',(104.6,80.,104.6));
#6218=CARTESIAN_POINT('',(116.6,80.,104.6));
#6219=CARTESIAN_POINT('',(27.,80.,17.5));
#6220=CARTESIAN_POINT('',(104.6,80.,17.5));
#6221=CARTESIAN_POINT('',(104.6,80.,17.5));
#6222=CARTESIAN_POINT('',(104.6,80.,17.5));
#6223=CARTESIAN_POINT('',(114.1,80.,27.));
#6224=CARTESIAN_POINT('Origin',(104.6,80.,27.));
#6225=CARTESIAN_POINT('',(114.1,80.,104.6));
#6226=CARTESIAN_POINT('',(114.1,80.,104.6));
#6227=CARTESIAN_POINT('',(114.1,80.,104.6));
#6228=CARTESIAN_POINT('',(104.6,80.,114.1));
#6229=CARTESIAN_POINT('Origin',(104.6,80.,104.6));
#6230=CARTESIAN_POINT('',(27.,80.,114.1));
#6231=CARTESIAN_POINT('',(27.,80.,114.1));
#6232=CARTESIAN_POINT('',(17.5,80.,104.6));
#6233=CARTESIAN_POINT('Origin',(27.,80.,104.6));
#6234=CARTESIAN_POINT('',(17.5,80.,27.));
#6235=CARTESIAN_POINT('',(17.5,80.,27.));
#6236=CARTESIAN_POINT('',(17.5,80.,27.));
#6237=CARTESIAN_POINT('Origin',(27.,80.,27.));
#6238=CARTESIAN_POINT('Origin',(24.9,3.,24.64));
#6239=CARTESIAN_POINT('',(27.,3.,17.5));
#6240=CARTESIAN_POINT('',(17.5,3.,27.));
#6241=CARTESIAN_POINT('Origin',(27.,3.,27.));
#6242=CARTESIAN_POINT('',(17.5,3.,104.6));
#6243=CARTESIAN_POINT('',(17.5,3.,85.2));
#6244=CARTESIAN_POINT('',(27.,3.,114.1));
#6245=CARTESIAN_POINT('Origin',(27.,3.,104.6));
#6246=CARTESIAN_POINT('',(104.6,3.,114.1));
#6247=CARTESIAN_POINT('',(85.2,3.,114.1));
#6248=CARTESIAN_POINT('',(114.1,3.,104.6));
#6249=CARTESIAN_POINT('Origin',(104.6,3.,104.6));
#6250=CARTESIAN_POINT('',(114.1,3.,27.));
#6251=CARTESIAN_POINT('',(114.1,3.,46.4));
#6252=CARTESIAN_POINT('',(104.6,3.,17.5));
#6253=CARTESIAN_POINT('Origin',(104.6,3.,27.));
#6254=CARTESIAN_POINT('',(46.4,3.,17.5));
#6255=CARTESIAN_POINT('Origin',(27.,3.,27.));
#6256=CARTESIAN_POINT('',(27.,3.,17.5));
#6257=CARTESIAN_POINT('',(17.5,3.,27.));
#6258=CARTESIAN_POINT('Origin',(17.5,3.,104.6));
#6259=CARTESIAN_POINT('',(17.5,3.,104.6));
#6260=CARTESIAN_POINT('Origin',(27.,3.,104.6));
#6261=CARTESIAN_POINT('',(27.,3.,114.1));
#6262=CARTESIAN_POINT('Origin',(104.6,3.,114.1));
#6263=CARTESIAN_POINT('',(104.6,3.,114.1));
#6264=CARTESIAN_POINT('Origin',(104.6,3.,104.6));
#6265=CARTESIAN_POINT('',(114.1,3.,104.6));
#6266=CARTESIAN_POINT('Origin',(114.1,3.,27.));
#6267=CARTESIAN_POINT('',(114.1,3.,27.));
#6268=CARTESIAN_POINT('Origin',(104.6,3.,27.));
#6269=CARTESIAN_POINT('',(104.6,3.,17.5));
#6270=CARTESIAN_POINT('Origin',(27.,3.,17.5));
#6271=CARTESIAN_POINT('Origin',(27.,0.,116.6));
#6272=CARTESIAN_POINT('',(104.6,0.,116.6));
#6273=CARTESIAN_POINT('Origin',(104.6,0.,27.));
#6274=CARTESIAN_POINT('',(116.6,0.,27.));
#6275=CARTESIAN_POINT('Origin',(116.6,0.,104.6));
#6276=CARTESIAN_POINT('',(116.6,0.,104.6));
#6277=CARTESIAN_POINT('Origin',(104.6,0.,104.6));
#6278=UNCERTAINTY_MEASURE_WITH_UNIT(LENGTH_MEASURE(0.01),#6282,
'DISTANCE_ACCURACY_VALUE',
'Maximum model space distance between geometric entities at asserted c
onnectivities');
#6279=UNCERTAINTY_MEASURE_WITH_UNIT(LENGTH_MEASURE(0.01),#6282,
'DISTANCE_ACCURACY_VALUE',
'Maximum model space distance between geometric entities at asserted c
onnectivities');
#6280=(
GEOMETRIC_REPRESENTATION_CONTEXT(3)
GLOBAL_UNCERTAINTY_ASSIGNED_CONTEXT((#6278))
GLOBAL_UNIT_ASSIGNED_CONTEXT((#6282,#6284,#6285))
REPRESENTATION_CONTEXT('','3D')
);
#6281=(
GEOMETRIC_REPRESENTATION_CONTEXT(3)
GLOBAL_UNCERTAINTY_ASSIGNED_CONTEXT((#6279))
GLOBAL_UNIT_ASSIGNED_CONTEXT((#6282,#6284,#6285))
REPRESENTATION_CONTEXT('','3D')
);
#6282=(
LENGTH_UNIT()
NAMED_UNIT(*)
SI_UNIT(.MILLI.,.METRE.)
);
#6283=(
LENGTH_UNIT()
NAMED_UNIT(*)
SI_UNIT($,.METRE.)
);
#6284=(
NAMED_UNIT(*)
PLANE_ANGLE_UNIT()
SI_UNIT($,.RADIAN.)
);
#6285=(
NAMED_UNIT(*)
SI_UNIT($,.STERADIAN.)
SOLID_ANGLE_UNIT()
);
#6286=SHAPE_DEFINITION_REPRESENTATION(#6287,#6288);
#6287=PRODUCT_DEFINITION_SHAPE('',$,#6290);
#6288=SHAPE_REPRESENTATION('',(#3668),#6280);
#6289=PRODUCT_DEFINITION_CONTEXT('part definition',#6294,'design');
#6290=PRODUCT_DEFINITION('2026-08-13-14-23-54-912','MIMO',#6291,#6289);
#6291=PRODUCT_DEFINITION_FORMATION('',$,#6296);
#6292=PRODUCT_RELATED_PRODUCT_CATEGORY('MIMO','MIMO',(#6296));
#6293=APPLICATION_PROTOCOL_DEFINITION('international standard',
'automotive_design',2009,#6294);
#6294=APPLICATION_CONTEXT(
'Core Data for Automotive Mechanical Design Process');
#6295=PRODUCT_CONTEXT('part definition',#6294,'mechanical');
#6296=PRODUCT('2026-08-13-14-23-54-912','MIMO',$,(#6295));
#6297=PRESENTATION_STYLE_ASSIGNMENT((#6298));
#6298=SURFACE_STYLE_USAGE(.BOTH.,#6299);
#6299=SURFACE_SIDE_STYLE('',(#6300));
#6300=SURFACE_STYLE_FILL_AREA(#6301);
#6301=FILL_AREA_STYLE('Steel - Satin',(#6302));
#6302=FILL_AREA_STYLE_COLOUR('Steel - Satin',#6303);
#6303=COLOUR_RGB('Steel - Satin',0.627450980392157,0.627450980392157,0.627450980392157);
ENDSEC;
END-ISO-10303-21;
